Dataset,Total_Users,Num_UAVs,Algorithm,Fitness,Coverage_Rate,Covered_Users,Energy_Normalized,Interference_Rate,Runtime_Seconds
002_UAV_3D_100_users_connect.csv,100,4,GA,0.447119472650344,1.0,100,0.7244026367482799,0.04,0.41223339998396114
002_UAV_3D_100_users_connect.csv,100,4,PSO,0.4555205242469087,1.0,100,0.6823973787654563,0.04,0.3252585000009276
002_UAV_3D_100_users_connect.csv,100,4,WOA,0.4658836222846888,1.0,100,0.6705818885765557,0.0,0.33660739997867495
002_UAV_3D_100_users_connect.csv,100,4,H-PSO-GA,0.4512480979180737,0.99,99,0.6737595104096313,0.04,0.44167569995624945
002_UAV_3D_100_users_connect.csv,100,4,H-WOA-PSO,0.43852001981403754,1.0,100,0.7173999009298119,0.09,0.3482367000542581
002_UAV_3D_100_users_connect.csv,100,4,I-WOA,0.3850198277625839,1.0,100,0.6949008611870802,0.38,2.8052471000119112
001_UAV_3D_50_users_connect.csv,50,4,GA,0.45034362447529885,1.0,50,0.7082818776235054,0.04,0.4244460999616422
001_UAV_3D_50_users_connect.csv,50,4,PSO,0.45022516556291386,1.0,50,0.6688741721854304,0.08,0.30700699996668845
001_UAV_3D_50_users_connect.csv,50,4,WOA,0.44189238299216477,1.0,50,0.750538085039176,0.04,0.3327012999798171
001_UAV_3D_50_users_connect.csv,50,4,H-PSO-GA,0.45822513833888034,1.0,50,0.668874308305598,0.04,0.43215549999149516
001_UAV_3D_50_users_connect.csv,50,4,H-WOA-PSO,0.45022516556291386,1.0,50,0.6688741721854304,0.08,0.3656545000267215
001_UAV_3D_50_users_connect.csv,50,4,I-WOA,0.4622251655629139,1.0,50,0.6688741721854304,0.02,2.9648682000115514
012_UAV_3D_100_users_connect.csv,100,4,GA,0.45171418065685787,1.0,100,0.7014290967157105,0.04,0.3617338000331074
012_UAV_3D_100_users_connect.csv,100,4,PSO,0.4590957157890454,1.0,100,0.674521421054773,0.03,0.3210990999941714
012_UAV_3D_100_users_connect.csv,100,4,WOA,0.45422516556291387,0.99,99,0.6688741721854304,0.03,0.35956730000907555
012_UAV_3D_100_users_connect.csv,100,4,H-PSO-GA,0.454191878157695,0.99,99,0.6690406092115249,0.03,0.4054057000321336
012_UAV_3D_100_users_connect.csv,100,4,H-WOA-PSO,0.45422516556291387,0.99,99,0.6688741721854304,0.03,0.43303700000979006
012_UAV_3D_100_users_connect.csv,100,4,I-WOA,0.45422516556291387,0.99,99,0.6688741721854304,0.03,2.9400304000009783
011_UAV_3D_50_users_connect.csv,50,4,GA,0.4518377185659904,1.0,50,0.7208114071700477,0.02,0.35245330003090203
011_UAV_3D_50_users_connect.csv,50,4,PSO,0.45620980631628116,1.0,50,0.6789509684185938,0.04,0.30080520000774413
011_UAV_3D_50_users_connect.csv,50,4,WOA,0.45840890003411006,1.0,50,0.7079554998294495,0.0,0.3389922000351362
011_UAV_3D_50_users_connect.csv,50,4,H-PSO-GA,0.4604935015062578,1.0,50,0.6775324924687107,0.02,0.38619250000920147
011_UAV_3D_50_users_connect.csv,50,4,H-WOA-PSO,0.45862030388834407,1.0,50,0.7068984805582793,0.0,0.3776689000078477
011_UAV_3D_50_users_connect.csv,50,4,I-WOA,0.4646999717094422,1.0,50,0.6765001414527886,0.0,3.1351227999548428
003_UAV_3D_150_users_connect.csv,150,4,GA,0.4219591865718408,1.0,150,0.6835374004741293,0.20666666666666667,0.43561389995738864
003_UAV_3D_150_users_connect.csv,150,4,PSO,0.4244732043722871,1.0,150,0.6709673114718977,0.20666666666666667,0.34333470003912225
003_UAV_3D_150_users_connect.csv,150,4,WOA,0.4222251655629139,0.9933333333333333,149,0.6688741721854304,0.2,0.3579918000032194
003_UAV_3D_150_users_connect.csv,150,4,H-PSO-GA,0.4246178218028146,1.0,150,0.6769108909859269,0.2,0.4635901000001468
003_UAV_3D_150_users_connect.csv,150,4,H-WOA-PSO,0.4222251655629139,0.9933333333333333,149,0.6688741721854304,0.2,0.4915432999841869
003_UAV_3D_150_users_connect.csv,150,4,I-WOA,0.45932764539226967,1.0,150,0.6833617730386514,0.02,3.5841161999851465
004_UAV_3D_200_users_connect.csv,200,4,GA,0.4519826298567107,1.0,200,0.6800868507164461,0.06,0.4465990000171587
004_UAV_3D_200_users_connect.csv,200,4,PSO,0.45622516556291387,1.0,200,0.6688741721854304,0.05,0.3605257999734022
004_UAV_3D_200_users_connect.csv,200,4,WOA,0.4557914351997333,1.0,200,0.6760428240013334,0.045,0.4429765999666415
004_UAV_3D_200_users_connect.csv,200,4,H-PSO-GA,0.4571103060605497,1.0,200,0.6694484696972514,0.045,0.44304410001495853
004_UAV_3D_200_users_connect.csv,200,4,H-WOA-PSO,0.39222516556291387,0.995,199,0.6688741721854304,0.355,0.5182689999928698
004_UAV_3D_200_users_connect.csv,200,4,I-WOA,0.45327830989114004,1.0,200,0.6786084505442996,0.055,3.4581713000079617
005_UAV_3D_250_users_connect.csv,250,4,GA,0.4413038043213618,0.996,249,0.693480978393191,0.088,0.4571853999514133
005_UAV_3D_250_users_connect.csv,250,4,PSO,0.4270177536911547,0.992,248,0.6809112315442262,0.16,0.36379450000822544
005_UAV_3D_250_users_connect.csv,250,4,WOA,0.4374481070799482,0.984,246,0.6727594646002588,0.092,0.45684639998944476
005_UAV_3D_250_users_connect.csv,250,4,H-PSO-GA,0.41945527841108315,0.996,249,0.7067236079445844,0.184,0.4449447999941185
005_UAV_3D_250_users_connect.csv,250,4,H-WOA-PSO,0.42848375443153075,1.0,250,0.6975812278423461,0.16,0.568810399970971
005_UAV_3D_250_users_connect.csv,250,4,I-WOA,0.41986009886718445,1.0,250,0.7246995056640774,0.176,3.750295800040476
006_UAV_3D_300_users_connect.csv,300,4,GA,0.44702575008150264,1.0,300,0.7048712495924866,0.06,0.46304579998832196
006_UAV_3D_300_users_connect.csv,300,4,PSO,0.45366799401288815,1.0,300,0.6916600299355591,0.04,0.37836010003229603
006_UAV_3D_300_users_connect.csv,300,4,WOA,0.4539691329514307,1.0,300,0.6901543352428462,0.04,0.4438760000048205
006_UAV_3D_300_users_connect.csv,300,4,H-PSO-GA,0.4531428793061602,1.0,300,0.6976189368025321,0.03666666666666667,0.448066100012511
006_UAV_3D_300_users_connect.csv,300,4,H-WOA-PSO,0.4475584988962472,0.98,294,0.6688741721854304,0.03333333333333333,0.6165911999996752
006_UAV_3D_300_users_connect.csv,300,4,I-WOA,0.4468918322295805,0.98,294,0.6688741721854304,0.03666666666666667,4.627499800000805
007_UAV_3D_350_users_connect.csv,350,4,GA,0.41944216407446816,0.9942857142857143,348,0.7056463224848019,0.18,0.4782922000158578
007_UAV_3D_350_users_connect.csv,350,4,PSO,0.44606369057038686,0.9885714285714285,346,0.6782529757194936,0.05714285714285714,0.3915025999885984
007_UAV_3D_350_users_connect.csv,350,4,WOA,0.442741583710038,0.9885714285714285,346,0.6862920814498098,0.06571428571428571,0.47452240000711754
007_UAV_3D_350_users_connect.csv,350,4,H-PSO-GA,0.44464545147629253,0.9942857142857143,348,0.7024870283328227,0.05714285714285714,0.48046240000985563
007_UAV_3D_350_users_connect.csv,350,4,H-WOA-PSO,0.4477361176078745,1.0,350,0.6927479833891984,0.06857142857142857,0.6585598000092432
007_UAV_3D_350_users_connect.csv,350,4,I-WOA,0.4444442933537787,0.9914285714285714,347,0.6892071046596778,0.06285714285714286,4.9316647000378
008_UAV_3D_400_users_connect.csv,400,4,GA,0.4254620180211087,0.995,398,0.7401899098944561,0.1175,0.4741723000188358
008_UAV_3D_400_users_connect.csv,400,4,PSO,0.4404631117871039,1.0,400,0.6801844410644801,0.1175,0.4365528999478556
008_UAV_3D_400_users_connect.csv,400,4,WOA,0.4270754179446224,0.985,394,0.7521229102768879,0.0675,0.4602135999593884
008_UAV_3D_400_users_connect.csv,400,4,H-PSO-GA,0.4468082550225767,1.0,400,0.670958724887116,0.095,0.5282507999800146
008_UAV_3D_400_users_connect.csv,400,4,H-WOA-PSO,0.43326529531228763,1.0,400,0.7436735234385615,0.09,0.6974095999612473
008_UAV_3D_400_users_connect.csv,400,4,I-WOA,0.4473811300577169,0.9975,399,0.6780943497114154,0.0775,6.152744900027756
009_UAV_3D_450_users_connect.csv,450,4,GA,0.4402151410438892,0.9955555555555555,448,0.692257628113887,0.09333333333333334,0.5165088000358082
009_UAV_3D_450_users_connect.csv,450,4,PSO,0.44675352675128177,0.9911111111111112,446,0.6706768106880355,0.06888888888888889,0.42210879997583106
009_UAV_3D_450_users_connect.csv,450,4,WOA,0.4367140072395156,0.9866666666666667,444,0.698652186024644,0.07777777777777778,0.5385241000331007
009_UAV_3D_450_users_connect.csv,450,4,H-PSO-GA,0.44419563201586065,0.9955555555555555,448,0.6945773954762519,0.07111111111111111,0.5810794999706559
009_UAV_3D_450_users_connect.csv,450,4,H-WOA-PSO,0.44560570754336976,0.9933333333333333,447,0.6786381289498176,0.07333333333333333,0.7345647999900393
009_UAV_3D_450_users_connect.csv,450,4,I-WOA,0.4402341307838462,0.9866666666666667,444,0.692162679414102,0.06666666666666667,6.04048020002665
013_UAV_3D_150_users_connect.csv,150,4,GA,0.44687196512771876,1.0,150,0.6856401743614061,0.08,0.4473615000024438
013_UAV_3D_150_users_connect.csv,150,4,PSO,0.45422516556291387,0.9933333333333333,149,0.6688741721854304,0.04,0.37126009998610243
013_UAV_3D_150_users_connect.csv,150,4,WOA,0.45448732417810384,1.0,150,0.6808967124428139,0.04666666666666667,0.3646520000183955
013_UAV_3D_150_users_connect.csv,150,4,H-PSO-GA,0.45534121022763835,0.9933333333333333,149,0.6699606155284747,0.03333333333333333,0.420966999954544
013_UAV_3D_150_users_connect.csv,150,4,H-WOA-PSO,0.45512589024949907,0.9933333333333333,149,0.6710372154191713,0.03333333333333333,0.41844090004451573
013_UAV_3D_150_users_connect.csv,150,4,I-WOA,0.45673577523073444,1.0,150,0.669654457179661,0.04666666666666667,4.047848100017291
014_UAV_3D_200_users_connect.csv,200,4,GA,0.4417263261534726,0.995,199,0.7113683692326368,0.065,0.5561366000329144
014_UAV_3D_200_users_connect.csv,200,4,PSO,0.3914473998042605,0.985,197,0.7027630009786974,0.295,0.4538948000408709
014_UAV_3D_200_users_connect.csv,200,4,WOA,0.4631016561323633,1.0,200,0.6694917193381832,0.015,0.37606330000562593
014_UAV_3D_200_users_connect.csv,200,4,H-PSO-GA,0.4544452051308819,1.0,200,0.6777739743455904,0.05,0.4232272999943234
014_UAV_3D_200_users_connect.csv,200,4,H-WOA-PSO,0.4632251655629139,1.0,200,0.6688741721854304,0.015,0.4109965999959968
014_UAV_3D_200_users_connect.csv,200,4,I-WOA,0.4434711173937288,0.995,199,0.7226444130313558,0.045,3.8807297000312246
015_UAV_3D_250_users_connect.csv,250,4,GA,0.4430265060800105,0.996,249,0.6888674695999477,0.084,0.4568648999556899
015_UAV_3D_250_users_connect.csv,250,4,PSO,0.4429706021758504,0.992,248,0.6851469891207479,0.076,0.38838849996682256
015_UAV_3D_250_users_connect.csv,250,4,WOA,0.43944580308786346,0.984,246,0.682770984560682,0.072,0.39473469997756183
015_UAV_3D_250_users_connect.csv,250,4,H-PSO-GA,0.4434949068222772,0.988,247,0.6745254658886137,0.072,0.4495466999942437
015_UAV_3D_250_users_connect.csv,250,4,H-WOA-PSO,0.4461977956617272,0.992,248,0.6770110216913638,0.068,0.4351042999769561
015_UAV_3D_250_users_connect.csv,250,4,I-WOA,0.4442966293820279,0.992,248,0.6785168530898602,0.076,3.880610699998215
010_UAV_3D_500_users_connect.csv,500,4,GA,0.4440039106857811,1.0,500,0.7119804465710942,0.068,0.5140182000468485
010_UAV_3D_500_users_connect.csv,500,4,PSO,0.4581208924799876,0.996,498,0.669395537600062,0.028,0.4626776000368409
010_UAV_3D_500_users_connect.csv,500,4,WOA,0.43933837162747047,0.998,499,0.7313081418626475,0.066,0.5182262000162154
010_UAV_3D_500_users_connect.csv,500,4,H-PSO-GA,0.4553623999848052,0.996,498,0.6711880000759741,0.04,0.6243622000329196
010_UAV_3D_500_users_connect.csv,500,4,H-WOA-PSO,0.4443855565522093,0.998,499,0.7200722172389535,0.052,0.8114871000288986
010_UAV_3D_500_users_connect.csv,500,4,I-WOA,0.4489895763268229,0.998,499,0.6990521183658852,0.05,8.361835600051563
021_UAV_3D_50_users_connect.csv,50,4,GA,0.4554715689568127,1.0,50,0.7026421552159364,0.02,0.8510077000246383
021_UAV_3D_50_users_connect.csv,50,4,PSO,0.39022516556291387,1.0,50,0.6688741721854304,0.38,0.6036431000102311
021_UAV_3D_50_users_connect.csv,50,4,WOA,0.4619401748942886,1.0,50,0.6702991255285569,0.02,0.6388331999769434
021_UAV_3D_50_users_connect.csv,50,4,H-PSO-GA,0.39022516556291387,1.0,50,0.6688741721854304,0.38,0.6931429000105709
021_UAV_3D_50_users_connect.csv,50,4,H-WOA-PSO,0.39022516556291387,1.0,50,0.6688741721854304,0.38,0.37862929998664185
021_UAV_3D_50_users_connect.csv,50,4,I-WOA,0.44741816532596157,1.0,50,0.7629091733701919,0.0,1.4421426000189967
022_UAV_3D_100_users_connect.csv,100,4,GA,0.4275884765494697,1.0,100,0.6820576172526516,0.18,0.7574037999729626
022_UAV_3D_100_users_connect.csv,100,4,PSO,0.42965072857498177,1.0,100,0.6817463571250907,0.17,0.6046481999801472
022_UAV_3D_100_users_connect.csv,100,4,WOA,0.4288058073580493,1.0,100,0.6859709632097533,0.17,0.35060669999802485
022_UAV_3D_100_users_connect.csv,100,4,H-PSO-GA,0.4279353544369327,1.0,100,0.6803232278153363,0.18,0.3999624999705702
022_UAV_3D_100_users_connect.csv,100,4,H-WOA-PSO,0.4262251655629139,0.99,99,0.6688741721854304,0.17,0.3970425000297837
022_UAV_3D_100_users_connect.csv,100,4,I-WOA,0.4266519783056114,1.0,100,0.6767401084719424,0.19,1.4306732999975793
016_UAV_3D_300_users_connect.csv,300,4,GA,0.41375682634962957,1.0,300,0.691215868251852,0.24,0.5824085000203922
016_UAV_3D_300_users_connect.csv,300,4,PSO,0.4182358444231226,0.9966666666666667,299,0.6854874445510535,0.21333333333333335,0.4536501999828033
016_UAV_3D_300_users_connect.csv,300,4,WOA,0.4540181986536324,1.0,300,0.7065756733985044,0.023333333333333334,0.5620407999958843
016_UAV_3D_300_users_connect.csv,300,4,H-PSO-GA,0.41692981672224033,0.9966666666666667,299,0.6853509163887982,0.22,0.7420524000190198
016_UAV_3D_300_users_connect.csv,300,4,H-WOA-PSO,0.42196729836617813,1.0,300,0.6768301748357756,0.21333333333333335,1.0050064999959432
016_UAV_3D_300_users_connect.csv,300,4,I-WOA,0.41413118722061065,1.0,300,0.7126773972302799,0.21666666666666667,4.901476599974558
018_UAV_3D_400_users_connect.csv,400,4,GA,0.42145103228380304,1.0,400,0.7602448385809845,0.1325,0.5541529000038281
018_UAV_3D_400_users_connect.csv,400,4,PSO,0.4512229887534471,0.9925,397,0.6688850562327646,0.0525,0.6430212000268511
018_UAV_3D_400_users_connect.csv,400,4,WOA,0.4269612588400906,0.9975,399,0.7126937057995472,0.145,0.7320908999536186
018_UAV_3D_400_users_connect.csv,400,4,H-PSO-GA,0.4558548563203107,0.9975,399,0.6707257183984466,0.0425,1.0806892000255175
018_UAV_3D_400_users_connect.csv,400,4,H-WOA-PSO,0.43963529098267506,0.9975,399,0.7293235450866248,0.065,0.958455900021363
018_UAV_3D_400_users_connect.csv,400,4,I-WOA,0.452944181272983,0.9975,399,0.6852790936350851,0.0425,5.047866100037936
017_UAV_3D_350_users_connect.csv,350,4,GA,0.4386486105409629,0.9971428571428571,349,0.7124712330094709,0.08571428571428572,0.5421357000013813
017_UAV_3D_350_users_connect.csv,350,4,PSO,0.45186734787829963,1.0,350,0.6692346891799302,0.07142857142857142,0.6037035000044852
017_UAV_3D_350_users_connect.csv,350,4,WOA,0.4495368227524927,0.9971428571428571,349,0.6751730290946787,0.06857142857142857,0.6662410999997519
017_UAV_3D_350_users_connect.csv,350,4,H-PSO-GA,0.4426730633900373,1.0,350,0.7037775401926706,0.08285714285714285,1.0827401999849826
017_UAV_3D_350_users_connect.csv,350,4,H-WOA-PSO,0.443362139075662,0.9971428571428571,349,0.7346178760502607,0.04,0.8940131000126712
017_UAV_3D_350_users_connect.csv,350,4,I-WOA,0.44354582844534124,0.9971428571428571,349,0.6794137149161504,0.09428571428571429,5.443535900034476
023_UAV_3D_150_users_connect.csv,150,4,GA,0.4370027208222011,1.0,150,0.6816530625556612,0.13333333333333333,0.7576950999791734
023_UAV_3D_150_users_connect.csv,150,4,PSO,0.45422516556291387,1.0,150,0.6688741721854304,0.06,0.6695035999873653
023_UAV_3D_150_users_connect.csv,150,4,WOA,0.44076219487024965,0.9933333333333333,149,0.6828556923154183,0.09333333333333334,0.5340693999896757
023_UAV_3D_150_users_connect.csv,150,4,H-PSO-GA,0.4498216882339049,1.0,150,0.6708915588304754,0.08,0.5595537999761291
023_UAV_3D_150_users_connect.csv,150,4,H-WOA-PSO,0.45422516556291387,1.0,150,0.6688741721854304,0.06,0.550536299997475
023_UAV_3D_150_users_connect.csv,150,4,I-WOA,0.45404078371833495,1.0,150,0.6764627480749918,0.05333333333333334,3.0691824999521486
020_UAV_3D_500_users_connect.csv,500,4,GA,0.40977584036835907,0.998,499,0.6911207981582047,0.254,1.0011984999873675
020_UAV_3D_500_users_connect.csv,500,4,PSO,0.4165062425843963,1.0,500,0.7014687870780184,0.216,0.8822309999959543
020_UAV_3D_500_users_connect.csv,500,4,WOA,0.4034184997211835,0.974,487,0.6689075013940821,0.236,0.8103082999587059
020_UAV_3D_500_users_connect.csv,500,4,H-PSO-GA,0.41523538147477657,1.0,500,0.7018230926261171,0.222,0.8943800999550149
020_UAV_3D_500_users_connect.csv,500,4,H-WOA-PSO,0.4175490421825691,1.0,500,0.6982547890871542,0.214,0.7044014999992214
020_UAV_3D_500_users_connect.csv,500,4,I-WOA,0.418807241159879,0.994,497,0.6699637942006049,0.218,4.919316299958155
024_UAV_3D_200_users_connect.csv,200,4,GA,0.4263357740169835,1.0,200,0.7933211299150821,0.075,0.5619938999880105
024_UAV_3D_200_users_connect.csv,200,4,PSO,0.44722516556291386,0.99,198,0.6688741721854304,0.065,0.518722600012552
024_UAV_3D_200_users_connect.csv,200,4,WOA,0.44928097761130914,1.0,200,0.6785951119434541,0.075,0.5052457000128925
024_UAV_3D_200_users_connect.csv,200,4,H-PSO-GA,0.4573607321778223,1.0,200,0.6731963391108883,0.04,0.7151658000075258
024_UAV_3D_200_users_connect.csv,200,4,H-WOA-PSO,0.4483967278860702,1.0,200,0.7230163605696489,0.035,0.679364399984479
024_UAV_3D_200_users_connect.csv,200,4,I-WOA,0.4441883300339914,1.0,200,0.7140583498300429,0.065,3.1785167999914847
019_UAV_3D_450_users_connect.csv,450,4,GA,0.44929864385435136,1.0,450,0.6935067807282428,0.06,0.6924923000042327
019_UAV_3D_450_users_connect.csv,450,4,PSO,0.45224566971961644,1.0,450,0.6809938736241398,0.057777777777777775,0.6905031999922357
019_UAV_3D_450_users_connect.csv,450,4,WOA,0.4518663791334422,0.9977777777777778,449,0.6762236598883445,0.057777777777777775,0.9683317000162788
019_UAV_3D_450_users_connect.csv,450,4,H-PSO-GA,0.45084179970411575,1.0,450,0.685791001479421,0.06,0.9377243000199087
019_UAV_3D_450_users_connect.csv,450,4,H-WOA-PSO,0.4510760727314524,0.9955555555555555,448,0.6735085252316266,0.057777777777777775,0.9155884999781847
019_UAV_3D_450_users_connect.csv,450,4,I-WOA,0.45138277090733014,1.0,450,0.6830861454633489,0.06,6.818812099983916
025_UAV_3D_250_users_connect.csv,250,4,GA,0.44467789933268076,1.0,250,0.728610503336596,0.048,0.5988289999659173
025_UAV_3D_250_users_connect.csv,250,4,PSO,0.4538992914352458,1.0,250,0.6985035428237707,0.032,0.510137900011614
025_UAV_3D_250_users_connect.csv,250,4,WOA,0.44655223384476167,0.996,249,0.7112388307761918,0.044,0.6055144999991171
025_UAV_3D_250_users_connect.csv,250,4,H-PSO-GA,0.4477867960978517,0.996,249,0.7050660195107417,0.044,0.7289990000426769
025_UAV_3D_250_users_connect.csv,250,4,H-WOA-PSO,0.4587236138256723,1.0,250,0.6863819308716382,0.02,0.7088225999614224
025_UAV_3D_250_users_connect.csv,250,4,I-WOA,0.4324730650027976,1.0,250,0.7416346749860119,0.096,3.371557099977508
031_UAV_3D_50_users_connect.csv,50,4,GA,0.4449035331429987,1.0,50,0.6754823342850065,0.1,0.6302266999846324
031_UAV_3D_50_users_connect.csv,50,4,PSO,0.45021265967944213,1.0,50,0.6689367016027891,0.08,0.519423599995207
031_UAV_3D_50_users_connect.csv,50,4,WOA,0.4501621545095196,1.0,50,0.6691892274524018,0.08,0.6013823000248522
031_UAV_3D_50_users_connect.csv,50,4,H-PSO-GA,0.4501449773284734,1.0,50,0.6692751133576327,0.08,0.642720699950587
031_UAV_3D_50_users_connect.csv,50,4,H-WOA-PSO,0.45022516556291386,1.0,50,0.6688741721854304,0.08,0.6809464999823831
031_UAV_3D_50_users_connect.csv,50,4,I-WOA,0.4443848349842605,1.0,50,0.6980758250786971,0.08,1.6793976000044495
026_UAV_3D_300_users_connect.csv,300,4,GA,0.42327806838062365,0.9833333333333333,295,0.7069429914302149,0.12666666666666668,0.4558593000401743
026_UAV_3D_300_users_connect.csv,300,4,PSO,0.44145108110652576,0.9933333333333333,298,0.6827445944673711,0.09,0.393588799983263
026_UAV_3D_300_users_connect.csv,300,4,WOA,0.4165971612541359,0.99,297,0.6703475270626538,0.21666666666666667,0.4039496000041254
026_UAV_3D_300_users_connect.csv,300,4,H-PSO-GA,0.41776669577285963,1.0,300,0.684499854469035,0.22666666666666666,0.45652639999752864
026_UAV_3D_300_users_connect.csv,300,4,H-WOA-PSO,0.41916354703520026,1.0,300,0.6841822648239987,0.22,0.4514121999964118
026_UAV_3D_300_users_connect.csv,300,4,I-WOA,0.41574310364134354,0.9933333333333333,298,0.6712844817932824,0.23,6.4425038999761455
032_UAV_3D_100_users_connect.csv,100,4,GA,0.4417706960873663,1.0,100,0.7211465195631684,0.07,0.6367452999693342
032_UAV_3D_100_users_connect.csv,100,4,PSO,0.4602251655629139,1.0,100,0.6688741721854304,0.03,0.5594433000078425
032_UAV_3D_100_users_connect.csv,100,4,WOA,0.4472221759083469,1.0,100,0.7338891204582652,0.03,0.5763474000268616
032_UAV_3D_100_users_connect.csv,100,4,H-PSO-GA,0.45681763847863477,1.0,100,0.685911807606826,0.03,0.7037056999979541
032_UAV_3D_100_users_connect.csv,100,4,H-WOA-PSO,0.45643268871722054,1.0,100,0.677836556413897,0.04,0.6632474000216462
032_UAV_3D_100_users_connect.csv,100,4,I-WOA,0.4441049429906468,1.0,100,0.7494752850467659,0.03,1.8659124000114389
027_UAV_3D_350_users_connect.csv,350,4,GA,0.44476886359629864,1.0,350,0.7190128248756493,0.05714285714285714,0.6314330999739468
027_UAV_3D_350_users_connect.csv,350,4,PSO,0.4325272558966671,0.9771428571428571,342,0.6716494348023785,0.09714285714285714,0.6543099000118673
027_UAV_3D_350_users_connect.csv,350,4,WOA,0.44641220611915966,0.9914285714285714,347,0.7050818265470589,0.037142857142857144,0.6797091999906115
027_UAV_3D_350_users_connect.csv,350,4,H-PSO-GA,0.4344621715643633,0.9857142857142858,345,0.7019748564638977,0.08285714285714285,0.7218454999965616
027_UAV_3D_350_users_connect.csv,350,4,H-WOA-PSO,0.4312657445502897,0.9742857142857143,341,0.6693855629628369,0.09714285714285714,0.7293214999954216
027_UAV_3D_350_users_connect.csv,350,4,I-WOA,0.4365519788817629,0.9942857142857143,348,0.7429543913054709,0.05714285714285714,5.264231200038921
033_UAV_3D_150_users_connect.csv,150,4,GA,0.4391916589077102,1.0,150,0.7107083721281156,0.09333333333333334,0.6754655999829993
033_UAV_3D_150_users_connect.csv,150,4,PSO,0.4498266383175644,1.0,150,0.6708668084121778,0.08,0.5164404999813996
033_UAV_3D_150_users_connect.csv,150,4,WOA,0.46350335753896416,1.0,150,0.669149878971846,0.013333333333333334,0.3545799999847077
033_UAV_3D_150_users_connect.csv,150,4,H-PSO-GA,0.4486306381941376,1.0,150,0.6768468090293116,0.08,0.41262339998502284
033_UAV_3D_150_users_connect.csv,150,4,H-WOA-PSO,0.4527792078451011,1.0,150,0.7027706274411611,0.03333333333333333,0.43904800002928823
033_UAV_3D_150_users_connect.csv,150,4,I-WOA,0.4467031962073505,1.0,150,0.6931506856299141,0.07333333333333333,3.193566699977964
030_UAV_3D_500_users_connect.csv,500,4,GA,0.44328952759693363,0.994,497,0.6855523620153314,0.08,0.6002141000353731
030_UAV_3D_500_users_connect.csv,500,4,PSO,0.4466682841696841,0.998,499,0.6806585791515792,0.08,0.44702399999368936
030_UAV_3D_500_users_connect.csv,500,4,WOA,0.4471646873962982,0.992,496,0.6741765630185085,0.066,0.4535440999898128
030_UAV_3D_500_users_connect.csv,500,4,H-PSO-GA,0.4453229501086685,0.998,499,0.6913852494566575,0.076,0.5217062000301667
030_UAV_3D_500_users_connect.csv,500,4,H-WOA-PSO,0.44902516556291383,0.992,496,0.6688741721854304,0.062,0.4957076000282541
030_UAV_3D_500_users_connect.csv,500,4,I-WOA,0.4464588991401875,0.99,495,0.6757055042990622,0.062,5.663700799981598
028_UAV_3D_400_users_connect.csv,400,4,GA,0.4504979277371592,0.995,398,0.6750103613142039,0.0575,0.7590883999946527
028_UAV_3D_400_users_connect.csv,400,4,PSO,0.4520704612095779,0.995,398,0.6821476939521103,0.0425,0.7012887999881059
028_UAV_3D_400_users_connect.csv,400,4,WOA,0.44052410530565056,0.9975,399,0.7373794734717473,0.0525,0.6225005000014789
028_UAV_3D_400_users_connect.csv,400,4,H-PSO-GA,0.4300819197290795,0.995,398,0.6695904013546023,0.165,0.8077501999796368
028_UAV_3D_400_users_connect.csv,400,4,H-WOA-PSO,0.4230478389619507,0.995,398,0.6847608051902465,0.185,0.7920164000242949
028_UAV_3D_400_users_connect.csv,400,4,I-WOA,0.4195878712157557,0.9975,399,0.6945606439212213,0.2,6.697503100032918
034_UAV_3D_200_users_connect.csv,200,4,GA,0.38774637315357147,1.0,200,0.6962681342321425,0.365,0.7224118000012822
034_UAV_3D_200_users_connect.csv,200,4,PSO,0.45543308296669505,1.0,200,0.6828345851665246,0.04,0.6896997999865562
034_UAV_3D_200_users_connect.csv,200,4,WOA,0.4569869246012628,0.995,199,0.675065376993686,0.025,0.5853173000505194
034_UAV_3D_200_users_connect.csv,200,4,H-PSO-GA,0.4505636011729506,1.0,200,0.6921819941352467,0.055,0.8346014000126161
034_UAV_3D_200_users_connect.csv,200,4,H-WOA-PSO,0.44238445778994184,1.0,200,0.7380777110502906,0.05,0.7799688999657519
034_UAV_3D_200_users_connect.csv,200,4,I-WOA,0.43840968034185135,1.0,200,0.7579515982907429,0.05,3.329516700003296
041_UAV_3D_50_users_connect.csv,50,4,GA,0.4047530108333596,1.0,50,0.6962349458332018,0.28,0.3849035000312142
041_UAV_3D_50_users_connect.csv,50,4,PSO,0.4622251655629139,1.0,50,0.6688741721854304,0.02,0.331339200027287
041_UAV_3D_50_users_connect.csv,50,4,WOA,0.4619823955760669,1.0,50,0.6700880221196653,0.02,0.34866919997148216
041_UAV_3D_50_users_connect.csv,50,4,H-PSO-GA,0.4611616780449976,1.0,50,0.6741916097750119,0.02,0.38891869998769835
041_UAV_3D_50_users_connect.csv,50,4,H-WOA-PSO,0.45480287302130906,1.0,50,0.7059856348934545,0.02,0.39228209998691455
041_UAV_3D_50_users_connect.csv,50,4,I-WOA,0.4566945451591008,1.0,50,0.6965272742044957,0.02,1.5243766999919899
035_UAV_3D_250_users_connect.csv,250,4,GA,0.45000650006128295,1.0,250,0.7099674996935851,0.04,0.7774007999687456
035_UAV_3D_250_users_connect.csv,250,4,PSO,0.4545188964331483,0.996,249,0.6754055178342585,0.04,0.5713683000067249
035_UAV_3D_250_users_connect.csv,250,4,WOA,0.44481236305679006,1.0,250,0.7159381847160496,0.06,0.7184097000281326
035_UAV_3D_250_users_connect.csv,250,4,H-PSO-GA,0.45319319356481186,1.0,250,0.6900340321759408,0.044,0.7902344000176527
035_UAV_3D_250_users_connect.csv,250,4,H-WOA-PSO,0.45342516556291385,0.992,248,0.6688741721854304,0.04,0.7360662000137381
035_UAV_3D_250_users_connect.csv,250,4,I-WOA,0.4503946975232514,1.0,250,0.6960265123837428,0.052,3.0962597000179812
029_UAV_3D_450_users_connect.csv,450,4,GA,0.45259643016921725,1.0,450,0.6881289602650248,0.04888888888888889,0.811892900033854
029_UAV_3D_450_users_connect.csv,450,4,PSO,0.4544487691947183,0.9977777777777778,449,0.6788672651375196,0.042222222222222223,0.6412604000070132
029_UAV_3D_450_users_connect.csv,450,4,WOA,0.4543704853759784,1.0,450,0.6837031286756635,0.044444444444444446,0.7258165999664925
029_UAV_3D_450_users_connect.csv,450,4,H-PSO-GA,0.45276368337230866,0.9977777777777778,449,0.6784038053606789,0.051111111111111114,0.7972253999905661
029_UAV_3D_450_users_connect.csv,450,4,H-WOA-PSO,0.45504160152516837,0.9955555555555555,448,0.6714586590408245,0.04,0.9110454000183381
029_UAV_3D_450_users_connect.csv,450,4,I-WOA,0.45222710406739747,0.9933333333333333,447,0.6788644796630124,0.04,7.157230899960268
042_UAV_3D_100_users_connect.csv,100,4,GA,0.4368250082038285,1.0,100,0.735874958980857,0.08,0.6980467999819666
042_UAV_3D_100_users_connect.csv,100,4,PSO,0.4522586921250302,1.0,100,0.6887065393748488,0.05,0.5720193000161089
042_UAV_3D_100_users_connect.csv,100,4,WOA,0.43930198720433866,1.0,100,0.7434900639783065,0.06,0.6427758999634534
042_UAV_3D_100_users_connect.csv,100,4,H-PSO-GA,0.45426226127439523,1.0,100,0.6786886936280236,0.05,0.42203200003132224
042_UAV_3D_100_users_connect.csv,100,4,H-WOA-PSO,0.4602251655629139,0.99,99,0.6688741721854304,0.0,0.42568579997168854
042_UAV_3D_100_users_connect.csv,100,4,I-WOA,0.4660892571501625,1.0,100,0.6695537142491873,0.0,0.8451428000116721
036_UAV_3D_300_users_connect.csv,300,4,GA,0.4487760013288872,1.0,300,0.706119993355564,0.05,0.8127270999830216
036_UAV_3D_300_users_connect.csv,300,4,PSO,0.4516615810337852,1.0,300,0.6916920948310737,0.05,0.6209285999648273
036_UAV_3D_300_users_connect.csv,300,4,WOA,0.4406170118033509,0.99,297,0.6869149409832452,0.08,0.859294299967587
036_UAV_3D_300_users_connect.csv,300,4,H-PSO-GA,0.45001244628129133,1.0,300,0.6999377685935432,0.05,0.8618610000121407
036_UAV_3D_300_users_connect.csv,300,4,H-WOA-PSO,0.45100149423971997,1.0,300,0.6916591954680669,0.05333333333333334,0.8618352999910712
036_UAV_3D_300_users_connect.csv,300,4,I-WOA,0.44854830636809045,1.0,300,0.7072584681595475,0.05,4.003349200007506
037_UAV_3D_350_users_connect.csv,350,4,GA,0.45015220112405685,1.0,350,0.7063818515225727,0.04285714285714286,0.7434701999882236
037_UAV_3D_350_users_connect.csv,350,4,PSO,0.4468674688073187,0.9942857142857143,348,0.6799483702491204,0.06857142857142857,0.7206631999579258
037_UAV_3D_350_users_connect.csv,350,4,WOA,0.4513850012859194,1.0,350,0.7002178507132599,0.04285714285714286,0.7502578999847174
037_UAV_3D_350_users_connect.csv,350,4,H-PSO-GA,0.44450934041353257,0.9971428571428571,349,0.7031675836466225,0.06571428571428571,0.5058045000187121
037_UAV_3D_350_users_connect.csv,350,4,H-WOA-PSO,0.4467477626074068,0.9942857142857143,348,0.68054690124868,0.06857142857142857,0.65197960002115
037_UAV_3D_350_users_connect.csv,350,4,I-WOA,0.44774113762448436,1.0,350,0.7070085975918639,0.054285714285714284,4.511338200012688
038_UAV_3D_400_users_connect.csv,400,4,GA,0.4438717469747263,0.9975,399,0.7081412651263684,0.065,0.8855231999768876
038_UAV_3D_400_users_connect.csv,400,4,PSO,0.4341848641182144,0.995,398,0.7190756794089278,0.095,0.8559918000246398
038_UAV_3D_400_users_connect.csv,400,4,WOA,0.4542183292843693,0.995,398,0.6714083535781534,0.0425,0.742025499988813
038_UAV_3D_400_users_connect.csv,400,4,H-PSO-GA,0.4263221452449584,0.9875,395,0.7108892737752079,0.12,0.8712705000070855
038_UAV_3D_400_users_connect.csv,400,4,H-WOA-PSO,0.4582251655629139,0.9975,399,0.6688741721854304,0.0325,0.6849893999751657
038_UAV_3D_400_users_connect.csv,400,4,I-WOA,0.4452122602409704,1.0,400,0.7314386987951479,0.0425,3.686242800031323
043_UAV_3D_150_users_connect.csv,150,4,GA,0.45165657789814867,1.0,150,0.6883837771759231,0.05333333333333334,0.7316341999685392
043_UAV_3D_150_users_connect.csv,150,4,PSO,0.41422504633184654,0.9933333333333333,149,0.6688747683407672,0.24,0.5655535000259988
043_UAV_3D_150_users_connect.csv,150,4,WOA,0.44271505334005656,1.0,150,0.7464247332997169,0.04,0.47181620000628754
043_UAV_3D_150_users_connect.csv,150,4,H-PSO-GA,0.41479138834042356,1.0,150,0.6860430582978819,0.24,0.4970082000363618
043_UAV_3D_150_users_connect.csv,150,4,H-WOA-PSO,0.4158994476177323,1.0,150,0.6805027619113386,0.24,0.5374597000190988
043_UAV_3D_150_users_connect.csv,150,4,I-WOA,0.455567039558894,1.0,150,0.6821648022055297,0.04,3.501513299997896
044_UAV_3D_200_users_connect.csv,200,4,GA,0.39514501550984094,1.0,200,0.6942749224507951,0.33,0.7140936999931
044_UAV_3D_200_users_connect.csv,200,4,PSO,0.44822516556291386,1.0,200,0.6688741721854304,0.09,0.4112209999584593
044_UAV_3D_200_users_connect.csv,200,4,WOA,0.4390103695470136,1.0,200,0.7099481522649317,0.095,0.39822680002544075
044_UAV_3D_200_users_connect.csv,200,4,H-PSO-GA,0.44804587811463836,1.0,200,0.6697706094268078,0.09,0.4392768000252545
044_UAV_3D_200_users_connect.csv,200,4,H-WOA-PSO,0.4478775881160668,1.0,200,0.6706120594196655,0.09,0.44420670002000406
044_UAV_3D_200_users_connect.csv,200,4,I-WOA,0.4415293566403276,0.99,198,0.6723532167983617,0.09,3.5104155000299215
045_UAV_3D_250_users_connect.csv,250,4,GA,0.459181527564,1.0,250,0.6720923621799998,0.032,0.49067919998196885
045_UAV_3D_250_users_connect.csv,250,4,PSO,0.42977070941046486,1.0,250,0.6711464529476755,0.18,0.4071225000079721
045_UAV_3D_250_users_connect.csv,250,4,WOA,0.42378411863707866,1.0,250,0.6850794068146066,0.196,0.4116268999641761
045_UAV_3D_250_users_connect.csv,250,4,H-PSO-GA,0.4282894402011365,1.0,250,0.6785527989943175,0.18,0.471339599986095
045_UAV_3D_250_users_connect.csv,250,4,H-WOA-PSO,0.42825934440370683,1.0,250,0.6867032779814659,0.172,0.658896199951414
045_UAV_3D_250_users_connect.csv,250,4,I-WOA,0.42747313058717784,1.0,250,0.6906343470641106,0.172,3.299090399988927
040_UAV_3D_500_users_connect.csv,500,4,GA,0.45209769582263365,1.0,500,0.6915115208868315,0.048,0.9758163999649696
040_UAV_3D_500_users_connect.csv,500,4,PSO,0.4589104056867205,0.998,499,0.6694479715663976,0.03,0.7842557999538258
040_UAV_3D_500_users_connect.csv,500,4,WOA,0.45818353973650916,1.0,500,0.6790823013174542,0.03,0.8020426000002772
040_UAV_3D_500_users_connect.csv,500,4,H-PSO-GA,0.42947020720554024,0.962,481,0.6726489639722985,0.066,0.6088416000129655
040_UAV_3D_500_users_connect.csv,500,4,H-WOA-PSO,0.45870137777327835,0.998,499,0.6704931111336082,0.03,0.5705311999772675
040_UAV_3D_500_users_connect.csv,500,4,I-WOA,0.4321966488251653,0.97,485,0.6730167558741735,0.076,5.635187699983362
039_UAV_3D_450_users_connect.csv,450,4,GA,0.4415092282729891,0.9911111111111112,446,0.6768983030794987,0.08888888888888889,0.949499599984847
039_UAV_3D_450_users_connect.csv,450,4,PSO,0.45261159482917074,0.9977777777777778,449,0.6880531369652575,0.042222222222222223,0.7862069999682717
039_UAV_3D_450_users_connect.csv,450,4,WOA,0.44956414819682633,0.9911111111111112,446,0.6766237034603126,0.04888888888888889,0.7505344999954104
039_UAV_3D_450_users_connect.csv,450,4,H-PSO-GA,0.4511568330725207,0.9977777777777778,449,0.6953269457485077,0.042222222222222223,0.851462899998296
039_UAV_3D_450_users_connect.csv,450,4,H-WOA-PSO,0.45393807362585376,0.9955555555555555,448,0.6703096318707308,0.04666666666666667,0.700230099959299
039_UAV_3D_450_users_connect.csv,450,4,I-WOA,0.452149743615499,0.9955555555555555,448,0.6748068374780603,0.051111111111111114,6.103329300007317
051_UAV_3D_50_users_connect.csv,50,4,GA,0.4247323715196556,1.0,50,0.7163381424017216,0.16,0.7142870999523439
051_UAV_3D_50_users_connect.csv,50,4,PSO,0.4530245599793812,1.0,50,0.6748772001030939,0.06,0.6028101000119932
051_UAV_3D_50_users_connect.csv,50,4,WOA,0.42901747505683774,1.0,50,0.6749126247158113,0.18,0.5289607999729924
051_UAV_3D_50_users_connect.csv,50,4,H-PSO-GA,0.44565950149757555,1.0,50,0.691702492512122,0.08,0.5758694999967702
051_UAV_3D_50_users_connect.csv,50,4,H-WOA-PSO,0.4407851485640043,1.0,50,0.6760742571799783,0.12,0.597773400018923
051_UAV_3D_50_users_connect.csv,50,4,I-WOA,0.44289452748734714,1.0,50,0.685527362563264,0.1,1.7894571000360884
047_UAV_3D_350_users_connect.csv,350,4,GA,0.3997922690273456,0.9971428571428571,349,0.7010386548632715,0.2914285714285714,0.49656399997184053
047_UAV_3D_350_users_connect.csv,350,4,PSO,0.40201999161348384,0.9971428571428571,349,0.6841857562182947,0.29714285714285715,0.4766823000391014
047_UAV_3D_350_users_connect.csv,350,4,WOA,0.4266479966689815,0.9971428571428571,349,0.7239028737979492,0.13428571428571429,0.7564980000024661
047_UAV_3D_350_users_connect.csv,350,4,H-PSO-GA,0.4147599539493168,0.9971428571428571,349,0.6776288016819871,0.24,0.8378831999725662
047_UAV_3D_350_users_connect.csv,350,4,H-WOA-PSO,0.446456698643531,0.9942857142857143,348,0.682002221068059,0.06857142857142857,0.861790299997665
047_UAV_3D_350_users_connect.csv,350,4,I-WOA,0.40759095487822317,0.9885714285714285,346,0.6734737970374551,0.2542857142857143,4.1180582999950275
052_UAV_3D_100_users_connect.csv,100,4,GA,0.43219223022840314,1.0,100,0.6690388488579838,0.17,0.5910571000422351
052_UAV_3D_100_users_connect.csv,100,4,PSO,0.4562104235540163,1.0,100,0.6689478822299184,0.05,0.5406464000116102
052_UAV_3D_100_users_connect.csv,100,4,WOA,0.4602251655629139,1.0,100,0.6688741721854304,0.03,0.4884988999692723
052_UAV_3D_100_users_connect.csv,100,4,H-PSO-GA,0.45586893087959957,1.0,100,0.670655345602002,0.05,0.6737896999693476
052_UAV_3D_100_users_connect.csv,100,4,H-WOA-PSO,0.45622516556291387,1.0,100,0.6688741721854304,0.05,0.5960335000418127
052_UAV_3D_100_users_connect.csv,100,4,I-WOA,0.4619019371731877,1.0,100,0.6704903141340612,0.02,1.112871500023175
046_UAV_3D_300_users_connect.csv,300,4,GA,0.4540737879011655,1.0,300,0.6796310604941725,0.05,0.5540268000331707
046_UAV_3D_300_users_connect.csv,300,4,PSO,0.4551656413529276,1.0,300,0.6741717932353618,0.05,0.6221245999913663
046_UAV_3D_300_users_connect.csv,300,4,WOA,0.4550781769911064,1.0,300,0.6746091150444677,0.05,0.7775238000322133
046_UAV_3D_300_users_connect.csv,300,4,H-PSO-GA,0.45417716627160526,1.0,300,0.6791141686419735,0.05,0.8255207000183873
046_UAV_3D_300_users_connect.csv,300,4,H-WOA-PSO,0.4580467544309499,1.0,300,0.6697662278452502,0.04,0.7762820000061765
046_UAV_3D_300_users_connect.csv,300,4,I-WOA,0.45441399475732736,1.0,300,0.6779300262133631,0.05,4.603747400047723
048_UAV_3D_400_users_connect.csv,400,4,GA,0.4422243536536185,1.0,400,0.7063782317319071,0.0825,0.6871316999895498
048_UAV_3D_400_users_connect.csv,400,4,PSO,0.44501865687334685,0.9975,399,0.6874067156332657,0.08,0.7538653999799863
048_UAV_3D_400_users_connect.csv,400,4,WOA,0.45704964815518045,1.0,400,0.6822517592240975,0.0325,0.8251322000287473
048_UAV_3D_400_users_connect.csv,400,4,H-PSO-GA,0.442534660039787,1.0,400,0.7148266998010651,0.0725,0.8488576000090688
048_UAV_3D_400_users_connect.csv,400,4,H-WOA-PSO,0.44421181890147254,1.0,400,0.6989409054926369,0.08,0.7483764000353403
048_UAV_3D_400_users_connect.csv,400,4,I-WOA,0.4533732746364924,1.0,400,0.6706336268175377,0.0625,4.502155299996957
049_UAV_3D_450_users_connect.csv,450,4,GA,0.4473518858743693,0.9977777777777778,449,0.6854627928503756,0.07111111111111111,0.8846400000038557
049_UAV_3D_450_users_connect.csv,450,4,PSO,0.45123426189405114,0.9977777777777778,449,0.6727175794186332,0.06444444444444444,0.8097368000308052
049_UAV_3D_450_users_connect.csv,450,4,WOA,0.4468522418471163,0.9955555555555555,448,0.6879610129866405,0.06444444444444444,0.8060710999998264
049_UAV_3D_450_users_connect.csv,450,4,H-PSO-GA,0.44789476389649924,0.9955555555555555,448,0.6738595138508366,0.07333333333333333,0.7452764000045136
049_UAV_3D_450_users_connect.csv,450,4,H-WOA-PSO,0.45200085522977945,0.9955555555555555,448,0.6688846127399913,0.057777777777777775,0.8043799999868497
049_UAV_3D_450_users_connect.csv,450,4,I-WOA,0.44375398786203124,0.9844444444444445,443,0.6745633940231771,0.06,4.98087420000229
050_UAV_3D_500_users_connect.csv,500,4,GA,0.4445436484332321,1.0,500,0.7132817578338395,0.064,0.9472351000295021
050_UAV_3D_500_users_connect.csv,500,4,PSO,0.45040414826936337,1.0,500,0.6919792586531829,0.056,0.6785651000100188
050_UAV_3D_500_users_connect.csv,500,4,WOA,0.4483913130499769,1.0,500,0.7220434347501153,0.036,0.4694935000152327
050_UAV_3D_500_users_connect.csv,500,4,H-PSO-GA,0.4609528201504084,1.0,500,0.6712358992479578,0.024,0.5216367999673821
050_UAV_3D_500_users_connect.csv,500,4,H-WOA-PSO,0.43995303286149057,0.998,499,0.742234835692547,0.052,0.521816199994646
050_UAV_3D_500_users_connect.csv,500,4,I-WOA,0.4458973192111743,0.998,499,0.7065134039441285,0.058,5.621880199993029
053_UAV_3D_150_users_connect.csv,150,4,GA,0.4508083344354952,1.0,150,0.6792916611558576,0.06666666666666667,0.6665205999743193
053_UAV_3D_150_users_connect.csv,150,4,PSO,0.45422516556291387,1.0,150,0.6688741721854304,0.06,0.5407526000053622
053_UAV_3D_150_users_connect.csv,150,4,WOA,0.454221867121479,1.0,150,0.6688906643926048,0.06,0.60441000002902
053_UAV_3D_150_users_connect.csv,150,4,H-PSO-GA,0.4515534820773453,1.0,150,0.6688992562799401,0.07333333333333333,0.492922900011763
053_UAV_3D_150_users_connect.csv,150,4,H-WOA-PSO,0.45422516556291387,1.0,150,0.6688741721854304,0.06,0.4477754000108689
053_UAV_3D_150_users_connect.csv,150,4,I-WOA,0.4528795002157999,1.0,150,0.675602498921,0.06,3.55655779998051
054_UAV_3D_200_users_connect.csv,200,4,GA,0.42758532619050205,1.0,200,0.7120733690474896,0.15,0.6830579999950714
054_UAV_3D_200_users_connect.csv,200,4,PSO,0.45682816398684023,1.0,200,0.6708591800657986,0.045,0.5752654999960214
054_UAV_3D_200_users_connect.csv,200,4,WOA,0.45716265224145186,1.0,200,0.6691867387927405,0.045,0.4377826999989338
054_UAV_3D_200_users_connect.csv,200,4,H-PSO-GA,0.45618504084483014,1.0,200,0.6740747957758491,0.045,0.4615151000325568
054_UAV_3D_200_users_connect.csv,200,4,H-WOA-PSO,0.45822516556291387,1.0,200,0.6688741721854304,0.04,0.42194789997301996
054_UAV_3D_200_users_connect.csv,200,4,I-WOA,0.45988941677539064,1.0,200,0.6805529161230468,0.02,3.4549104000325315
061_UAV_3D_50_users_connect.csv,50,4,GA,0.46504725431547755,1.0,50,0.6747637284226122,0.0,0.3805681999656372
061_UAV_3D_50_users_connect.csv,50,4,PSO,0.4662251655629139,1.0,50,0.6688741721854304,0.0,0.3180886000045575
061_UAV_3D_50_users_connect.csv,50,4,WOA,0.4662251655629139,1.0,50,0.6688741721854304,0.0,0.3248666999861598
061_UAV_3D_50_users_connect.csv,50,4,H-PSO-GA,0.4662242148126279,1.0,50,0.6688789259368605,0.0,0.3759704000549391
061_UAV_3D_50_users_connect.csv,50,4,H-WOA-PSO,0.4662251655629139,1.0,50,0.6688741721854304,0.0,0.37216470000566915
061_UAV_3D_50_users_connect.csv,50,4,I-WOA,0.4662251655629139,1.0,50,0.6688741721854304,0.0,1.4753284999751486
055_UAV_3D_250_users_connect.csv,250,4,GA,0.4502003885310203,0.996,249,0.6769980573448987,0.06,0.7490436999942176
055_UAV_3D_250_users_connect.csv,250,4,PSO,0.417076457149211,0.984,246,0.6866177142539446,0.18,0.513779099972453
055_UAV_3D_250_users_connect.csv,250,4,WOA,0.4259057193830147,1.0,250,0.7144714030849264,0.156,0.6090288999839686
055_UAV_3D_250_users_connect.csv,250,4,H-PSO-GA,0.4235122076316077,1.0,250,0.7104389618419613,0.172,0.8044631999800913
055_UAV_3D_250_users_connect.csv,250,4,H-WOA-PSO,0.42618867296681556,1.0,250,0.7010566351659221,0.168,0.7457145000225864
055_UAV_3D_250_users_connect.csv,250,4,I-WOA,0.42414388686424287,1.0,250,0.7072805656787854,0.172,2.986653200001456
062_UAV_3D_100_users_connect.csv,100,4,GA,0.45259423975710633,1.0,100,0.7370288012144681,0.0,0.6787873000139371
062_UAV_3D_100_users_connect.csv,100,4,PSO,0.44771959483815704,1.0,100,0.7114020258092146,0.05,0.5967953000217676
062_UAV_3D_100_users_connect.csv,100,4,WOA,0.45042745141654633,1.0,100,0.7178627429172681,0.03,0.5601687000016682
062_UAV_3D_100_users_connect.csv,100,4,H-PSO-GA,0.46132381442033876,1.0,100,0.6733809278983061,0.02,0.5613342000287957
062_UAV_3D_100_users_connect.csv,100,4,H-WOA-PSO,0.4643397233491512,1.0,100,0.6783013832542437,0.0,0.47435390000464395
062_UAV_3D_100_users_connect.csv,100,4,I-WOA,0.45571259875523495,1.0,100,0.6814370062238252,0.04,1.1444895000313409
057_UAV_3D_350_users_connect.csv,350,4,GA,0.42986778747768983,0.9885714285714285,346,0.7106610626115506,0.10571428571428572,0.48855479998746887
057_UAV_3D_350_users_connect.csv,350,4,PSO,0.43401012581333165,0.9685714285714285,339,0.6728065137904843,0.06285714285714286,0.4295496999984607
057_UAV_3D_350_users_connect.csv,350,4,WOA,0.4455019542253288,0.9885714285714285,346,0.6753473717304985,0.06285714285714286,0.41217510000569746
057_UAV_3D_350_users_connect.csv,350,4,H-PSO-GA,0.4410911713811442,0.9914285714285714,347,0.7031155716657077,0.06571428571428571,0.4576532999635674
057_UAV_3D_350_users_connect.csv,350,4,H-WOA-PSO,0.44851467432447645,0.9914285714285714,347,0.671712342663332,0.06,0.4595007000025362
057_UAV_3D_350_users_connect.csv,350,4,I-WOA,0.435906602048286,1.0,350,0.6947527040442839,0.12571428571428572,5.458498200052418
058_UAV_3D_400_users_connect.csv,400,4,GA,0.4106835727560761,1.0,400,0.6915821362196195,0.255,0.6854799000429921
058_UAV_3D_400_users_connect.csv,400,4,PSO,0.45192361975058976,0.9975,399,0.7053819012470514,0.0275,0.7230875000241213
058_UAV_3D_400_users_connect.csv,400,4,WOA,0.4436084833834249,0.995,398,0.7269575830828753,0.04,0.7330566999735311
058_UAV_3D_400_users_connect.csv,400,4,H-PSO-GA,0.4093734316199974,1.0,400,0.7006328419000128,0.2525,0.8477416000096127
058_UAV_3D_400_users_connect.csv,400,4,H-WOA-PSO,0.41392990707836874,1.0,400,0.682850464608156,0.2475,0.8521713000372984
058_UAV_3D_400_users_connect.csv,400,4,I-WOA,0.41138324457021924,1.0,400,0.7005837771489035,0.2425,3.6164221999933943
056_UAV_3D_300_users_connect.csv,300,4,GA,0.43287843044820135,0.9966666666666667,299,0.7022745144256598,0.12333333333333334,0.7263360999641009
056_UAV_3D_300_users_connect.csv,300,4,PSO,0.4187427437688555,0.9966666666666667,299,0.6762862811557222,0.22,0.5394251000252552
056_UAV_3D_300_users_connect.csv,300,4,WOA,0.41503954744360555,0.9966666666666667,299,0.684802262781972,0.23,0.6882517999620177
056_UAV_3D_300_users_connect.csv,300,4,H-PSO-GA,0.4503487972384976,0.9966666666666667,299,0.6915893471408453,0.04666666666666667,0.7731694999965839
056_UAV_3D_300_users_connect.csv,300,4,H-WOA-PSO,0.45110676888745105,1.0,300,0.687799488896078,0.056666666666666664,0.8031346999923699
056_UAV_3D_300_users_connect.csv,300,4,I-WOA,0.4298166549889291,0.9933333333333333,298,0.7175833917220207,0.11333333333333333,4.988625999947544
063_UAV_3D_150_users_connect.csv,150,4,GA,0.4379032596900224,0.9866666666666667,148,0.6838170348832212,0.08666666666666667,0.6039063999778591
063_UAV_3D_150_users_connect.csv,150,4,PSO,0.4515208556795736,1.0,150,0.6690623882687984,0.07333333333333333,0.3686398999998346
063_UAV_3D_150_users_connect.csv,150,4,WOA,0.4480274707470066,1.0,150,0.6731959795983002,0.08666666666666667,0.3767341000493616
063_UAV_3D_150_users_connect.csv,150,4,H-PSO-GA,0.449256051393132,1.0,150,0.6737197430343397,0.08,0.430174499982968
063_UAV_3D_150_users_connect.csv,150,4,H-WOA-PSO,0.4515584988962472,1.0,150,0.6688741721854304,0.07333333333333333,0.42556689999764785
063_UAV_3D_150_users_connect.csv,150,4,I-WOA,0.4492295055672015,1.0,150,0.680519138830659,0.07333333333333333,3.712562800035812
060_UAV_3D_500_users_connect.csv,500,4,GA,0.3716266516651388,0.998,499,0.6758667416743059,0.46,0.9166738000349142
060_UAV_3D_500_users_connect.csv,500,4,PSO,0.4315964201429903,0.99,495,0.7080178992850481,0.104,0.7750322000356391
060_UAV_3D_500_users_connect.csv,500,4,WOA,0.43077409581591314,0.982,491,0.6841295209204338,0.108,0.8368647000170313
060_UAV_3D_500_users_connect.csv,500,4,H-PSO-GA,0.44375076338456126,0.994,497,0.6852461830771931,0.078,0.5369506999850273
060_UAV_3D_500_users_connect.csv,500,4,H-WOA-PSO,0.4287705225773976,0.994,497,0.7201473871130115,0.118,0.5374741000123322
060_UAV_3D_500_users_connect.csv,500,4,I-WOA,0.43729214796099697,1.0,500,0.6755392601950148,0.138,5.387743300001603
064_UAV_3D_200_users_connect.csv,200,4,GA,0.42303667705787795,1.0,200,0.7148166147106099,0.17,0.4703624999965541
064_UAV_3D_200_users_connect.csv,200,4,PSO,0.44772461728068547,1.0,200,0.6863769135965724,0.075,0.4024154000217095
064_UAV_3D_200_users_connect.csv,200,4,WOA,0.4500866538740187,1.0,200,0.6745667306299065,0.075,0.42394349997630343
064_UAV_3D_200_users_connect.csv,200,4,H-PSO-GA,0.4482902948055114,0.995,199,0.6735485259724427,0.07,0.46096330002183095
064_UAV_3D_200_users_connect.csv,200,4,H-WOA-PSO,0.44237783303834655,1.0,200,0.7331108348082669,0.055,0.43696790002286434
064_UAV_3D_200_users_connect.csv,200,4,I-WOA,0.4462638484046998,1.0,200,0.7236807579765009,0.045,4.163195599976461
059_UAV_3D_450_users_connect.csv,450,4,GA,0.4460542967200128,0.9977777777777778,449,0.6875062941777139,0.07555555555555556,0.8695836000260897
059_UAV_3D_450_users_connect.csv,450,4,PSO,0.4457444200956267,1.0,450,0.6957223439663105,0.07555555555555556,0.751517100026831
059_UAV_3D_450_users_connect.csv,450,4,WOA,0.4455275045668879,0.9933333333333333,447,0.6856958104988938,0.06666666666666667,0.7763336999923922
059_UAV_3D_450_users_connect.csv,450,4,H-PSO-GA,0.44480194262590445,1.0,450,0.6959902868704776,0.08,0.7554996999679133
059_UAV_3D_450_users_connect.csv,450,4,H-WOA-PSO,0.4434615963049658,0.9866666666666667,444,0.6693586851418377,0.07333333333333333,0.716277799976524
059_UAV_3D_450_users_connect.csv,450,4,I-WOA,0.44115437985310874,0.9933333333333333,447,0.7120058785122342,0.06222222222222222,5.8186477000126615
065_UAV_3D_250_users_connect.csv,250,4,GA,0.45468375378463727,1.0,250,0.6945812310768132,0.032,0.6429791999980807
065_UAV_3D_250_users_connect.csv,250,4,PSO,0.429355542555271,1.0,250,0.6772222872236447,0.176,0.5067247999832034
065_UAV_3D_250_users_connect.csv,250,4,WOA,0.45943441150682857,1.0,250,0.674827942465857,0.028,0.5283741999883205
065_UAV_3D_250_users_connect.csv,250,4,H-PSO-GA,0.45998971139236455,1.0,250,0.6720514430381771,0.028,0.6650605999748223
065_UAV_3D_250_users_connect.csv,250,4,H-WOA-PSO,0.4598251655629139,0.996,249,0.6688741721854304,0.02,0.46822529996279627
065_UAV_3D_250_users_connect.csv,250,4,I-WOA,0.4598023695033743,1.0,250,0.6769881524831285,0.024,3.8935566999716684
071_UAV_3D_50_users_connect.csv,50,4,GA,0.43184447228036604,1.0,50,0.6807776385981696,0.16,0.6800952000194229
071_UAV_3D_50_users_connect.csv,50,4,PSO,0.45422516556291387,1.0,50,0.6688741721854304,0.06,0.5417961000348441
071_UAV_3D_50_users_connect.csv,50,4,WOA,0.45422516556291387,1.0,50,0.6688741721854304,0.06,0.6931890999549069
071_UAV_3D_50_users_connect.csv,50,4,H-PSO-GA,0.45352710434894394,1.0,50,0.6723644782552802,0.06,0.6446862999582663
071_UAV_3D_50_users_connect.csv,50,4,H-WOA-PSO,0.45422516556291387,1.0,50,0.6688741721854304,0.06,0.3788658000412397
071_UAV_3D_50_users_connect.csv,50,4,I-WOA,0.44222516556291386,0.98,49,0.6688741721854304,0.06,1.1390147000201978
072_UAV_3D_100_users_connect.csv,100,4,GA,0.44593705469631445,1.0,100,0.7203147265184275,0.05,0.6744159999652766
072_UAV_3D_100_users_connect.csv,100,4,PSO,0.43011552981629125,1.0,100,0.6694223509185436,0.18,0.6247538000461645
072_UAV_3D_100_users_connect.csv,100,4,WOA,0.41875689344002637,1.0,100,0.726215532799868,0.18,0.6749511000234634
072_UAV_3D_100_users_connect.csv,100,4,H-PSO-GA,0.44406411179817773,1.0,100,0.6696794410091111,0.11,0.6918517999583855
072_UAV_3D_100_users_connect.csv,100,4,H-WOA-PSO,0.43814615787409456,1.0,100,0.699269210629527,0.11,0.46754179999697953
072_UAV_3D_100_users_connect.csv,100,4,I-WOA,0.4313771637395024,1.0,100,0.7431141813024876,0.1,1.2078279000124894
066_UAV_3D_300_users_connect.csv,300,4,GA,0.4367237038409885,0.99,297,0.7030481474617237,0.08333333333333333,0.6414596000104211
066_UAV_3D_300_users_connect.csv,300,4,PSO,0.44537300857769613,0.9866666666666667,296,0.6731349571115193,0.06,0.4683191000367515
066_UAV_3D_300_users_connect.csv,300,4,WOA,0.4438709426969059,1.0,300,0.6773119531821369,0.10333333333333333,0.6034005000256002
066_UAV_3D_300_users_connect.csv,300,4,H-PSO-GA,0.45466488217817186,0.9966666666666667,299,0.6700089224424739,0.04666666666666667,0.892974000016693
066_UAV_3D_300_users_connect.csv,300,4,H-WOA-PSO,0.45755889311596676,1.0,300,0.6722055344201661,0.04,0.9118921000044793
066_UAV_3D_300_users_connect.csv,300,4,I-WOA,0.440609951677746,0.9833333333333333,295,0.6736169082779364,0.07333333333333333,4.677241099998355
067_UAV_3D_350_users_connect.csv,350,4,GA,0.426862080556647,1.0,350,0.7056895972167648,0.16,0.5782923999940977
067_UAV_3D_350_users_connect.csv,350,4,PSO,0.4490823084200567,0.9942857142857143,348,0.6688741721854304,0.06857142857142857,0.5746748999808915
067_UAV_3D_350_users_connect.csv,350,4,WOA,0.44947780993392955,1.0,350,0.7183252360446377,0.03428571428571429,0.7743593999766745
067_UAV_3D_350_users_connect.csv,350,4,H-PSO-GA,0.4384877131552274,1.0,350,0.7047042913667201,0.10285714285714286,0.9080089000053704
067_UAV_3D_350_users_connect.csv,350,4,H-WOA-PSO,0.4471644326932947,0.9971428571428571,349,0.6756064079620974,0.08,0.8439395000459626
067_UAV_3D_350_users_connect.csv,350,4,I-WOA,0.4523932438559277,0.9942857142857143,348,0.6808909235775038,0.04,5.043932700005826
068_UAV_3D_400_users_connect.csv,400,4,GA,0.4178736101471855,1.0,400,0.6906319492640725,0.22,0.677323299983982
068_UAV_3D_400_users_connect.csv,400,4,PSO,0.4220475655444787,0.995,398,0.6697621722776064,0.205,0.7316360999830067
068_UAV_3D_400_users_connect.csv,400,4,WOA,0.4171286698099819,0.9975,399,0.6968566509500908,0.21,0.8415258000022732
068_UAV_3D_400_users_connect.csv,400,4,H-PSO-GA,0.4211516897374311,0.9975,399,0.6792415513128447,0.2075,0.8965167999849655
068_UAV_3D_400_users_connect.csv,400,4,H-WOA-PSO,0.42472516556291395,0.9975,399,0.6688741721854304,0.2,0.889885000011418
068_UAV_3D_400_users_connect.csv,400,4,I-WOA,0.42112890208767273,1.0,400,0.7043554895616362,0.19,4.788092800008599
073_UAV_3D_150_users_connect.csv,150,4,GA,0.4387477678736816,1.0,150,0.7129278272982584,0.09333333333333334,0.8706515000085346
073_UAV_3D_150_users_connect.csv,150,4,PSO,0.4431560591967659,0.9933333333333333,149,0.690886370682837,0.07333333333333333,0.5918369999853894
073_UAV_3D_150_users_connect.csv,150,4,WOA,0.451539918849441,1.0,150,0.6756337390861284,0.06666666666666667,0.40716810000594705
073_UAV_3D_150_users_connect.csv,150,4,H-PSO-GA,0.44998093716040694,1.0,150,0.6767619808646318,0.07333333333333333,0.5459912000223994
073_UAV_3D_150_users_connect.csv,150,4,H-WOA-PSO,0.4475584988962472,0.9866666666666667,148,0.6688741721854304,0.05333333333333334,0.658496499992907
073_UAV_3D_150_users_connect.csv,150,4,I-WOA,0.4395584988962472,0.9733333333333334,146,0.6688741721854304,0.05333333333333334,2.284055399999488
069_UAV_3D_450_users_connect.csv,450,4,GA,0.44193669493344234,1.0,450,0.6925387475550103,0.09777777777777778,1.0056514000170864
069_UAV_3D_450_users_connect.csv,450,4,PSO,0.4505399744993868,0.9977777777777778,449,0.6828556830586215,0.057777777777777775,0.8432503999792971
069_UAV_3D_450_users_connect.csv,450,4,WOA,0.4502310455497166,0.9955555555555555,448,0.6777336611403058,0.057777777777777775,0.7715131000149995
069_UAV_3D_450_users_connect.csv,450,4,H-PSO-GA,0.4501376117552984,0.9977777777777778,449,0.6826452745568414,0.06,1.0259970999904908
069_UAV_3D_450_users_connect.csv,450,4,H-WOA-PSO,0.45181583663657215,0.9977777777777778,449,0.6786985945949168,0.05555555555555555,0.8341643999447115
069_UAV_3D_450_users_connect.csv,450,4,I-WOA,0.4515792908456108,0.9977777777777778,449,0.6798813235497237,0.05555555555555555,4.372920599998906
075_UAV_3D_250_users_connect.csv,250,4,GA,0.44459122597072903,0.996,249,0.6850438701463548,0.08,0.5556508000008762
075_UAV_3D_250_users_connect.csv,250,4,PSO,0.4510046021081426,1.0,250,0.680976989459287,0.064,0.4369668999570422
075_UAV_3D_250_users_connect.csv,250,4,WOA,0.4618817353508603,1.0,250,0.6705913232456984,0.02,0.5375904999673367
075_UAV_3D_250_users_connect.csv,250,4,H-PSO-GA,0.4612509353703208,1.0,250,0.6697453231483957,0.024,0.581517500046175
075_UAV_3D_250_users_connect.csv,250,4,H-WOA-PSO,0.45099602323378524,1.0,250,0.6810198838310739,0.064,0.44502900005318224
075_UAV_3D_250_users_connect.csv,250,4,I-WOA,0.4557430376557747,1.0,250,0.6692848117211264,0.052,3.334353699989151
074_UAV_3D_200_users_connect.csv,200,4,GA,0.43568059808818926,1.0,200,0.7415970095590535,0.08,0.5683647000114433
074_UAV_3D_200_users_connect.csv,200,4,PSO,0.45522516556291387,1.0,200,0.6688741721854304,0.055,0.4040819999645464
074_UAV_3D_200_users_connect.csv,200,4,WOA,0.44183668215791716,1.0,200,0.7208165892104138,0.07,0.5149610000080429
074_UAV_3D_200_users_connect.csv,200,4,H-PSO-GA,0.454669552719313,1.0,200,0.6716522364034347,0.055,0.7033247000072151
074_UAV_3D_200_users_connect.csv,200,4,H-WOA-PSO,0.4466057409305233,1.0,200,0.7219712953473834,0.045,0.5235298000043258
074_UAV_3D_200_users_connect.csv,200,4,I-WOA,0.4377311561636389,1.0,200,0.7513442191818052,0.06,3.3667652999865822
070_UAV_3D_500_users_connect.csv,500,4,GA,0.44575308090920956,0.998,499,0.7032345954539522,0.062,0.9537823999999091
070_UAV_3D_500_users_connect.csv,500,4,PSO,0.4166982574347505,1.0,500,0.6825087128262473,0.234,0.8345327000133693
070_UAV_3D_500_users_connect.csv,500,4,WOA,0.4527112364227219,1.0,500,0.7044438178863903,0.032,0.97122299997136
070_UAV_3D_500_users_connect.csv,500,4,H-PSO-GA,0.4167834727718128,1.0,500,0.678082636140936,0.238,0.558655800006818
070_UAV_3D_500_users_connect.csv,500,4,H-WOA-PSO,0.4158680504412722,0.998,499,0.6726597477936391,0.242,0.5390125999692827
070_UAV_3D_500_users_connect.csv,500,4,I-WOA,0.41876060113523955,0.998,499,0.6701969943238023,0.23,5.56939230003627
076_UAV_3D_300_users_connect.csv,300,4,GA,0.4410719963841529,0.9933333333333333,298,0.7013066847459022,0.07333333333333333,0.44565040001180023
076_UAV_3D_300_users_connect.csv,300,4,PSO,0.4455584988962472,0.9933333333333333,298,0.6688741721854304,0.08333333333333333,0.40628140000626445
076_UAV_3D_300_users_connect.csv,300,4,WOA,0.43820971931127906,0.99,297,0.6956180701102712,0.08333333333333333,0.4128424000227824
076_UAV_3D_300_users_connect.csv,300,4,H-PSO-GA,0.4260325232733675,0.9733333333333334,292,0.679837383633162,0.11,0.46446430002106354
076_UAV_3D_300_users_connect.csv,300,4,H-WOA-PSO,0.4455584988962472,0.9933333333333333,298,0.6688741721854304,0.08333333333333333,0.4572096999618225
076_UAV_3D_300_users_connect.csv,300,4,I-WOA,0.44546955868141486,0.9933333333333333,298,0.669318873259592,0.08333333333333333,4.4635632000281475
082_UAV_3D_100_users_connect.csv,100,4,GA,0.4321588831949121,1.0,100,0.7292055840254393,0.11,0.7520277000148781
082_UAV_3D_100_users_connect.csv,100,4,PSO,0.45415075085499645,1.0,100,0.6692462457250173,0.06,0.6617785000125878
082_UAV_3D_100_users_connect.csv,100,4,WOA,0.44676813990174225,1.0,100,0.6861593004912886,0.08,0.3867593999602832
082_UAV_3D_100_users_connect.csv,100,4,H-PSO-GA,0.43984026546181376,1.0,100,0.6907986726909311,0.11,0.3970012000063434
082_UAV_3D_100_users_connect.csv,100,4,H-WOA-PSO,0.42531696589763557,1.0,100,0.6734151705118216,0.2,0.3997949999757111
082_UAV_3D_100_users_connect.csv,100,4,I-WOA,0.448032224550729,0.99,99,0.6698388772463548,0.06,1.0420113000436686
081_UAV_3D_50_users_connect.csv,50,4,GA,0.4459691962815445,1.0,50,0.6701540185922773,0.1,0.677095300052315
081_UAV_3D_50_users_connect.csv,50,4,PSO,0.44622516556291386,1.0,50,0.6688741721854304,0.1,0.6108581000007689
081_UAV_3D_50_users_connect.csv,50,4,WOA,0.464567393614127,1.0,50,0.6771630319293649,0.0,0.6922000999911688
081_UAV_3D_50_users_connect.csv,50,4,H-PSO-GA,0.4328450280647782,1.0,50,0.6757748596761087,0.16,0.6195957000018097
081_UAV_3D_50_users_connect.csv,50,4,H-WOA-PSO,0.44947657911511274,1.0,50,0.6726171044244359,0.08,0.4941143000032753
081_UAV_3D_50_users_connect.csv,50,4,I-WOA,0.465123914999658,1.0,50,0.67438042500171,0.0,1.2556450000265613
077_UAV_3D_350_users_connect.csv,350,4,GA,0.42672647968223926,1.0,350,0.7120818873030892,0.15428571428571428,0.4618252000072971
077_UAV_3D_350_users_connect.csv,350,4,PSO,0.4452604725567623,0.9942857142857143,348,0.6851262086447596,0.07142857142857142,0.41407199995592237
077_UAV_3D_350_users_connect.csv,350,4,WOA,0.4449027125525449,0.9857142857142858,345,0.6697721515229897,0.06285714285714286,0.4505716999992728
077_UAV_3D_350_users_connect.csv,350,4,H-PSO-GA,0.44365439281799607,0.9942857142857143,348,0.690299464481448,0.07428571428571429,0.48318989999825135
077_UAV_3D_350_users_connect.csv,350,4,H-WOA-PSO,0.4487418188684325,0.9942857142857143,348,0.6762909056578372,0.06285714285714286,0.465862900018692
077_UAV_3D_350_users_connect.csv,350,4,I-WOA,0.4465875035159891,0.9914285714285714,347,0.6756339109914831,0.06571428571428571,5.795701500028372
079_UAV_3D_450_users_connect.csv,450,4,GA,0.395547415628837,0.9888888888888889,445,0.700040699633593,0.28888888888888886,0.5887282000039704
079_UAV_3D_450_users_connect.csv,450,4,PSO,0.4458413746785129,0.9844444444444445,443,0.6752375710518798,0.04888888888888889,0.5344837000011466
079_UAV_3D_450_users_connect.csv,450,4,WOA,0.442667790965017,0.9822222222222222,442,0.6688832673971368,0.06444444444444444,0.7343224000069313
079_UAV_3D_450_users_connect.csv,450,4,H-PSO-GA,0.4386892739600367,0.9888888888888889,445,0.6976647413109277,0.07555555555555556,0.9603790999972261
079_UAV_3D_450_users_connect.csv,450,4,H-WOA-PSO,0.44711405445180274,0.9822222222222222,442,0.6688741721854304,0.042222222222222223,0.8917377000325359
079_UAV_3D_450_users_connect.csv,450,4,I-WOA,0.4467624372915803,0.9844444444444445,443,0.672854480208765,0.04666666666666667,4.19574489997467
078_UAV_3D_400_users_connect.csv,400,4,GA,0.43442819445606146,0.98,392,0.6753590277196926,0.0925,0.7364112000213936
078_UAV_3D_400_users_connect.csv,400,4,PSO,0.4424878221936631,1.0,400,0.707560889031684,0.08,0.5131130999652669
078_UAV_3D_400_users_connect.csv,400,4,WOA,0.4359422956236247,0.9975,399,0.7202885218818768,0.0925,0.533084399998188
078_UAV_3D_400_users_connect.csv,400,4,H-PSO-GA,0.4281358845531848,0.9875,395,0.686820577234076,0.135,0.8359937999630347
078_UAV_3D_400_users_connect.csv,400,4,H-WOA-PSO,0.4275879637439909,0.9725,389,0.6695601812800457,0.11,0.9684172000270337
078_UAV_3D_400_users_connect.csv,400,4,I-WOA,0.44886197463056626,0.9975,399,0.6806901268471686,0.0675,4.8486103000468574
083_UAV_3D_150_users_connect.csv,150,4,GA,0.4357167929769253,1.0,150,0.7280827017820399,0.09333333333333334,0.8012891999678686
083_UAV_3D_150_users_connect.csv,150,4,PSO,0.44181167167943375,1.0,150,0.6976083082694979,0.09333333333333334,0.49328509997576475
083_UAV_3D_150_users_connect.csv,150,4,WOA,0.4648873796527726,1.0,150,0.66889643506947,0.006666666666666667,0.3740451000048779
083_UAV_3D_150_users_connect.csv,150,4,H-PSO-GA,0.4449311537440243,1.0,150,0.7220108979465449,0.05333333333333334,0.4099691999726929
083_UAV_3D_150_users_connect.csv,150,4,H-WOA-PSO,0.4475730985454453,1.0,150,0.6888011739394401,0.07333333333333333,0.42665679997298867
083_UAV_3D_150_users_connect.csv,150,4,I-WOA,0.4471210625239815,1.0,150,0.7177280207134258,0.04666666666666667,3.5831960999639705
084_UAV_3D_200_users_connect.csv,200,4,GA,0.4172164870891585,0.99,198,0.7139175645542075,0.17,0.8167746000108309
084_UAV_3D_200_users_connect.csv,200,4,PSO,0.43922516556291386,1.0,200,0.6688741721854304,0.135,0.5344730999786407
084_UAV_3D_200_users_connect.csv,200,4,WOA,0.4214335306779937,0.975,195,0.6828323466100311,0.135,0.5114790999796242
084_UAV_3D_200_users_connect.csv,200,4,H-PSO-GA,0.4419970367959221,1.0,200,0.6800148160203892,0.11,0.5964771999861114
084_UAV_3D_200_users_connect.csv,200,4,H-WOA-PSO,0.42875616359482616,0.99,198,0.6812191820258688,0.145,0.8027928999508731
084_UAV_3D_200_users_connect.csv,200,4,I-WOA,0.4338341825016264,1.0,200,0.7308290874918676,0.1,3.9279020000249147
080_UAV_3D_500_users_connect.csv,500,4,GA,0.4377206528159332,0.996,498,0.689396735920334,0.11,0.6042771000065841
080_UAV_3D_500_users_connect.csv,500,4,PSO,0.4270194739313812,0.992,496,0.7289026303430937,0.112,0.7080904999747872
080_UAV_3D_500_users_connect.csv,500,4,WOA,0.43169716168003774,0.992,496,0.6835141915998111,0.134,0.875370399968233
080_UAV_3D_500_users_connect.csv,500,4,H-PSO-GA,0.454090989086091,0.998,499,0.6695450545695449,0.054,0.978149900038261
080_UAV_3D_500_users_connect.csv,500,4,H-WOA-PSO,0.4380071858038962,0.986,493,0.6779640709805191,0.09,0.7907133999979123
080_UAV_3D_500_users_connect.csv,500,4,I-WOA,0.43711595606059944,0.984,492,0.6724202196970023,0.094,6.192665399983525
085_UAV_3D_250_users_connect.csv,250,4,GA,0.44601605267927796,1.0,250,0.6979197366036097,0.072,0.5943548000068404
085_UAV_3D_250_users_connect.csv,250,4,PSO,0.42278407823998343,1.0,250,0.6900796088000825,0.196,0.5214107999927364
085_UAV_3D_250_users_connect.csv,250,4,WOA,0.46064495136739836,1.0,250,0.6727752431630081,0.024,0.6421264999662526
085_UAV_3D_250_users_connect.csv,250,4,H-PSO-GA,0.4213846771660764,1.0,250,0.6930766141696177,0.2,0.9619317000033334
085_UAV_3D_250_users_connect.csv,250,4,H-WOA-PSO,0.42180640806005987,1.0,250,0.6829679596997006,0.208,0.9130722999689169
085_UAV_3D_250_users_connect.csv,250,4,I-WOA,0.42009143012349076,1.0,250,0.683542849382546,0.216,3.3351011999766342
092_UAV_3D_100_users_connect.csv,100,4,GA,0.45188562617152084,1.0,100,0.6805718691423954,0.06,0.4044901999877766
092_UAV_3D_100_users_connect.csv,100,4,PSO,0.44822516556291386,1.0,100,0.6688741721854304,0.09,0.34376220003468916
092_UAV_3D_100_users_connect.csv,100,4,WOA,0.4499507492483049,1.0,100,0.6702462537584751,0.08,0.35254819999681786
092_UAV_3D_100_users_connect.csv,100,4,H-PSO-GA,0.44419242775827195,1.0,100,0.67903786120864,0.1,0.405160199967213
092_UAV_3D_100_users_connect.csv,100,4,H-WOA-PSO,0.44822516556291386,1.0,100,0.6688741721854304,0.09,0.4221982000162825
092_UAV_3D_100_users_connect.csv,100,4,I-WOA,0.4480044744072712,1.0,100,0.6699776279636438,0.09,1.165535699983593
091_UAV_3D_50_users_connect.csv,50,4,GA,0.41046403493479805,1.0,50,0.6876798253260096,0.26,0.7825493999989703
091_UAV_3D_50_users_connect.csv,50,4,PSO,0.45935569094507134,1.0,50,0.683221545274643,0.02,0.5781665000249632
091_UAV_3D_50_users_connect.csv,50,4,WOA,0.43822516556291385,1.0,50,0.6688741721854304,0.14,0.5546248000464402
091_UAV_3D_50_users_connect.csv,50,4,H-PSO-GA,0.430295122310366,1.0,50,0.7085243884481698,0.14,0.6227698999573477
091_UAV_3D_50_users_connect.csv,50,4,H-WOA-PSO,0.4558369063006932,1.0,50,0.6808154684965341,0.04,0.7184760000091046
091_UAV_3D_50_users_connect.csv,50,4,I-WOA,0.42284352328627295,1.0,50,0.7457823835686348,0.14,1.362416599993594
086_UAV_3D_300_users_connect.csv,300,4,GA,0.4369920730527698,0.9966666666666667,299,0.7017063014028173,0.10333333333333333,0.4600549000315368
086_UAV_3D_300_users_connect.csv,300,4,PSO,0.4411377377878152,0.9966666666666667,299,0.6809779777275906,0.10333333333333333,0.415627799986396
086_UAV_3D_300_users_connect.csv,300,4,WOA,0.4368164639097758,0.9966666666666667,299,0.6859176804511206,0.12,0.4281722999876365
086_UAV_3D_300_users_connect.csv,300,4,H-PSO-GA,0.4399021037261187,1.0,300,0.7038228147027398,0.09666666666666666,0.48237099999096245
086_UAV_3D_300_users_connect.csv,300,4,H-WOA-PSO,0.4426700780695164,0.9966666666666667,299,0.6766496096524178,0.1,0.9928588000475429
086_UAV_3D_300_users_connect.csv,300,4,I-WOA,0.4421560382155646,1.0,300,0.6892198089221769,0.1,5.4581792000099085
093_UAV_3D_150_users_connect.csv,150,4,GA,0.44959436766314664,1.0,150,0.6720281616842666,0.08,0.4263869000133127
093_UAV_3D_150_users_connect.csv,150,4,PSO,0.4194384589244851,1.0,150,0.669474372044241,0.23333333333333334,0.3599106000037864
093_UAV_3D_150_users_connect.csv,150,4,WOA,0.44703081744181594,1.0,150,0.70484591279092,0.06,0.3725028000189923
093_UAV_3D_150_users_connect.csv,150,4,H-PSO-GA,0.4181491897228248,1.0,150,0.6759207180525425,0.23333333333333334,0.4229836000013165
093_UAV_3D_150_users_connect.csv,150,4,H-WOA-PSO,0.4155584988962472,0.9933333333333333,149,0.6688741721854304,0.23333333333333334,0.4633542000083253
093_UAV_3D_150_users_connect.csv,150,4,I-WOA,0.4107242934507493,0.9866666666666667,148,0.67304519941292,0.23333333333333334,2.496831199969165
088_UAV_3D_400_users_connect.csv,400,4,GA,0.4499382469591996,0.9975,399,0.6903087652040021,0.0525,0.8229739999515004
088_UAV_3D_400_users_connect.csv,400,4,PSO,0.4411479047791256,0.9925,397,0.7017604761043723,0.07,0.9437206000438891
088_UAV_3D_400_users_connect.csv,400,4,WOA,0.44809933580954187,1.0,400,0.7020033209522905,0.0575,0.8170579000143334
088_UAV_3D_400_users_connect.csv,400,4,H-PSO-GA,0.4457030999503292,1.0,400,0.7114845002483537,0.06,0.8401999999769032
088_UAV_3D_400_users_connect.csv,400,4,H-WOA-PSO,0.44772516556291386,0.985,394,0.6688741721854304,0.0475,0.8051050000358373
088_UAV_3D_400_users_connect.csv,400,4,I-WOA,0.4494455849650684,1.0,400,0.6952720751746575,0.0575,5.027604800008703
087_UAV_3D_350_users_connect.csv,350,4,GA,0.4234291485748852,0.9971428571428571,349,0.7114256856970022,0.16285714285714287,0.6570239000138827
087_UAV_3D_350_users_connect.csv,350,4,PSO,0.4239814559919987,0.9885714285714285,346,0.6743784343257203,0.17142857142857143,0.7879243999486789
087_UAV_3D_350_users_connect.csv,350,4,WOA,0.41203682067556924,0.9914285714285714,347,0.751244468050725,0.16285714285714287,0.9137437000172213
087_UAV_3D_350_users_connect.csv,350,4,H-PSO-GA,0.43570845191373775,0.9942857142857143,348,0.6786005975741681,0.12571428571428572,0.9264964000321925
087_UAV_3D_350_users_connect.csv,350,4,H-WOA-PSO,0.41752073697606595,0.9914285714285714,347,0.715253457976813,0.17142857142857143,0.8290044000023045
087_UAV_3D_350_users_connect.csv,350,4,I-WOA,0.4078145187776286,0.9742857142857143,341,0.7494988346832852,0.13428571428571429,5.742603600025177
094_UAV_3D_200_users_connect.csv,200,4,GA,0.4541311424031169,1.0,200,0.6993442879844152,0.03,0.7181432999786921
094_UAV_3D_200_users_connect.csv,200,4,PSO,0.4366205568182835,1.0,200,0.7018972159085825,0.115,0.6680487000267021
094_UAV_3D_200_users_connect.csv,200,4,WOA,0.4359729692428458,0.995,199,0.6701351537857707,0.135,0.5263832000200637
094_UAV_3D_200_users_connect.csv,200,4,H-PSO-GA,0.4378466325096835,1.0,200,0.7007668374515825,0.11,0.6222476999973878
094_UAV_3D_200_users_connect.csv,200,4,H-WOA-PSO,0.44222516556291386,0.99,198,0.6688741721854304,0.09,0.7615572999930009
094_UAV_3D_200_users_connect.csv,200,4,I-WOA,0.4408026401521482,1.0,200,0.6959867992392587,0.1,3.3773580999695696
089_UAV_3D_450_users_connect.csv,450,4,GA,0.4544123091039182,0.9977777777777778,449,0.6746051211470755,0.04666666666666667,0.84009439998772
089_UAV_3D_450_users_connect.csv,450,4,PSO,0.44831455684995253,0.9955555555555555,448,0.7050938824169036,0.04,0.9302446999936365
089_UAV_3D_450_users_connect.csv,450,4,WOA,0.4559824843462825,0.9977777777777778,449,0.6778653560463651,0.035555555555555556,0.7771191000356339
089_UAV_3D_450_users_connect.csv,450,4,H-PSO-GA,0.44569167503226703,0.9933333333333333,447,0.7026527359497758,0.04888888888888889,0.8683453000267036
089_UAV_3D_450_users_connect.csv,450,4,H-WOA-PSO,0.443793904219603,0.9977777777777778,449,0.7188082566797627,0.05555555555555555,0.9243047999916598
089_UAV_3D_450_users_connect.csv,450,4,I-WOA,0.4363262052587115,0.9866666666666667,444,0.745035640373109,0.03333333333333333,5.455707699991763
090_UAV_3D_500_users_connect.csv,500,4,GA,0.45229868841432724,1.0,500,0.6765065579283636,0.062,1.0955262000206858
090_UAV_3D_500_users_connect.csv,500,4,PSO,0.456587538357609,1.0,500,0.6810623082119548,0.036,0.9150916999788024
090_UAV_3D_500_users_connect.csv,500,4,WOA,0.4490590937001307,0.998,499,0.6967045314993465,0.052,0.820561800035648
090_UAV_3D_500_users_connect.csv,500,4,H-PSO-GA,0.46293104045799677,1.0,500,0.6713447977100159,0.014,0.8696769999805838
090_UAV_3D_500_users_connect.csv,500,4,H-WOA-PSO,0.4497745348251651,1.0,500,0.7151273258741744,0.036,0.8193424000055529
090_UAV_3D_500_users_connect.csv,500,4,I-WOA,0.45614311966804777,1.0,500,0.683284401659761,0.036,5.440663199988194
095_UAV_3D_250_users_connect.csv,250,4,GA,0.44918857287835523,0.996,249,0.6860571356082241,0.056,0.5636855999473482
095_UAV_3D_250_users_connect.csv,250,4,PSO,0.4041015126439416,0.996,249,0.683492436780292,0.284,0.6364253999781795
095_UAV_3D_250_users_connect.csv,250,4,WOA,0.4462251655629139,0.988,247,0.6688741721854304,0.064,0.6838089000084437
095_UAV_3D_250_users_connect.csv,250,4,H-PSO-GA,0.45564964899309746,1.0,250,0.6777517550345127,0.044,0.6634139000088908
095_UAV_3D_250_users_connect.csv,250,4,H-WOA-PSO,0.40382516556291387,0.992,248,0.6688741721854304,0.288,0.6223772999946959
095_UAV_3D_250_users_connect.csv,250,4,I-WOA,0.4048599465792957,1.0,250,0.6997002671035214,0.276,3.9207940999767743
101_UAV_3D_50_users_connect.csv,50,4,GA,0.4474494883034438,1.0,50,0.7227525584827807,0.04,0.5423407999915071
101_UAV_3D_50_users_connect.csv,50,4,PSO,0.4393082467956251,1.0,50,0.6834587660218745,0.12,0.5027789999730885
101_UAV_3D_50_users_connect.csv,50,4,WOA,0.44147777077900563,1.0,50,0.6726111461049716,0.12,0.5554636999731883
101_UAV_3D_50_users_connect.csv,50,4,H-PSO-GA,0.43748992925740304,1.0,50,0.6925503537129843,0.12,0.896857000014279
101_UAV_3D_50_users_connect.csv,50,4,H-WOA-PSO,0.4622251655629139,1.0,50,0.6688741721854304,0.02,0.7907665999955498
101_UAV_3D_50_users_connect.csv,50,4,I-WOA,0.4515259719470578,1.0,50,0.7023701402647109,0.04,1.6422811999800615
098_UAV_3D_400_users_connect.csv,400,4,GA,0.42731866693099474,0.9975,399,0.6734066653450266,0.1825,0.4990213999990374
098_UAV_3D_400_users_connect.csv,400,4,PSO,0.4283051670185713,0.9975,399,0.6759741649071437,0.175,0.42240789998322725
098_UAV_3D_400_users_connect.csv,400,4,WOA,0.42401055182354674,0.995,398,0.6899472408822662,0.175,0.44073390000266954
098_UAV_3D_400_users_connect.csv,400,4,H-PSO-GA,0.42578686555392253,0.9975,399,0.6760656722303877,0.1875,0.48613710002973676
098_UAV_3D_400_users_connect.csv,400,4,H-WOA-PSO,0.4234613797629507,0.995,398,0.6876931011852466,0.18,0.4845649999915622
098_UAV_3D_400_users_connect.csv,400,4,I-WOA,0.4524278076046975,1.0,400,0.6978609619765123,0.04,4.86782200000016
102_UAV_3D_100_users_connect.csv,100,4,GA,0.4478361642505865,1.0,100,0.6908191787470672,0.07,0.8856537000392564
102_UAV_3D_100_users_connect.csv,100,4,PSO,0.4498687500121699,1.0,100,0.6706562499391502,0.08,0.39963299996452406
102_UAV_3D_100_users_connect.csv,100,4,WOA,0.4441824416167024,0.99,99,0.6690877919164876,0.08,0.38884050003252923
102_UAV_3D_100_users_connect.csv,100,4,H-PSO-GA,0.4440272919203949,1.0,100,0.689863540398025,0.09,0.4436561000184156
102_UAV_3D_100_users_connect.csv,100,4,H-WOA-PSO,0.44422516556291386,0.99,99,0.6688741721854304,0.08,0.3998659999924712
102_UAV_3D_100_users_connect.csv,100,4,I-WOA,0.454215205252395,1.0,100,0.6689239737380248,0.06,1.4887849999940954
096_UAV_3D_300_users_connect.csv,300,4,GA,0.4407011918025101,1.0,300,0.7064940409874494,0.09,0.7072477000183426
096_UAV_3D_300_users_connect.csv,300,4,PSO,0.4576195801171672,0.9966666666666667,299,0.6719020994141639,0.03,0.6953677999554202
096_UAV_3D_300_users_connect.csv,300,4,WOA,0.4503315740295868,1.0,300,0.718342129852066,0.03,0.6157513000071049
096_UAV_3D_300_users_connect.csv,300,4,H-PSO-GA,0.454718196302408,1.0,300,0.6897423518212931,0.03666666666666667,0.6131400999729522
096_UAV_3D_300_users_connect.csv,300,4,H-WOA-PSO,0.44696722149657164,1.0,300,0.7018305591838083,0.06333333333333334,0.7830569000216201
096_UAV_3D_300_users_connect.csv,300,4,I-WOA,0.4370022075717439,1.0,300,0.751655628807947,0.06333333333333334,5.32018760003848
097_UAV_3D_350_users_connect.csv,350,4,GA,0.40719194823906957,1.0,350,0.6926116873760807,0.2714285714285714,0.7820366000523791
097_UAV_3D_350_users_connect.csv,350,4,PSO,0.42131625094228237,1.0,350,0.7248473167171595,0.16857142857142857,0.46049019997008145
097_UAV_3D_350_users_connect.csv,350,4,WOA,0.4382194571796073,0.9914285714285714,347,0.7231884283876778,0.06,0.4263914999901317
097_UAV_3D_350_users_connect.csv,350,4,H-PSO-GA,0.43698022214569665,0.9971428571428571,349,0.6750988892715162,0.13142857142857142,0.47189139999682084
097_UAV_3D_350_users_connect.csv,350,4,H-WOA-PSO,0.4320802674483019,1.0,350,0.7481700913299187,0.09142857142857143,0.46871180000016466
097_UAV_3D_350_users_connect.csv,350,4,I-WOA,0.4314863335976932,1.0,350,0.7139969034401054,0.12857142857142856,6.1259713000035845
099_UAV_3D_450_users_connect.csv,450,4,GA,0.44466960052003535,0.9977777777777778,449,0.6922075529553791,0.07777777777777778,0.8316137000219896
099_UAV_3D_450_users_connect.csv,450,4,PSO,0.44648698182153024,0.9977777777777778,449,0.6942317575590158,0.06666666666666667,0.6445891999755986
099_UAV_3D_450_users_connect.csv,450,4,WOA,0.43223697081072093,0.98,441,0.6965929237241731,0.08222222222222222,0.6842200999963097
099_UAV_3D_450_users_connect.csv,450,4,H-PSO-GA,0.4452195530204161,0.9977777777777778,449,0.7005689015645863,0.06666666666666667,1.010133300034795
099_UAV_3D_450_users_connect.csv,450,4,H-WOA-PSO,0.4463081513292366,0.9955555555555555,448,0.6840147989093718,0.07111111111111111,1.0834242000128143
099_UAV_3D_450_users_connect.csv,450,4,I-WOA,0.44045210936013746,0.9977777777777778,449,0.7110727865326458,0.08,5.4973447999800555
103_UAV_3D_150_users_connect.csv,150,4,GA,0.42856389446585474,0.98,147,0.7038471943373927,0.09333333333333334,0.9368620999739505
103_UAV_3D_150_users_connect.csv,150,4,PSO,0.43211369757278395,1.0,150,0.6794315121360799,0.16,0.6396014000056311
103_UAV_3D_150_users_connect.csv,150,4,WOA,0.42818335798809415,0.9933333333333333,149,0.6724165433928623,0.16666666666666666,0.6048092999844812
103_UAV_3D_150_users_connect.csv,150,4,H-PSO-GA,0.4269409541260562,1.0,150,0.6852952293697189,0.18,0.5373649999964982
103_UAV_3D_150_users_connect.csv,150,4,H-WOA-PSO,0.4262251655629139,0.9866666666666667,148,0.6688741721854304,0.16,0.6424638999742456
103_UAV_3D_150_users_connect.csv,150,4,I-WOA,0.426238260976342,1.0,150,0.6821420284516233,0.18666666666666668,3.4958464999799617
104_UAV_3D_200_users_connect.csv,200,4,GA,0.44877967870012136,1.0,200,0.681101606499393,0.075,0.8037584000267088
104_UAV_3D_200_users_connect.csv,200,4,PSO,0.4361847768255109,1.0,200,0.6840761158724453,0.135,0.5881367999827489
104_UAV_3D_200_users_connect.csv,200,4,WOA,0.4282971346813105,0.99,198,0.6885143265934475,0.14,0.450032300024759
104_UAV_3D_200_users_connect.csv,200,4,H-PSO-GA,0.4320112726466112,1.0,200,0.7049436367669438,0.135,0.4753070999868214
104_UAV_3D_200_users_connect.csv,200,4,H-WOA-PSO,0.43736693571209007,1.0,200,0.6831653214395496,0.13,0.4627035000012256
104_UAV_3D_200_users_connect.csv,200,4,I-WOA,0.38714260936722455,0.92,184,0.6892869531638771,0.135,3.808805399981793
105_UAV_3D_250_users_connect.csv,250,4,GA,0.4273295487679092,0.996,249,0.6953522561604543,0.156,0.7560760999913327
105_UAV_3D_250_users_connect.csv,250,4,PSO,0.45902331903384563,1.0,250,0.6688834048307719,0.036,0.6107794999843463
105_UAV_3D_250_users_connect.csv,250,4,WOA,0.45445394677236045,0.988,247,0.6757302661381978,0.016,0.5405347000341862
105_UAV_3D_250_users_connect.csv,250,4,H-PSO-GA,0.461579448623877,1.0,250,0.6721027568806147,0.02,0.6983322000014596
105_UAV_3D_250_users_connect.csv,250,4,H-WOA-PSO,0.43413415190019966,0.996,249,0.6853292404990017,0.132,0.7111088000237942
105_UAV_3D_250_users_connect.csv,250,4,I-WOA,0.45653522325632656,1.0,250,0.6773238837183672,0.04,3.769667999993544
100_UAV_3D_500_users_connect.csv,500,4,GA,0.45002203101722327,0.996,498,0.6878898449138838,0.05,0.7219649999751709
100_UAV_3D_500_users_connect.csv,500,4,PSO,0.4506175566931685,0.996,498,0.6889122165341576,0.046,0.7413299000472762
100_UAV_3D_500_users_connect.csv,500,4,WOA,0.41818548401306366,1.0,500,0.7010725799346819,0.208,0.9771280999993905
100_UAV_3D_500_users_connect.csv,500,4,H-PSO-GA,0.41558533577063417,1.0,500,0.6820733211468291,0.24,1.077689300000202
100_UAV_3D_500_users_connect.csv,500,4,H-WOA-PSO,0.4534251655629139,0.998,499,0.6688741721854304,0.058,0.8305385999847203
100_UAV_3D_500_users_connect.csv,500,4,I-WOA,0.448209218370416,1.0,500,0.7169539081479198,0.042,6.126089999976102
112_UAV_3D_100_users_connect.csv,100,4,GA,0.4460869539837016,1.0,100,0.6895652300814921,0.08,0.7434326000511646
112_UAV_3D_100_users_connect.csv,100,4,PSO,0.4585347520445596,1.0,100,0.6973262397772018,0.01,0.6863111000275239
112_UAV_3D_100_users_connect.csv,100,4,WOA,0.45781734274677,1.0,100,0.7009132862661498,0.01,0.3530468000099063
112_UAV_3D_100_users_connect.csv,100,4,H-PSO-GA,0.4639456446328141,1.0,100,0.6702717768359292,0.01,0.379986000014469
112_UAV_3D_100_users_connect.csv,100,4,H-WOA-PSO,0.45025122830002806,1.0,100,0.6987438584998595,0.05,0.48597129998961464
112_UAV_3D_100_users_connect.csv,100,4,I-WOA,0.4642251655629139,1.0,100,0.6688741721854304,0.01,0.8206057000206783
106_UAV_3D_300_users_connect.csv,300,4,GA,0.4506595048700999,0.9966666666666667,299,0.6900358089828336,0.04666666666666667,0.7044974000309594
106_UAV_3D_300_users_connect.csv,300,4,PSO,0.45675407161399023,1.0,300,0.6828963085967156,0.03333333333333333,0.5120761999860406
106_UAV_3D_300_users_connect.csv,300,4,WOA,0.4470881217716987,0.9933333333333333,298,0.7112260578081732,0.03333333333333333,0.4437837000004947
106_UAV_3D_300_users_connect.csv,300,4,H-PSO-GA,0.4551459575835913,1.0,300,0.6876035454153767,0.03666666666666667,0.5043484999914654
106_UAV_3D_300_users_connect.csv,300,4,H-WOA-PSO,0.45029497909581556,1.0,300,0.708525104520922,0.04,0.47947790002217516
106_UAV_3D_300_users_connect.csv,300,4,I-WOA,0.45215565103732225,0.9966666666666667,299,0.6792217448133887,0.05,4.818333100003656
111_UAV_3D_50_users_connect.csv,50,4,GA,0.42894061857228954,1.0,50,0.6752969071385523,0.18,0.7240270999609493
111_UAV_3D_50_users_connect.csv,50,4,PSO,0.44575989591440607,1.0,50,0.7112005204279694,0.06,0.6449172999709845
111_UAV_3D_50_users_connect.csv,50,4,WOA,0.44622516556291386,1.0,50,0.6688741721854304,0.1,0.6271189999533817
111_UAV_3D_50_users_connect.csv,50,4,H-PSO-GA,0.45261039940664605,1.0,50,0.6769480029667694,0.06,0.5906574000255205
111_UAV_3D_50_users_connect.csv,50,4,H-WOA-PSO,0.4435138677618632,1.0,50,0.6824306611906839,0.1,0.5016783999744803
111_UAV_3D_50_users_connect.csv,50,4,I-WOA,0.44289350061354293,1.0,50,0.6855324969322851,0.1,1.229118799965363
108_UAV_3D_400_users_connect.csv,400,4,GA,0.432942448513175,0.9925,397,0.6902877574341251,0.1225,0.710396500013303
108_UAV_3D_400_users_connect.csv,400,4,PSO,0.433735927334679,0.995,398,0.7088203633266048,0.1075,0.6664053000276908
108_UAV_3D_400_users_connect.csv,400,4,WOA,0.433507334264895,0.9875,395,0.6799633286755249,0.115,0.7368647000403143
108_UAV_3D_400_users_connect.csv,400,4,H-PSO-GA,0.4375179136257973,0.9925,397,0.6749104318710135,0.115,0.9726714999997057
108_UAV_3D_400_users_connect.csv,400,4,H-WOA-PSO,0.43853653507605506,0.99,396,0.6723173246197245,0.105,0.7728340000030585
108_UAV_3D_400_users_connect.csv,400,4,I-WOA,0.43616830676219775,0.9975,399,0.6941584661890112,0.1175,3.4110094000352547
107_UAV_3D_350_users_connect.csv,350,4,GA,0.4494210514411261,1.0,350,0.6871804570800836,0.06571428571428571,0.7071523999911733
107_UAV_3D_350_users_connect.csv,350,4,PSO,0.4449685829776897,0.9885714285714285,346,0.6894427993972654,0.05142857142857143,0.6012921999790706
107_UAV_3D_350_users_connect.csv,350,4,WOA,0.45394029618971937,0.9971428571428571,349,0.6902985190514028,0.03142857142857143,0.7165011000470258
107_UAV_3D_350_users_connect.csv,350,4,H-PSO-GA,0.44663999956052836,0.9857142857142858,345,0.6753714307687866,0.04857142857142857,0.9198689000331797
107_UAV_3D_350_users_connect.csv,350,4,H-WOA-PSO,0.4560066413057667,1.0,350,0.6856810791854524,0.03428571428571429,0.9534662000369281
107_UAV_3D_350_users_connect.csv,350,4,I-WOA,0.44460451148880775,1.0,350,0.679834585413104,0.09714285714285714,4.05945870000869
114_UAV_3D_200_users_connect.csv,200,4,GA,0.44135961121989076,1.0,200,0.738201943900546,0.055,0.41886320000048727
114_UAV_3D_200_users_connect.csv,200,4,PSO,0.45322516556291387,1.0,200,0.6688741721854304,0.065,0.3771819000248797
114_UAV_3D_200_users_connect.csv,200,4,WOA,0.43904136834585716,0.99,198,0.7547931582707141,0.02,0.40114890004042536
114_UAV_3D_200_users_connect.csv,200,4,H-PSO-GA,0.45521937040350047,1.0,200,0.6689031479824976,0.055,0.4450327000231482
114_UAV_3D_200_users_connect.csv,200,4,H-WOA-PSO,0.4396064904439676,1.0,200,0.7469675477801616,0.055,0.43802490003872663
114_UAV_3D_200_users_connect.csv,200,4,I-WOA,0.4405681066930426,1.0,200,0.7271594665347867,0.07,2.846668599988334
113_UAV_3D_150_users_connect.csv,150,4,GA,0.4422342143712773,1.0,150,0.7021622614769467,0.08666666666666667,0.626972800004296
113_UAV_3D_150_users_connect.csv,150,4,PSO,0.45393271257553025,1.0,150,0.6703364371223487,0.06,0.584051100013312
113_UAV_3D_150_users_connect.csv,150,4,WOA,0.4595584988962472,1.0,150,0.6688741721854304,0.03333333333333333,0.3864488000399433
113_UAV_3D_150_users_connect.csv,150,4,H-PSO-GA,0.45344841122212476,1.0,150,0.6727579438893758,0.06,0.431447200011462
113_UAV_3D_150_users_connect.csv,150,4,H-WOA-PSO,0.44152605500962,1.0,150,0.6990363916185665,0.09333333333333334,0.4305247999727726
113_UAV_3D_150_users_connect.csv,150,4,I-WOA,0.46118475789095514,1.0,150,0.674076210545224,0.02,2.8961145999492146
115_UAV_3D_250_users_connect.csv,250,4,GA,0.4475793160050482,1.0,250,0.7061034199747588,0.056,0.5778471999801695
115_UAV_3D_250_users_connect.csv,250,4,PSO,0.4514306223796172,0.996,249,0.6788468881019141,0.052,0.49048759997822344
115_UAV_3D_250_users_connect.csv,250,4,WOA,0.4504428360623971,0.996,249,0.6757858196880143,0.06,0.5375938999932259
115_UAV_3D_250_users_connect.csv,250,4,H-PSO-GA,0.4514799639740568,1.0,250,0.6706001801297157,0.072,0.7767177000059746
115_UAV_3D_250_users_connect.csv,250,4,H-WOA-PSO,0.4521757137589053,1.0,250,0.6831214312054734,0.056,0.8242478999891318
115_UAV_3D_250_users_connect.csv,250,4,I-WOA,0.450113185900988,1.0,250,0.6854340704950602,0.064,2.6405789999989793
109_UAV_3D_450_users_connect.csv,450,4,GA,0.4476416937848974,1.0,450,0.7017915310755131,0.06,0.8652197999763303
109_UAV_3D_450_users_connect.csv,450,4,PSO,0.4509896557677412,1.0,450,0.6872739433835163,0.057777777777777775,0.8086513999733143
109_UAV_3D_450_users_connect.csv,450,4,WOA,0.4497153886111874,1.0,450,0.7114230569440625,0.04,0.9176729999599047
109_UAV_3D_450_users_connect.csv,450,4,H-PSO-GA,0.45993410007957114,1.0,450,0.6692183884910329,0.03111111111111111,0.858562899986282
109_UAV_3D_450_users_connect.csv,450,4,H-WOA-PSO,0.4604473877851361,1.0,450,0.6688741721854304,0.028888888888888888,0.7884569999878295
109_UAV_3D_450_users_connect.csv,450,4,I-WOA,0.4491382093643355,1.0,450,0.7143089531783222,0.04,5.30136790004326
110_UAV_3D_500_users_connect.csv,500,4,GA,0.4360582578758565,0.988,494,0.6717087106207175,0.112,0.896740399999544
110_UAV_3D_500_users_connect.csv,500,4,PSO,0.45397566477588136,1.0,500,0.684121676120593,0.046,0.8583544999710284
110_UAV_3D_500_users_connect.csv,500,4,WOA,0.45205284415109503,0.998,499,0.677735779244525,0.056,0.9946292000240646
110_UAV_3D_500_users_connect.csv,500,4,H-PSO-GA,0.45216165110309087,0.998,499,0.6751917444845454,0.058,0.8634350000065751
110_UAV_3D_500_users_connect.csv,500,4,H-WOA-PSO,0.4290206551999402,0.982,491,0.6688967240002988,0.132,0.6963213999988511
110_UAV_3D_500_users_connect.csv,500,4,I-WOA,0.44535905722854524,1.0,500,0.7352047138572735,0.038,5.49706129997503
121_UAV_3D_50_users_connect.csv,50,4,GA,0.43520861335778654,1.0,50,0.683956933211067,0.14,0.5469405999756418
121_UAV_3D_50_users_connect.csv,50,4,PSO,0.4661829169229037,1.0,50,0.6690854153854814,0.0,0.4528111999970861
121_UAV_3D_50_users_connect.csv,50,4,WOA,0.4622251655629139,1.0,50,0.6688741721854304,0.02,0.4582355000311509
121_UAV_3D_50_users_connect.csv,50,4,H-PSO-GA,0.46602773547533394,1.0,50,0.6698613226233302,0.0,0.5677965999930166
121_UAV_3D_50_users_connect.csv,50,4,H-WOA-PSO,0.46100820668924003,1.0,50,0.6749589665537996,0.02,0.7259773999685422
121_UAV_3D_50_users_connect.csv,50,4,I-WOA,0.4402799883580083,1.0,50,0.7386000582099584,0.06,1.730383400048595
122_UAV_3D_100_users_connect.csv,100,4,GA,0.43797907429495697,1.0,100,0.7101046285252149,0.1,0.5220896000391804
122_UAV_3D_100_users_connect.csv,100,4,PSO,0.4592843039108512,1.0,100,0.6735784804457441,0.03,0.48963919997913763
122_UAV_3D_100_users_connect.csv,100,4,WOA,0.4485861605905763,1.0,100,0.687069197047118,0.07,0.5539855000097305
122_UAV_3D_100_users_connect.csv,100,4,H-PSO-GA,0.45994754486760564,1.0,100,0.6702622756619716,0.03,0.7721522999927402
122_UAV_3D_100_users_connect.csv,100,4,H-WOA-PSO,0.4435249729570328,1.0,100,0.7223751352148358,0.06,0.6115024000173435
122_UAV_3D_100_users_connect.csv,100,4,I-WOA,0.44552657790105543,1.0,100,0.6923671104947227,0.08,1.8563528999802656
117_UAV_3D_350_users_connect.csv,350,4,GA,0.44662900713141535,1.0,350,0.6782835357714945,0.08857142857142856,0.5969511999865063
117_UAV_3D_350_users_connect.csv,350,4,PSO,0.41648509238713016,0.9942857142857143,348,0.6690031094929205,0.23142857142857143,0.42992009996669367
117_UAV_3D_350_users_connect.csv,350,4,WOA,0.41765259552570977,0.9971428571428571,349,0.6688798795143077,0.2342857142857143,0.4269198999973014
117_UAV_3D_350_users_connect.csv,350,4,H-PSO-GA,0.4126172490853127,0.9942857142857143,348,0.6740566117162933,0.24571428571428572,0.4836469999863766
117_UAV_3D_350_users_connect.csv,350,4,H-WOA-PSO,0.41479659413434244,0.9942857142857143,348,0.6688741721854304,0.24,0.4739092999952845
117_UAV_3D_350_users_connect.csv,350,4,I-WOA,0.4138725660948512,0.9942857142857143,348,0.6734943123828868,0.24,5.0815277000074275
116_UAV_3D_300_users_connect.csv,300,4,GA,0.4471584571154644,1.0,300,0.6942077144226778,0.07,0.4804959999746643
116_UAV_3D_300_users_connect.csv,300,4,PSO,0.44023056511012026,1.0,300,0.6821805077827321,0.11666666666666667,0.4479572999989614
116_UAV_3D_300_users_connect.csv,300,4,WOA,0.4447835539200016,1.0,300,0.6794155637333256,0.09666666666666666,0.7108599999919534
116_UAV_3D_300_users_connect.csv,300,4,H-PSO-GA,0.4364597748698778,1.0,300,0.6843677923172776,0.13333333333333333,0.8845766999875195
116_UAV_3D_300_users_connect.csv,300,4,H-WOA-PSO,0.4400212272386389,1.0,300,0.6832271971401389,0.11666666666666667,0.6035365000134334
116_UAV_3D_300_users_connect.csv,300,4,I-WOA,0.43368371619583557,0.9966666666666667,299,0.7049147523541555,0.11666666666666667,5.0256359000341035
120_UAV_3D_500_users_connect.csv,500,4,GA,0.4242458534552681,0.994,497,0.6787707327236591,0.182,0.9736179999890737
120_UAV_3D_500_users_connect.csv,500,4,PSO,0.43283915681954394,0.998,499,0.6818042159022801,0.148,0.6015233999933116
120_UAV_3D_500_users_connect.csv,500,4,WOA,0.42824808402708336,0.988,494,0.6727595798645828,0.15,0.47633969999151304
120_UAV_3D_500_users_connect.csv,500,4,H-PSO-GA,0.43065486732485,0.998,499,0.6827256633757498,0.158,0.5276254999917
120_UAV_3D_500_users_connect.csv,500,4,H-WOA-PSO,0.4349883424925792,0.998,499,0.6690582875371038,0.15,0.5135560000198893
120_UAV_3D_500_users_connect.csv,500,4,I-WOA,0.42920430048684144,0.986,493,0.669978497565793,0.142,5.402529500017408
118_UAV_3D_400_users_connect.csv,400,4,GA,0.42875545925906294,0.9875,395,0.6862227037046853,0.1325,0.7423032999504358
118_UAV_3D_400_users_connect.csv,400,4,PSO,0.4310853537219216,0.9975,399,0.6820732313903919,0.155,0.8391346999560483
118_UAV_3D_400_users_connect.csv,400,4,WOA,0.42704900162874543,0.985,394,0.6872549918562725,0.1325,0.5295436999876983
118_UAV_3D_400_users_connect.csv,400,4,H-PSO-GA,0.4296788552304396,0.9975,399,0.6866057238478023,0.1575,0.5064286999986507
118_UAV_3D_400_users_connect.csv,400,4,H-WOA-PSO,0.43198145170322666,1.0,400,0.6800927414838663,0.16,0.4932064000167884
118_UAV_3D_400_users_connect.csv,400,4,I-WOA,0.43517576098531147,0.9975,399,0.6991211950734428,0.1175,6.197279400017578
124_UAV_3D_200_users_connect.csv,200,4,GA,0.43226995910230526,1.0,200,0.7486502044884736,0.09,0.8373700000229292
124_UAV_3D_200_users_connect.csv,200,4,PSO,0.4476835578893704,0.995,199,0.7115822105531479,0.035,0.6130225999513641
124_UAV_3D_200_users_connect.csv,200,4,WOA,0.44868837175309717,1.0,200,0.7315581412345138,0.025,0.5447628000401892
124_UAV_3D_200_users_connect.csv,200,4,H-PSO-GA,0.45034605413913276,0.995,199,0.683269729304336,0.05,0.7320702000288293
124_UAV_3D_200_users_connect.csv,200,4,H-WOA-PSO,0.4122251655629139,0.975,195,0.6688741721854304,0.195,0.754484900040552
124_UAV_3D_200_users_connect.csv,200,4,I-WOA,0.45769059169545134,0.995,199,0.6765470415227431,0.02,2.7327466000569984
123_UAV_3D_150_users_connect.csv,150,4,GA,0.43945759981362925,1.0,150,0.6893786675985201,0.11333333333333333,0.7460467999917455
123_UAV_3D_150_users_connect.csv,150,4,PSO,0.44328925716040146,1.0,150,0.6835537141979925,0.1,0.6101444999803789
123_UAV_3D_150_users_connect.csv,150,4,WOA,0.4367737511598468,1.0,150,0.7561312442007658,0.06,0.5438295999774709
123_UAV_3D_150_users_connect.csv,150,4,H-PSO-GA,0.44588486356629414,1.0,150,0.677242348835196,0.09333333333333334,0.6705761000048369
123_UAV_3D_150_users_connect.csv,150,4,H-WOA-PSO,0.43122570099524304,0.9866666666666667,148,0.7238714950237847,0.08,0.7533197999582626
123_UAV_3D_150_users_connect.csv,150,4,I-WOA,0.4447252420330329,1.0,150,0.6963737898348354,0.08,3.0922534000128508
119_UAV_3D_450_users_connect.csv,450,4,GA,0.4402978013107656,0.9933333333333333,447,0.6851776601128385,0.09333333333333334,0.8231191000086255
119_UAV_3D_450_users_connect.csv,450,4,PSO,0.4356328584941384,0.9977777777777778,449,0.6951690408626412,0.12,0.8763470000121742
119_UAV_3D_450_users_connect.csv,450,4,WOA,0.4355277672650045,0.9933333333333333,447,0.689027830341644,0.11333333333333333,0.5640168999671005
119_UAV_3D_450_users_connect.csv,450,4,H-PSO-GA,0.4269073870447289,0.9888888888888889,445,0.6699075092208,0.1622222222222222,0.7349940999993123
119_UAV_3D_450_users_connect.csv,450,4,H-WOA-PSO,0.45225465513976554,0.9955555555555555,448,0.6787267243011719,0.04666666666666667,0.8939193999976851
119_UAV_3D_450_users_connect.csv,450,4,I-WOA,0.45095421893807375,0.9977777777777778,449,0.7096733497540759,0.028888888888888888,6.795370300009381
125_UAV_3D_250_users_connect.csv,250,4,GA,0.3996441064415207,1.0,250,0.6897794677923962,0.312,0.6567288999794982
125_UAV_3D_250_users_connect.csv,250,4,PSO,0.4398225545624498,1.0,250,0.6808872271877507,0.12,0.6098885000101291
125_UAV_3D_250_users_connect.csv,250,4,WOA,0.43399298451489376,0.988,247,0.7100350774255312,0.084,0.7293850000132807
125_UAV_3D_250_users_connect.csv,250,4,H-PSO-GA,0.43497690069510503,0.996,249,0.6891154965244748,0.124,0.7218716999632306
125_UAV_3D_250_users_connect.csv,250,4,H-WOA-PSO,0.43862088187015663,1.0,250,0.6828955906492169,0.124,0.6984921999974176
125_UAV_3D_250_users_connect.csv,250,4,I-WOA,0.43708503847490215,0.988,247,0.6705748076254893,0.108,3.0667409999878146
131_UAV_3D_50_users_connect.csv,50,4,GA,0.43587169294618,1.0,50,0.6806415352690998,0.14,0.5538174000103027
131_UAV_3D_50_users_connect.csv,50,4,PSO,0.45822516556291387,1.0,50,0.6688741721854304,0.04,0.4667809000238776
131_UAV_3D_50_users_connect.csv,50,4,WOA,0.45812713380873693,1.0,50,0.669364330956315,0.04,0.6268440000130795
131_UAV_3D_50_users_connect.csv,50,4,H-PSO-GA,0.4621447480027868,1.0,50,0.6692762599860657,0.02,0.6589195000124164
131_UAV_3D_50_users_connect.csv,50,4,H-WOA-PSO,0.4622251655629139,1.0,50,0.6688741721854304,0.02,0.6215497000375763
131_UAV_3D_50_users_connect.csv,50,4,I-WOA,0.42804869268725115,0.96,48,0.6797565365637439,0.06,1.2520631999941543
127_UAV_3D_350_users_connect.csv,350,4,GA,0.4381826245144493,0.9885714285714285,346,0.7062297345706102,0.06857142857142857,0.7132442000438459
127_UAV_3D_350_users_connect.csv,350,4,PSO,0.4558579842848046,0.9971428571428571,349,0.6692815071474052,0.04285714285714286,0.7466173999710009
127_UAV_3D_350_users_connect.csv,350,4,WOA,0.4527589407743671,0.9971428571428571,349,0.6733481532710213,0.054285714285714284,0.66878030000953
127_UAV_3D_350_users_connect.csv,350,4,H-PSO-GA,0.42762304952721175,0.9971428571428571,349,0.6847418952210838,0.16857142857142857,0.5352950999513268
127_UAV_3D_350_users_connect.csv,350,4,H-WOA-PSO,0.45074549768842354,0.9942857142857143,348,0.6691296544150247,0.06,0.4793781000189483
127_UAV_3D_350_users_connect.csv,350,4,I-WOA,0.45593945127719954,0.9971428571428571,349,0.6688741721854304,0.04285714285714286,4.6159908000263385
126_UAV_3D_300_users_connect.csv,300,4,GA,0.4232951200688517,0.98,294,0.683524399655741,0.14,0.670931999979075
126_UAV_3D_300_users_connect.csv,300,4,PSO,0.45078656279210966,1.0,300,0.6727338527061182,0.07333333333333333,0.6166341000352986
126_UAV_3D_300_users_connect.csv,300,4,WOA,0.44889183222958057,0.9966666666666667,299,0.6688741721854304,0.07666666666666666,0.7257089999620803
126_UAV_3D_300_users_connect.csv,300,4,H-PSO-GA,0.44844406388834,1.0,300,0.6811130138916334,0.07666666666666666,0.7576509999926202
126_UAV_3D_300_users_connect.csv,300,4,H-WOA-PSO,0.45022516556291386,0.9966666666666667,299,0.6688741721854304,0.07,0.6391633999883197
126_UAV_3D_300_users_connect.csv,300,4,I-WOA,0.4442298518137895,1.0,300,0.7121840742643858,0.06666666666666667,4.92701310000848
132_UAV_3D_100_users_connect.csv,100,4,GA,0.44545527960063236,1.0,100,0.672723601996838,0.1,0.6587884000036865
132_UAV_3D_100_users_connect.csv,100,4,PSO,0.44622516556291386,1.0,100,0.6688741721854304,0.1,0.5961191999958828
132_UAV_3D_100_users_connect.csv,100,4,WOA,0.44622516556291386,1.0,100,0.6688741721854304,0.1,0.5321383000118658
132_UAV_3D_100_users_connect.csv,100,4,H-PSO-GA,0.43720970809227133,1.0,100,0.6939514595386429,0.12,0.5681066000252031
132_UAV_3D_100_users_connect.csv,100,4,H-WOA-PSO,0.44622516556291386,1.0,100,0.6688741721854304,0.1,0.577925999998115
132_UAV_3D_100_users_connect.csv,100,4,I-WOA,0.44622516556291386,1.0,100,0.6688741721854304,0.1,2.17729760002112
130_UAV_3D_500_users_connect.csv,500,4,GA,0.4089688771169643,0.996,498,0.6771556144151787,0.266,0.491549699974712
130_UAV_3D_500_users_connect.csv,500,4,PSO,0.4449544417646067,0.984,492,0.6692277911769661,0.058,0.47366780001902953
130_UAV_3D_500_users_connect.csv,500,4,WOA,0.4553829904040208,0.99,495,0.6770850479798959,0.016,0.47053749999031425
130_UAV_3D_500_users_connect.csv,500,4,H-PSO-GA,0.419739110942269,0.998,499,0.6693044452886547,0.226,0.5210184999741614
130_UAV_3D_500_users_connect.csv,500,4,H-WOA-PSO,0.45148389296087627,1.0,500,0.6705805351956184,0.072,0.5067742000101134
130_UAV_3D_500_users_connect.csv,500,4,I-WOA,0.4537587835093084,0.992,496,0.6892060824534576,0.018,5.501912600011565
134_UAV_3D_200_users_connect.csv,200,4,GA,0.45152209560051343,1.0,200,0.6873895219974326,0.055,0.4130451999953948
134_UAV_3D_200_users_connect.csv,200,4,PSO,0.4021378072785276,0.995,199,0.6693109636073619,0.305,0.368258300004527
134_UAV_3D_200_users_connect.csv,200,4,WOA,0.4447812506505042,0.995,199,0.7160937467474787,0.045,0.3771444999729283
134_UAV_3D_200_users_connect.csv,200,4,H-PSO-GA,0.40166925232669787,1.0,200,0.6866537383665103,0.305,0.4365290999994613
134_UAV_3D_200_users_connect.csv,200,4,H-WOA-PSO,0.45711214845330017,1.0,200,0.6694392577334991,0.045,0.42986169998766854
134_UAV_3D_200_users_connect.csv,200,4,I-WOA,0.44701694663139135,1.0,200,0.674915266843043,0.09,4.249219499994069
129_UAV_3D_450_users_connect.csv,450,4,GA,0.4446691396858241,1.0,450,0.7099876349042128,0.06666666666666667,0.7595607999828644
129_UAV_3D_450_users_connect.csv,450,4,PSO,0.44792844393099707,0.9955555555555555,448,0.6892466692339031,0.057777777777777775,0.6399759000050835
129_UAV_3D_450_users_connect.csv,450,4,WOA,0.4585101897201276,0.9955555555555555,448,0.669671273621584,0.024444444444444446,0.7241093999473378
129_UAV_3D_450_users_connect.csv,450,4,H-PSO-GA,0.451448128277966,1.0,450,0.6694260252768366,0.07333333333333333,0.8855646000010893
129_UAV_3D_450_users_connect.csv,450,4,H-WOA-PSO,0.45881651505492205,0.9977777777777778,449,0.6703618691698341,0.028888888888888888,0.8607313000247814
129_UAV_3D_450_users_connect.csv,450,4,I-WOA,0.44713661313060754,0.9977777777777778,449,0.6843169343469624,0.07333333333333333,5.594981200003531
135_UAV_3D_250_users_connect.csv,250,4,GA,0.4144222448448704,1.0,250,0.6838887757756479,0.244,0.7289052999694832
135_UAV_3D_250_users_connect.csv,250,4,PSO,0.41560839227499774,1.0,250,0.6979580386250109,0.224,0.5471087000332773
135_UAV_3D_250_users_connect.csv,250,4,WOA,0.45092919537176795,0.996,249,0.6693540231411603,0.064,0.4014968000119552
135_UAV_3D_250_users_connect.csv,250,4,H-PSO-GA,0.4488829845197751,1.0,250,0.6835850774011241,0.072,0.43849430000409484
135_UAV_3D_250_users_connect.csv,250,4,H-WOA-PSO,0.41582516556291393,0.996,249,0.6688741721854304,0.24,0.4353130000527017
135_UAV_3D_250_users_connect.csv,250,4,I-WOA,0.454508359652369,1.0,250,0.6794582017381547,0.048,4.685441199981142
133_UAV_3D_150_users_connect.csv,150,4,GA,0.4461270168343283,1.0,150,0.7026982491616918,0.06666666666666667,0.6726721000159159
133_UAV_3D_150_users_connect.csv,150,4,PSO,0.4455480588425772,1.0,150,0.6922597057871138,0.08,0.6088173000025563
133_UAV_3D_150_users_connect.csv,150,4,WOA,0.4362291567873213,1.0,150,0.6721875493967266,0.14666666666666667,0.48109409998869523
133_UAV_3D_150_users_connect.csv,150,4,H-PSO-GA,0.4401196083269506,1.0,150,0.6794019583652469,0.12,0.6013471999904141
133_UAV_3D_150_users_connect.csv,150,4,H-WOA-PSO,0.4482261816249169,1.0,150,0.6988690918754152,0.06,0.6526116000022739
133_UAV_3D_150_users_connect.csv,150,4,I-WOA,0.44999520907608753,1.0,150,0.6966906212862288,0.05333333333333334,4.584330099984072
128_UAV_3D_400_users_connect.csv,400,4,GA,0.43404472624516816,0.99,396,0.6997763687741589,0.1,0.8577132999780588
128_UAV_3D_400_users_connect.csv,400,4,PSO,0.44602841403981525,0.9975,399,0.689857929800924,0.0725,0.6620796000352129
128_UAV_3D_400_users_connect.csv,400,4,WOA,0.44524857470685675,0.9825,393,0.6712571264657164,0.05,0.55876200000057
128_UAV_3D_400_users_connect.csv,400,4,H-PSO-GA,0.4476933940280864,0.9975,399,0.6790330298595679,0.075,0.7576954999822192
128_UAV_3D_400_users_connect.csv,400,4,H-WOA-PSO,0.4472251655629139,0.9875,395,0.6688741721854304,0.0575,0.8626558000105433
128_UAV_3D_400_users_connect.csv,400,4,I-WOA,0.44695663358642623,0.99,396,0.6752168320678684,0.06,7.433019499992952
141_UAV_3D_50_users_connect.csv,50,4,GA,0.4420112589719924,1.0,50,0.6699437051400378,0.12,0.9075621999800205
141_UAV_3D_50_users_connect.csv,50,4,PSO,0.44222516556291386,1.0,50,0.6688741721854304,0.12,0.3417584999697283
141_UAV_3D_50_users_connect.csv,50,4,WOA,0.43531486750365017,1.0,50,0.6834256624817489,0.14,0.3355957999592647
141_UAV_3D_50_users_connect.csv,50,4,H-PSO-GA,0.44198601834579876,1.0,50,0.6700699082710061,0.12,0.38963510002940893
141_UAV_3D_50_users_connect.csv,50,4,H-WOA-PSO,0.44222516556291386,1.0,50,0.6688741721854304,0.12,0.37410240003373474
141_UAV_3D_50_users_connect.csv,50,4,I-WOA,0.4355172881939601,1.0,50,0.6824135590301994,0.14,1.8719019000418484
142_UAV_3D_100_users_connect.csv,100,4,GA,0.4422673139074915,0.99,99,0.7086634304625423,0.05,0.8755762000218965
142_UAV_3D_100_users_connect.csv,100,4,PSO,0.4262251655629139,1.0,100,0.6688741721854304,0.2,0.5756209999672137
142_UAV_3D_100_users_connect.csv,100,4,WOA,0.42233140755116183,0.99,99,0.6883429622441906,0.17,0.5365064999787137
142_UAV_3D_100_users_connect.csv,100,4,H-PSO-GA,0.46027322235248225,1.0,100,0.6786338882375885,0.02,0.7148711999761872
142_UAV_3D_100_users_connect.csv,100,4,H-WOA-PSO,0.4302251655629139,1.0,100,0.6688741721854304,0.18,0.6745447999564931
142_UAV_3D_100_users_connect.csv,100,4,I-WOA,0.42942137466757574,1.0,100,0.6728931266621214,0.18,1.5341938000055961
136_UAV_3D_300_users_connect.csv,300,4,GA,0.45220226295188054,1.0,300,0.6923220185739302,0.04666666666666667,0.6331221000291407
136_UAV_3D_300_users_connect.csv,300,4,PSO,0.4055908559568978,1.0,300,0.6787123868821776,0.29333333333333333,0.5442237000097521
136_UAV_3D_300_users_connect.csv,300,4,WOA,0.45329752597357564,1.0,300,0.6835123701321216,0.05,0.6996165000018664
136_UAV_3D_300_users_connect.csv,300,4,H-PSO-GA,0.40381239083740883,1.0,300,0.6776047124796225,0.30333333333333334,0.7978572000283748
136_UAV_3D_300_users_connect.csv,300,4,H-WOA-PSO,0.4055584988962472,0.9933333333333333,298,0.6688741721854304,0.2833333333333333,1.2794689000002109
136_UAV_3D_300_users_connect.csv,300,4,I-WOA,0.4000159885999839,0.9933333333333333,298,0.6832533903334136,0.2966666666666667,5.358933400013484
137_UAV_3D_350_users_connect.csv,350,4,GA,0.41787644819920006,0.9971428571428571,349,0.7249034732897135,0.17714285714285713,0.6471248000161722
137_UAV_3D_350_users_connect.csv,350,4,PSO,0.4353522143021419,0.9971428571428571,349,0.7118103570607185,0.10285714285714286,0.6670585999963805
137_UAV_3D_350_users_connect.csv,350,4,WOA,0.4412288393833701,1.0,350,0.6709986602260065,0.12285714285714286,0.6552684999769554
137_UAV_3D_350_users_connect.csv,350,4,H-PSO-GA,0.43973609296806254,0.9885714285714285,346,0.6727481065882582,0.09428571428571429,1.1075082999886945
137_UAV_3D_350_users_connect.csv,350,4,H-WOA-PSO,0.4192716134391412,0.9971428571428571,349,0.7322133613757218,0.16285714285714287,1.4272561999969184
137_UAV_3D_350_users_connect.csv,350,4,I-WOA,0.41683180483515514,1.0,350,0.7329838329670814,0.18285714285714286,5.496863200038206
143_UAV_3D_150_users_connect.csv,150,4,GA,0.4222049631585073,1.0,150,0.6889751842074634,0.2,0.7604412999935448
143_UAV_3D_150_users_connect.csv,150,4,PSO,0.4399741457505209,1.0,150,0.6867959379140619,0.11333333333333333,0.4330191000481136
143_UAV_3D_150_users_connect.csv,150,4,WOA,0.42611603910492263,1.0,150,0.6760864711420533,0.19333333333333333,0.368243100005202
143_UAV_3D_150_users_connect.csv,150,4,H-PSO-GA,0.4360326454983641,1.0,150,0.6931701058415126,0.12666666666666668,0.425545800011605
143_UAV_3D_150_users_connect.csv,150,4,H-WOA-PSO,0.4251134744089107,1.0,150,0.6944326279554466,0.18,0.4246617000317201
143_UAV_3D_150_users_connect.csv,150,4,I-WOA,0.44320062687419537,0.9933333333333333,149,0.6773301989623564,0.08666666666666667,2.8767201000009663
144_UAV_3D_200_users_connect.csv,200,4,GA,0.4195567648114505,1.0,200,0.6922161759427474,0.21,0.42153190000681207
144_UAV_3D_200_users_connect.csv,200,4,PSO,0.4074119503182112,1.0,200,0.6779402484089438,0.285,0.3791864000377245
144_UAV_3D_200_users_connect.csv,200,4,WOA,0.4426522923151054,0.985,197,0.7167385384244727,0.025,0.3795250999974087
144_UAV_3D_200_users_connect.csv,200,4,H-PSO-GA,0.407242026095275,1.0,200,0.673789869523625,0.29,0.444420000014361
144_UAV_3D_200_users_connect.csv,200,4,H-WOA-PSO,0.4042251655629139,0.99,198,0.6688741721854304,0.28,0.43766980001237243
144_UAV_3D_200_users_connect.csv,200,4,I-WOA,0.44968518127608026,1.0,200,0.6965740936195984,0.055,2.749925300013274
139_UAV_3D_450_users_connect.csv,450,4,GA,0.4516995063391534,0.9977777777777778,449,0.6903913571931218,0.044444444444444446,1.0714383000158705
139_UAV_3D_450_users_connect.csv,450,4,PSO,0.4506370657181161,0.9911111111111112,446,0.6801480047427527,0.04,1.3579250000184402
139_UAV_3D_450_users_connect.csv,450,4,WOA,0.44885634029096405,1.0,450,0.7157182985451795,0.04,0.7795721999718808
139_UAV_3D_450_users_connect.csv,450,4,H-PSO-GA,0.45218598253323516,0.9955555555555555,448,0.681292309556046,0.044444444444444446,0.5243541999952868
139_UAV_3D_450_users_connect.csv,450,4,H-WOA-PSO,0.452280900723874,0.9955555555555555,448,0.6808177186028519,0.044444444444444446,0.5355370999895968
139_UAV_3D_450_users_connect.csv,450,4,I-WOA,0.45312748835154154,0.9955555555555555,448,0.6788070026867365,0.042222222222222223,4.923575300024822
138_UAV_3D_400_users_connect.csv,400,4,GA,0.4591335376679717,1.0,400,0.6718323116601412,0.0325,0.8100609000539407
138_UAV_3D_400_users_connect.csv,400,4,PSO,0.44496546347040905,1.0,400,0.6726726826479547,0.1025,0.7185466999653727
138_UAV_3D_400_users_connect.csv,400,4,WOA,0.45484107093256687,0.9875,395,0.6732946453371658,0.015,1.1844970000092871
138_UAV_3D_400_users_connect.csv,400,4,H-PSO-GA,0.4019779690253674,1.0,400,0.6876101548731629,0.3025,0.6468159999931231
138_UAV_3D_400_users_connect.csv,400,4,H-WOA-PSO,0.4601754758636387,1.0,400,0.6716226206818062,0.0275,1.0400589000200853
138_UAV_3D_400_users_connect.csv,400,4,I-WOA,0.4573056190388533,0.9975,399,0.6834719048057337,0.0225,6.157627000007778
140_UAV_3D_500_users_connect.csv,500,4,GA,0.42686441247951823,1.0,500,0.7056779376024087,0.16,1.2264844999881461
140_UAV_3D_500_users_connect.csv,500,4,PSO,0.4398492615726888,1.0,500,0.6707536921365558,0.13,1.3745183999999426
140_UAV_3D_500_users_connect.csv,500,4,WOA,0.4205164726405741,0.982,491,0.683417636797129,0.16,0.8617286999942735
140_UAV_3D_500_users_connect.csv,500,4,H-PSO-GA,0.43712665664461653,0.998,499,0.6763667167769174,0.132,0.81315210001776
140_UAV_3D_500_users_connect.csv,500,4,H-WOA-PSO,0.4347769734594554,1.0,500,0.7081151327027229,0.118,1.0073683999944478
140_UAV_3D_500_users_connect.csv,500,4,I-WOA,0.4290342285012069,0.988,494,0.6828288574939653,0.136,5.45971190003911
145_UAV_3D_250_users_connect.csv,250,4,GA,0.3880632237958161,1.0,250,0.6876838810209193,0.372,0.7565439000027254
145_UAV_3D_250_users_connect.csv,250,4,PSO,0.39487081467469,1.0,250,0.66964592662655,0.356,0.7581310999812558
145_UAV_3D_250_users_connect.csv,250,4,WOA,0.44660574514272394,1.0,250,0.7269712742863801,0.04,0.6097942999913357
145_UAV_3D_250_users_connect.csv,250,4,H-PSO-GA,0.39072239836312694,1.0,250,0.6743880081843651,0.372,0.7196426999871619
145_UAV_3D_250_users_connect.csv,250,4,H-WOA-PSO,0.44835049697362844,1.0,250,0.6902475151318578,0.068,0.8164072999497876
145_UAV_3D_250_users_connect.csv,250,4,I-WOA,0.44724281274980066,1.0,250,0.6957859362509966,0.068,3.215599299990572
151_UAV_3D_50_users_connect.csv,50,4,GA,0.44916848568941864,1.0,50,0.6741575715529066,0.08,0.38092039996990934
151_UAV_3D_50_users_connect.csv,50,4,PSO,0.45422516556291387,1.0,50,0.6688741721854304,0.06,0.3361009999644011
151_UAV_3D_50_users_connect.csv,50,4,WOA,0.45422516556291387,1.0,50,0.6688741721854304,0.06,0.3312439000001177
151_UAV_3D_50_users_connect.csv,50,4,H-PSO-GA,0.44874441145771776,1.0,50,0.696277942711411,0.06,0.5283760000020266
151_UAV_3D_50_users_connect.csv,50,4,H-WOA-PSO,0.45395930774561954,1.0,50,0.6702034612719021,0.06,0.543227200047113
151_UAV_3D_50_users_connect.csv,50,4,I-WOA,0.4456071173032847,1.0,50,0.7119644134835763,0.06,1.1390375000191852
146_UAV_3D_300_users_connect.csv,300,4,GA,0.443992460224028,0.99,297,0.6867043655465265,0.06333333333333334,0.8047398999915458
146_UAV_3D_300_users_connect.csv,300,4,PSO,0.44938124925767436,0.98,294,0.6697604203782949,0.023333333333333334,0.7159081000136212
146_UAV_3D_300_users_connect.csv,300,4,WOA,0.4209683594268613,0.9933333333333333,298,0.6851582028656935,0.19,0.5823521999991499
146_UAV_3D_300_users_connect.csv,300,4,H-PSO-GA,0.4355482690059995,0.9866666666666667,296,0.6755919883033357,0.10666666666666667,0.7570180000038818
146_UAV_3D_300_users_connect.csv,300,4,H-WOA-PSO,0.40217497936820124,0.9966666666666667,299,0.6857917698256605,0.29333333333333333,0.7503411000361666
146_UAV_3D_300_users_connect.csv,300,4,I-WOA,0.44533831149379827,1.0,300,0.699975109197675,0.07333333333333333,4.373493099992629
152_UAV_3D_100_users_connect.csv,100,4,GA,0.4420505633555811,1.0,100,0.709747183222094,0.08,0.6517199999652803
152_UAV_3D_100_users_connect.csv,100,4,PSO,0.4436163538534799,1.0,100,0.6919182307326002,0.09,0.5290771999862045
152_UAV_3D_100_users_connect.csv,100,4,WOA,0.42942036598294697,0.98,98,0.6728981700852646,0.12,0.6984870999585837
152_UAV_3D_100_users_connect.csv,100,4,H-PSO-GA,0.4440261707996044,1.0,100,0.6898691460019778,0.09,0.5834067999967374
152_UAV_3D_100_users_connect.csv,100,4,H-WOA-PSO,0.44822516556291386,1.0,100,0.6688741721854304,0.09,0.5603815999929793
152_UAV_3D_100_users_connect.csv,100,4,I-WOA,0.43114061220358146,0.99,99,0.6942969389820922,0.12,0.8728188999812119
147_UAV_3D_350_users_connect.csv,350,4,GA,0.44745881281716016,0.9971428571428571,349,0.7227059359141987,0.03142857142857143,0.897646099969279
147_UAV_3D_350_users_connect.csv,350,4,PSO,0.4605104221010596,1.0,350,0.6688764609232734,0.02857142857142857,0.6441922999802046
147_UAV_3D_350_users_connect.csv,350,4,WOA,0.4540063621779354,0.9914285714285714,347,0.6699681891103232,0.03428571428571429,0.6083782999776304
147_UAV_3D_350_users_connect.csv,350,4,H-PSO-GA,0.45480937221008844,0.9971428571428571,349,0.6745245675209861,0.04285714285714286,0.8122760999831371
147_UAV_3D_350_users_connect.csv,350,4,H-WOA-PSO,0.43809421578893676,0.9771428571428571,342,0.6723860639124586,0.06857142857142857,0.7503437999985181
147_UAV_3D_350_users_connect.csv,350,4,I-WOA,0.4471785416862845,0.9914285714285714,347,0.6898215772828629,0.04857142857142857,4.370720600010827
153_UAV_3D_150_users_connect.csv,150,4,GA,0.4428806668736064,1.0,150,0.7055966656319678,0.08,0.6749626999953762
153_UAV_3D_150_users_connect.csv,150,4,PSO,0.4648918322295805,1.0,150,0.6688741721854304,0.006666666666666667,0.6014754000352696
153_UAV_3D_150_users_connect.csv,150,4,WOA,0.46133424000149886,1.0,150,0.6733287999925055,0.02,0.7247823999496177
153_UAV_3D_150_users_connect.csv,150,4,H-PSO-GA,0.44644418832474486,0.9933333333333333,149,0.681112391709609,0.06666666666666667,0.5970084000146016
153_UAV_3D_150_users_connect.csv,150,4,H-WOA-PSO,0.4512756958178773,1.0,150,0.6836215209106131,0.06,0.5706232999800704
153_UAV_3D_150_users_connect.csv,150,4,I-WOA,0.44684501119174097,1.0,150,0.6924416107079616,0.07333333333333333,2.4950674999854527
148_UAV_3D_400_users_connect.csv,400,4,GA,0.43566844723105025,0.9975,399,0.7266577638447488,0.0875,0.7286312999785878
148_UAV_3D_400_users_connect.csv,400,4,PSO,0.4349521480447695,0.9975,399,0.7002392597761526,0.1175,0.7470024999929592
148_UAV_3D_400_users_connect.csv,400,4,WOA,0.4340876447619686,0.985,394,0.6695617761901567,0.115,0.7524291999870911
148_UAV_3D_400_users_connect.csv,400,4,H-PSO-GA,0.4315040798629014,0.9975,399,0.6949796006854928,0.14,0.7062122999923304
148_UAV_3D_400_users_connect.csv,400,4,H-WOA-PSO,0.43847454255636237,1.0,400,0.6701272872181879,0.1375,0.8373645999818109
148_UAV_3D_400_users_connect.csv,400,4,I-WOA,0.43326209574613944,0.99,396,0.6736895212693025,0.13,4.724854599975515
154_UAV_3D_200_users_connect.csv,200,4,GA,0.42728983097725975,1.0,200,0.6785508451137011,0.185,0.8009170000441372
154_UAV_3D_200_users_connect.csv,200,4,PSO,0.43072135637013986,1.0,200,0.6763932181493005,0.17,0.44857349997619167
154_UAV_3D_200_users_connect.csv,200,4,WOA,0.4457459399014412,0.995,199,0.6862703004927937,0.07,0.3927886000019498
154_UAV_3D_200_users_connect.csv,200,4,H-PSO-GA,0.42899537362963863,1.0,200,0.6750231318518067,0.18,0.4533462999970652
154_UAV_3D_200_users_connect.csv,200,4,H-WOA-PSO,0.45421066979443775,0.995,199,0.668946651027811,0.045,0.4325771000003442
154_UAV_3D_200_users_connect.csv,200,4,I-WOA,0.45183049768706185,1.0,200,0.6758475115646907,0.065,3.151347099978011
155_UAV_3D_250_users_connect.csv,250,4,GA,0.44506248468493953,0.992,248,0.698687576575302,0.052,0.7278542999993078
155_UAV_3D_250_users_connect.csv,250,4,PSO,0.4552571315900507,1.0,250,0.6837143420497462,0.04,0.39242340001510456
155_UAV_3D_250_users_connect.csv,250,4,WOA,0.45505222752692803,1.0,250,0.68073886236536,0.044,0.40292620001127943
155_UAV_3D_250_users_connect.csv,250,4,H-PSO-GA,0.4552799360173764,1.0,250,0.683600319913118,0.04,0.4595137999858707
155_UAV_3D_250_users_connect.csv,250,4,H-WOA-PSO,0.4554670820540931,1.0,250,0.6826645897295344,0.04,0.43805949995294213
155_UAV_3D_250_users_connect.csv,250,4,I-WOA,0.44735959114988855,0.992,248,0.6992020442505569,0.04,3.2337799000088125
149_UAV_3D_450_users_connect.csv,450,4,GA,0.44447421760492223,1.0,450,0.6887400230864996,0.08888888888888889,0.7182613000040874
149_UAV_3D_450_users_connect.csv,450,4,PSO,0.4512019521742507,1.0,450,0.6795457946843019,0.06444444444444444,0.46601699996972457
149_UAV_3D_450_users_connect.csv,450,4,WOA,0.4462251655629139,0.9911111111111112,446,0.6688741721854304,0.07333333333333333,0.47027029999298975
149_UAV_3D_450_users_connect.csv,450,4,H-PSO-GA,0.44900280180803365,1.0,450,0.6883193242931652,0.06666666666666667,0.5038020999636501
149_UAV_3D_450_users_connect.csv,450,4,H-WOA-PSO,0.4512117771735807,1.0,450,0.6794966696876519,0.06444444444444444,0.5061770000029355
149_UAV_3D_450_users_connect.csv,450,4,I-WOA,0.44823243035681415,1.0,450,0.707726737104818,0.051111111111111114,5.694600899994839
150_UAV_3D_500_users_connect.csv,500,4,GA,0.4336182123994338,0.996,498,0.6959089380028312,0.124,0.8045251999865286
150_UAV_3D_500_users_connect.csv,500,4,PSO,0.4497626060140658,0.998,499,0.6951869699296709,0.05,0.6886622000019997
150_UAV_3D_500_users_connect.csv,500,4,WOA,0.44063690475752665,0.988,494,0.6888154762123667,0.072,0.7665972000104375
150_UAV_3D_500_users_connect.csv,500,4,H-PSO-GA,0.451964468801386,1.0,500,0.67617765599307,0.064,0.9491785000427626
150_UAV_3D_500_users_connect.csv,500,4,H-WOA-PSO,0.44157697803192053,0.982,491,0.6881151098403968,0.05,0.7647340000257827
150_UAV_3D_500_users_connect.csv,500,4,I-WOA,0.43814899691124004,0.998,499,0.7332550154437997,0.07,5.255619400006253
161_UAV_3D_50_users_connect.csv,50,4,GA,0.4226779094299905,1.0,50,0.686610452850047,0.2,0.49443199997767806
161_UAV_3D_50_users_connect.csv,50,4,PSO,0.4262251655629139,1.0,50,0.6688741721854304,0.2,0.5824424000456929
161_UAV_3D_50_users_connect.csv,50,4,WOA,0.4593893529705908,1.0,50,0.6830532351470459,0.02,0.6154319000197574
161_UAV_3D_50_users_connect.csv,50,4,H-PSO-GA,0.4262251655629139,1.0,50,0.6688741721854304,0.2,0.6739591999794357
161_UAV_3D_50_users_connect.csv,50,4,H-WOA-PSO,0.4662251655629139,1.0,50,0.6688741721854304,0.0,0.6927016000263393
161_UAV_3D_50_users_connect.csv,50,4,I-WOA,0.4622251655629139,1.0,50,0.6688741721854304,0.02,1.2354928000131622
162_UAV_3D_100_users_connect.csv,100,4,GA,0.4081961478609356,1.0,100,0.6690192606953218,0.29,0.6637365000206046
162_UAV_3D_100_users_connect.csv,100,4,PSO,0.4082251655629139,1.0,100,0.6688741721854304,0.29,0.33658679999643937
162_UAV_3D_100_users_connect.csv,100,4,WOA,0.4082251655629139,1.0,100,0.6688741721854304,0.29,0.4112359000137076
162_UAV_3D_100_users_connect.csv,100,4,H-PSO-GA,0.4082251655629139,1.0,100,0.6688741721854304,0.29,0.6641395000042394
162_UAV_3D_100_users_connect.csv,100,4,H-WOA-PSO,0.4082251655629139,1.0,100,0.6688741721854304,0.29,0.463227599975653
162_UAV_3D_100_users_connect.csv,100,4,I-WOA,0.4561401526111125,1.0,100,0.6892992369444371,0.03,0.8114686999469995
158_UAV_3D_400_users_connect.csv,400,4,GA,0.43089055816252186,0.995,398,0.7005472091873906,0.13,0.4747291000094265
158_UAV_3D_400_users_connect.csv,400,4,PSO,0.40583184307140574,1.0,400,0.6933407846429711,0.2775,0.4175223999773152
158_UAV_3D_400_users_connect.csv,400,4,WOA,0.449726356757055,0.9925,397,0.6788682162147249,0.05,0.42540919996099547
158_UAV_3D_400_users_connect.csv,400,4,H-PSO-GA,0.40417623667964814,1.0,400,0.6941188166017592,0.285,0.47572270000819117
158_UAV_3D_400_users_connect.csv,400,4,H-WOA-PSO,0.4487201292506844,0.9925,397,0.6688993537465779,0.065,0.47650240000803024
158_UAV_3D_400_users_connect.csv,400,4,I-WOA,0.4033112544714593,1.0,400,0.6934437276427032,0.29,3.899866799998563
157_UAV_3D_350_users_connect.csv,350,4,GA,0.44802616840098614,0.9971428571428571,349,0.6884405865664974,0.06285714285714286,0.5884318000171334
157_UAV_3D_350_users_connect.csv,350,4,PSO,0.44499563669575454,0.9942857142857143,348,0.6864503879497983,0.07142857142857142,0.5248494999832474
157_UAV_3D_350_users_connect.csv,350,4,WOA,0.45461363591420323,0.9942857142857143,348,0.6697889632861266,0.04,0.5505845000152476
157_UAV_3D_350_users_connect.csv,350,4,H-PSO-GA,0.44908353782009125,0.9971428571428571,349,0.6717251680424005,0.07428571428571429,0.758685200009495
157_UAV_3D_350_users_connect.csv,350,4,H-WOA-PSO,0.45908695050879333,0.9971428571428571,349,0.6702795331703185,0.025714285714285714,0.8740891999914311
157_UAV_3D_350_users_connect.csv,350,4,I-WOA,0.44249100986734874,0.9857142857142858,345,0.6932592363775419,0.05142857142857143,4.120055700012017
156_UAV_3D_300_users_connect.csv,300,4,GA,0.41976049416141425,0.98,294,0.7045308625262621,0.13666666666666666,0.5908965999842621
156_UAV_3D_300_users_connect.csv,300,4,PSO,0.4396655524971919,1.0,300,0.688338904180707,0.11333333333333333,0.5076012000208721
156_UAV_3D_300_users_connect.csv,300,4,WOA,0.4085757016097781,0.9966666666666667,299,0.7471214919511091,0.2,0.5740075000212528
156_UAV_3D_300_users_connect.csv,300,4,H-PSO-GA,0.43819180907308175,1.0,300,0.6990409546345908,0.11,0.7354901999933645
156_UAV_3D_300_users_connect.csv,300,4,H-WOA-PSO,0.43405758727446897,0.9933333333333333,298,0.6697120636276547,0.14,0.893073299957905
156_UAV_3D_300_users_connect.csv,300,4,I-WOA,0.43096972206626377,1.0,300,0.7351513896686809,0.11,4.595853000006173
163_UAV_3D_150_users_connect.csv,150,4,GA,0.4551290050300611,1.0,150,0.6776883081830275,0.04666666666666667,0.803270899981726
163_UAV_3D_150_users_connect.csv,150,4,PSO,0.46221782842919834,1.0,150,0.6689108578540081,0.02,0.565980400016997
163_UAV_3D_150_users_connect.csv,150,4,WOA,0.45468089006269474,0.9933333333333333,149,0.6865955496865259,0.02,0.38349989999551326
163_UAV_3D_150_users_connect.csv,150,4,H-PSO-GA,0.45826614629809004,1.0,150,0.6886692685095497,0.02,0.442887699988205
163_UAV_3D_150_users_connect.csv,150,4,H-WOA-PSO,0.4622251655629139,1.0,150,0.6688741721854304,0.02,0.43025549995945767
163_UAV_3D_150_users_connect.csv,150,4,I-WOA,0.4551115168597657,1.0,150,0.7044424157011714,0.02,3.2487565000192262
160_UAV_3D_500_users_connect.csv,500,4,GA,0.43861215707181245,0.998,499,0.6949392146409379,0.106,0.6894543999806046
160_UAV_3D_500_users_connect.csv,500,4,PSO,0.46041986734800905,1.0,500,0.6759006632599543,0.022,0.8330400000559166
160_UAV_3D_500_users_connect.csv,500,4,WOA,0.4391749304438158,0.98,490,0.6721253477809209,0.072,0.652810400002636
160_UAV_3D_500_users_connect.csv,500,4,H-PSO-GA,0.4470807630320683,0.986,493,0.6785961848396586,0.044,0.519593300006818
160_UAV_3D_500_users_connect.csv,500,4,H-WOA-PSO,0.4486251655629138,0.984,492,0.6688741721854304,0.04,0.5303740000235848
160_UAV_3D_500_users_connect.csv,500,4,I-WOA,0.44645637211836103,0.98,490,0.6697181394081947,0.038,5.046687999973074
164_UAV_3D_200_users_connect.csv,200,4,GA,0.42994568927359045,1.0,200,0.7302715536320474,0.12,0.8129258999833837
164_UAV_3D_200_users_connect.csv,200,4,PSO,0.44561990973844623,1.0,200,0.6769004513077687,0.095,0.43746759998612106
164_UAV_3D_200_users_connect.csv,200,4,WOA,0.4267504083450273,0.99,198,0.6812479582748632,0.155,0.39823750004870817
164_UAV_3D_200_users_connect.csv,200,4,H-PSO-GA,0.4457533199163012,0.995,199,0.6712334004184939,0.085,0.4400049000396393
164_UAV_3D_200_users_connect.csv,200,4,H-WOA-PSO,0.4122993668153861,1.0,200,0.7135031659230694,0.225,0.43364610004937276
164_UAV_3D_200_users_connect.csv,200,4,I-WOA,0.4346170525930644,0.99,198,0.7419147370346777,0.055,3.4535554999602027
165_UAV_3D_250_users_connect.csv,250,4,GA,0.44142266052765883,1.0,250,0.6848866973617055,0.108,0.8538969000219367
165_UAV_3D_250_users_connect.csv,250,4,PSO,0.4206577951212903,0.996,249,0.6727110243935484,0.212,0.4660697000217624
165_UAV_3D_250_users_connect.csv,250,4,WOA,0.41822516556291384,0.992,248,0.6688741721854304,0.216,0.49909009999828413
165_UAV_3D_250_users_connect.csv,250,4,H-PSO-GA,0.4181226447138586,0.996,249,0.6813867764307068,0.216,0.6870096999919042
165_UAV_3D_250_users_connect.csv,250,4,H-WOA-PSO,0.41902516556291386,0.992,248,0.6688741721854304,0.212,0.7859951999853365
165_UAV_3D_250_users_connect.csv,250,4,I-WOA,0.41270607047200925,0.984,246,0.6724696476399532,0.216,3.0743237999849953
159_UAV_3D_450_users_connect.csv,450,4,GA,0.4382763220414323,1.0,450,0.6997295009039495,0.10888888888888888,0.6499840000178665
159_UAV_3D_450_users_connect.csv,450,4,PSO,0.4587353827910619,1.0,450,0.6707675304891348,0.035555555555555556,0.786931500013452
159_UAV_3D_450_users_connect.csv,450,4,WOA,0.4562309091657395,1.0,450,0.6788454541713023,0.04,0.8476042000111192
159_UAV_3D_450_users_connect.csv,450,4,H-PSO-GA,0.45667989659446645,1.0,450,0.6810449614721119,0.035555555555555556,0.884045899962075
159_UAV_3D_450_users_connect.csv,450,4,H-WOA-PSO,0.4589538183910856,1.0,450,0.6718975747112385,0.03333333333333333,0.8431658000336029
159_UAV_3D_450_users_connect.csv,450,4,I-WOA,0.4409536955107048,0.9866666666666667,444,0.6930093002242539,0.06222222222222222,6.178234099992551
171_UAV_3D_50_users_connect.csv,50,4,GA,0.45270558450802245,1.0,50,0.6764720774598877,0.06,0.6191579999867827
171_UAV_3D_50_users_connect.csv,50,4,PSO,0.4475834799300514,1.0,50,0.6820826003497429,0.08,0.5699359999853186
171_UAV_3D_50_users_connect.csv,50,4,WOA,0.46012664576555173,1.0,50,0.6993667711722412,0.0,0.5345827999990433
171_UAV_3D_50_users_connect.csv,50,4,H-PSO-GA,0.46524902618102376,1.0,50,0.673754869094881,0.0,0.5881328000104986
171_UAV_3D_50_users_connect.csv,50,4,H-WOA-PSO,0.44222516556291386,0.98,49,0.6688741721854304,0.06,0.3738825999898836
171_UAV_3D_50_users_connect.csv,50,4,I-WOA,0.43822516556291385,0.98,49,0.6688741721854304,0.08,1.6024653000058606
172_UAV_3D_100_users_connect.csv,100,4,GA,0.4299607337513227,1.0,100,0.7001963312433862,0.15,0.6938751999987289
172_UAV_3D_100_users_connect.csv,100,4,PSO,0.4377695346481363,1.0,100,0.6711523267593181,0.14,0.5795340999611653
172_UAV_3D_100_users_connect.csv,100,4,WOA,0.43815064810512583,1.0,100,0.6692467594743704,0.14,0.49135949998162687
172_UAV_3D_100_users_connect.csv,100,4,H-PSO-GA,0.43430577975598395,1.0,100,0.6784711012200803,0.15,0.3882378000416793
172_UAV_3D_100_users_connect.csv,100,4,H-WOA-PSO,0.43822516556291385,1.0,100,0.6688741721854304,0.14,0.3856584000168368
172_UAV_3D_100_users_connect.csv,100,4,I-WOA,0.436801310337242,1.0,100,0.6759934483137895,0.14,1.8460404999786988
167_UAV_3D_350_users_connect.csv,350,4,GA,0.40962740964155364,1.0,350,0.6947200946493745,0.2571428571428571,0.6095103999832645
167_UAV_3D_350_users_connect.csv,350,4,PSO,0.42826114559117506,0.9971428571428571,349,0.6701228434726957,0.18,0.6750649999594316
167_UAV_3D_350_users_connect.csv,350,4,WOA,0.461303800302833,1.0,350,0.6791952842001205,0.014285714285714285,0.7481541999732144
167_UAV_3D_350_users_connect.csv,350,4,H-PSO-GA,0.4299331174958898,0.9971428571428571,349,0.6731915553776936,0.16857142857142857,0.8209471000009216
167_UAV_3D_350_users_connect.csv,350,4,H-WOA-PSO,0.42320621463514924,0.9914285714285714,347,0.6782546411099684,0.18,0.47480409999843687
167_UAV_3D_350_users_connect.csv,350,4,I-WOA,0.4262251655629138,0.9971428571428571,349,0.6688741721854304,0.19142857142857142,3.6397263999679126
166_UAV_3D_300_users_connect.csv,300,4,GA,0.4451772158057243,1.0,300,0.7207805876380453,0.05333333333333334,0.5296769000124186
166_UAV_3D_300_users_connect.csv,300,4,PSO,0.4488918322295805,0.99,297,0.6688741721854304,0.056666666666666664,0.4182816999964416
166_UAV_3D_300_users_connect.csv,300,4,WOA,0.4494987823286886,0.9966666666666667,299,0.6725060883565567,0.07,0.42035249999025837
166_UAV_3D_300_users_connect.csv,300,4,H-PSO-GA,0.44779083285886306,0.9966666666666667,299,0.6710458357056844,0.08,0.46059189998777583
166_UAV_3D_300_users_connect.csv,300,4,H-WOA-PSO,0.45049983199311616,0.9933333333333333,298,0.6708341733677523,0.056666666666666664,0.46233499998925254
166_UAV_3D_300_users_connect.csv,300,4,I-WOA,0.45064780002163113,0.9933333333333333,298,0.673427666558511,0.05333333333333334,7.00297499995213
170_UAV_3D_500_users_connect.csv,500,4,GA,0.42576783753697733,0.996,498,0.6871608123151134,0.172,0.9441996000241488
170_UAV_3D_500_users_connect.csv,500,4,PSO,0.43519173876893624,0.996,498,0.6700413061553188,0.142,0.6526280000107363
170_UAV_3D_500_users_connect.csv,500,4,WOA,0.4274251655629139,0.99,495,0.6688741721854304,0.164,0.4686780999763869
170_UAV_3D_500_users_connect.csv,500,4,H-PSO-GA,0.42458342391445447,0.998,499,0.6710828804277275,0.2,0.51061060000211
170_UAV_3D_500_users_connect.csv,500,4,H-WOA-PSO,0.42731590072933046,0.994,497,0.6854204963533473,0.16,0.5256362999789417
170_UAV_3D_500_users_connect.csv,500,4,I-WOA,0.4360455581700775,0.992,496,0.6697722091496121,0.126,4.194941700028721
168_UAV_3D_400_users_connect.csv,400,4,GA,0.4384149210710947,0.9825,393,0.6829253946445265,0.0725,0.7131499999668449
168_UAV_3D_400_users_connect.csv,400,4,PSO,0.43154705815339756,0.9975,399,0.6847647092330124,0.15,0.7476693000062369
168_UAV_3D_400_users_connect.csv,400,4,WOA,0.42334302199279045,0.9875,395,0.673284890036048,0.1725,0.7292026999639347
168_UAV_3D_400_users_connect.csv,400,4,H-PSO-GA,0.42200840033553244,0.995,398,0.6849579983223377,0.19,0.8499448000220582
168_UAV_3D_400_users_connect.csv,400,4,H-WOA-PSO,0.42972516556291385,0.985,394,0.6688741721854304,0.1375,0.791883300000336
168_UAV_3D_400_users_connect.csv,400,4,I-WOA,0.41910769127646674,0.99,396,0.709461543617666,0.165,5.781196500000078
169_UAV_3D_450_users_connect.csv,450,4,GA,0.4349464777048081,0.9911111111111112,446,0.7097120559204041,0.08888888888888889,0.883159099961631
169_UAV_3D_450_users_connect.csv,450,4,PSO,0.3938051054646725,1.0,450,0.6843078060099705,0.3466666666666667,0.7559053999721073
169_UAV_3D_450_users_connect.csv,450,4,WOA,0.4471491537879971,1.0,450,0.7220320088377925,0.042222222222222223,0.8017461000126787
169_UAV_3D_450_users_connect.csv,450,4,H-PSO-GA,0.3919949621594139,1.0,450,0.6889140780918193,0.3511111111111111,0.8577397000044584
169_UAV_3D_450_users_connect.csv,450,4,H-WOA-PSO,0.45720665530793664,1.0,450,0.6850778345714278,0.028888888888888888,0.650804299977608
169_UAV_3D_450_users_connect.csv,450,4,I-WOA,0.44265540046522683,1.0,450,0.7400563310071988,0.04666666666666667,5.504135700000916
173_UAV_3D_150_users_connect.csv,150,4,GA,0.4504558853092334,1.0,150,0.701053906787166,0.04666666666666667,0.6955744000151753
173_UAV_3D_150_users_connect.csv,150,4,PSO,0.4542251315288624,1.0,150,0.6688743423556878,0.06,0.4464944999781437
173_UAV_3D_150_users_connect.csv,150,4,WOA,0.4501961123904759,1.0,150,0.7023527713809533,0.04666666666666667,0.4944186999928206
173_UAV_3D_150_users_connect.csv,150,4,H-PSO-GA,0.4483849661804641,0.9866666666666667,148,0.6780751690976792,0.04,0.6721625999780372
173_UAV_3D_150_users_connect.csv,150,4,H-WOA-PSO,0.45389706018733794,1.0,150,0.6705146990633101,0.06,0.7395427000010386
173_UAV_3D_150_users_connect.csv,150,4,I-WOA,0.4568918322295805,1.0,150,0.6688741721854304,0.04666666666666667,3.8086012999992818
174_UAV_3D_200_users_connect.csv,200,4,GA,0.41032288620058305,1.0,200,0.7033855689970848,0.245,0.5371853000251576
174_UAV_3D_200_users_connect.csv,200,4,PSO,0.45222516556291387,1.0,200,0.6688741721854304,0.07,0.5059377000434324
174_UAV_3D_200_users_connect.csv,200,4,WOA,0.4487377104786126,1.0,200,0.6913114476069367,0.065,0.5916465999907814
174_UAV_3D_200_users_connect.csv,200,4,H-PSO-GA,0.44939090136621107,1.0,200,0.6780454931689442,0.075,0.819747700006701
174_UAV_3D_200_users_connect.csv,200,4,H-WOA-PSO,0.45222516556291387,1.0,200,0.6688741721854304,0.07,0.6753374999971129
174_UAV_3D_200_users_connect.csv,200,4,I-WOA,0.4383000503904945,1.0,200,0.7434997480475272,0.065,3.9467775000375696
175_UAV_3D_250_users_connect.csv,250,4,GA,0.4209543931616491,1.0,250,0.7192280341917542,0.176,0.6175889999722131
175_UAV_3D_250_users_connect.csv,250,4,PSO,0.4325524354777621,1.0,250,0.677237822611189,0.16,0.6057963000494055
175_UAV_3D_250_users_connect.csv,250,4,WOA,0.44508395873225554,1.0,250,0.6705802063387221,0.104,0.6840099000255577
175_UAV_3D_250_users_connect.csv,250,4,H-PSO-GA,0.448297876958095,0.984,246,0.6745106152095248,0.036,0.7419414999894798
175_UAV_3D_250_users_connect.csv,250,4,H-WOA-PSO,0.42618894864249984,1.0,250,0.6890552567875009,0.18,0.7660187000292353
175_UAV_3D_250_users_connect.csv,250,4,I-WOA,0.4086655014909582,0.996,249,0.768672492545209,0.176,3.778426600038074
181_UAV_3D_50_users_connect.csv,50,4,GA,0.45017598019907223,1.0,50,0.6691200990046384,0.08,0.6939456000109203
181_UAV_3D_50_users_connect.csv,50,4,PSO,0.46313478839666566,1.0,50,0.6843260580166716,0.0,0.6455740999663249
181_UAV_3D_50_users_connect.csv,50,4,WOA,0.46607119277514086,1.0,50,0.6696440361242953,0.0,0.5948904999531806
181_UAV_3D_50_users_connect.csv,50,4,H-PSO-GA,0.4565524466596963,1.0,50,0.6972377667015183,0.02,0.6000890000141226
181_UAV_3D_50_users_connect.csv,50,4,H-WOA-PSO,0.4662251655629139,1.0,50,0.6688741721854304,0.0,0.5800698999664746
181_UAV_3D_50_users_connect.csv,50,4,I-WOA,0.4622251655629139,1.0,50,0.6688741721854304,0.02,1.5184826999902725
182_UAV_3D_100_users_connect.csv,100,4,GA,0.42294024967112487,1.0,100,0.7352987516443756,0.15,0.697784700023476
182_UAV_3D_100_users_connect.csv,100,4,PSO,0.4576211650725789,1.0,100,0.6718941746371053,0.04,0.7191263000131585
182_UAV_3D_100_users_connect.csv,100,4,WOA,0.4283641172339596,0.98,98,0.7481794138302018,0.05,0.598824099986814
182_UAV_3D_100_users_connect.csv,100,4,H-PSO-GA,0.45362334205336285,1.0,100,0.6818832897331856,0.05,0.644466400030069
182_UAV_3D_100_users_connect.csv,100,4,H-WOA-PSO,0.4662251655629139,1.0,100,0.6688741721854304,0.0,0.5681896000169218
182_UAV_3D_100_users_connect.csv,100,4,I-WOA,0.4390156948879721,1.0,100,0.6949215255601391,0.11,1.632642999989912
176_UAV_3D_300_users_connect.csv,300,4,GA,0.44817049614352467,0.99,297,0.6791475192823765,0.05,0.7592755000223406
176_UAV_3D_300_users_connect.csv,300,4,PSO,0.4032819788151779,1.0,300,0.6802567725907771,0.30333333333333334,0.7594949000049382
176_UAV_3D_300_users_connect.csv,300,4,WOA,0.39996966738058853,0.9866666666666667,296,0.6834849964303904,0.27666666666666667,0.6462905000080355
176_UAV_3D_300_users_connect.csv,300,4,H-PSO-GA,0.4026994767455547,0.9933333333333333,298,0.6698359496055597,0.2966666666666667,0.8248389000073075
176_UAV_3D_300_users_connect.csv,300,4,H-WOA-PSO,0.4028918322295805,0.9866666666666667,296,0.6688741721854304,0.27666666666666667,0.8358246000134386
176_UAV_3D_300_users_connect.csv,300,4,I-WOA,0.4482708448968964,1.0,300,0.6819791088488513,0.07666666666666666,5.13740589999361
183_UAV_3D_150_users_connect.csv,150,4,GA,0.45104997069877817,1.0,150,0.7047501465061088,0.04,0.5015987000078894
183_UAV_3D_150_users_connect.csv,150,4,PSO,0.4602428533795479,1.0,150,0.6854523997689272,0.013333333333333334,0.34285840002121404
183_UAV_3D_150_users_connect.csv,150,4,WOA,0.43127569521080744,1.0,150,0.676954857279296,0.16666666666666666,0.35029069997835904
183_UAV_3D_150_users_connect.csv,150,4,H-PSO-GA,0.4625945399307118,1.0,150,0.6736939670131077,0.013333333333333334,0.3972539000096731
183_UAV_3D_150_users_connect.csv,150,4,H-WOA-PSO,0.45548079471636577,1.0,150,0.6959293597515044,0.02666666666666667,0.40590239997254685
183_UAV_3D_150_users_connect.csv,150,4,I-WOA,0.4425061959170817,1.0,150,0.7141356870812583,0.07333333333333333,3.4987615999998525
180_UAV_3D_500_users_connect.csv,500,4,GA,0.44153064663714964,1.0,500,0.6883467668142518,0.104,0.4959441000246443
180_UAV_3D_500_users_connect.csv,500,4,PSO,0.4428008477848689,0.996,498,0.6759957610756554,0.098,0.4348399000009522
180_UAV_3D_500_users_connect.csv,500,4,WOA,0.44839916957179005,0.998,499,0.6860041521410498,0.066,0.465231699985452
180_UAV_3D_500_users_connect.csv,500,4,H-PSO-GA,0.45196006598300614,0.996,498,0.6701996700849695,0.058,0.5093026999966241
180_UAV_3D_500_users_connect.csv,500,4,H-WOA-PSO,0.4449923911055819,1.0,500,0.6690380444720903,0.106,0.4983123000129126
180_UAV_3D_500_users_connect.csv,500,4,I-WOA,0.43914348431512273,0.998,499,0.6902825784243862,0.108,6.129277600033674
177_UAV_3D_350_users_connect.csv,350,4,GA,0.4435114119250861,1.0,350,0.7053000832317123,0.07714285714285714,0.8239802999887615
177_UAV_3D_350_users_connect.csv,350,4,PSO,0.4443730266739367,0.9828571428571429,344,0.669563438058888,0.05714285714285714,0.6225856000091881
177_UAV_3D_350_users_connect.csv,350,4,WOA,0.4323761644086842,0.9914285714285714,347,0.7466906065280078,0.06571428571428571,0.7454928999650292
177_UAV_3D_350_users_connect.csv,350,4,H-PSO-GA,0.4554860438871039,0.9971428571428571,349,0.6711412091359086,0.04285714285714286,0.8340625999844633
177_UAV_3D_350_users_connect.csv,350,4,H-WOA-PSO,0.46045335645292357,1.0,350,0.6691617891639533,0.02857142857142857,0.9225720000104047
177_UAV_3D_350_users_connect.csv,350,4,I-WOA,0.4583606852559242,1.0,350,0.6767680022918073,0.03142857142857143,5.930345300002955
178_UAV_3D_400_users_connect.csv,400,4,GA,0.46012101880339323,0.9975,399,0.6743949059830338,0.0175,0.8231386000406928
178_UAV_3D_400_users_connect.csv,400,4,PSO,0.4072251655629139,0.995,398,0.6688741721854304,0.28,0.7002259999862872
178_UAV_3D_400_users_connect.csv,400,4,WOA,0.4483090949751666,1.0,400,0.7134545251241667,0.045,0.730800100020133
178_UAV_3D_400_users_connect.csv,400,4,H-PSO-GA,0.40834892068240547,1.0,400,0.6707553965879727,0.2875,0.8627773000043817
178_UAV_3D_400_users_connect.csv,400,4,H-WOA-PSO,0.4522682122613133,1.0,400,0.6936589386934331,0.045,0.9963910999940708
178_UAV_3D_400_users_connect.csv,400,4,I-WOA,0.45608985451317363,0.995,398,0.6745507274341316,0.03,6.626742899999954
179_UAV_3D_450_users_connect.csv,450,4,GA,0.4382069375352361,1.0,450,0.6889653123238191,0.12,0.7939072000444867
179_UAV_3D_450_users_connect.csv,450,4,PSO,0.4359195220649641,0.9866666666666667,444,0.6892912785640679,0.09111111111111111,0.7212795999948867
179_UAV_3D_450_users_connect.csv,450,4,WOA,0.43474741421403784,0.9933333333333333,447,0.6995962622631439,0.10666666666666667,0.8305977000272833
179_UAV_3D_450_users_connect.csv,450,4,H-PSO-GA,0.4390723547492139,0.9933333333333333,447,0.6757493373650412,0.10888888888888888,1.0117139999638312
179_UAV_3D_450_users_connect.csv,450,4,H-WOA-PSO,0.4355687790315694,0.9888888888888889,445,0.6754894381754865,0.11333333333333333,0.8190779000287876
179_UAV_3D_450_users_connect.csv,450,4,I-WOA,0.4439603584510867,0.9977777777777778,449,0.7068648744112334,0.06666666666666667,6.41051040001912
185_UAV_3D_250_users_connect.csv,250,4,GA,0.45857501357674846,0.996,249,0.6751249321162578,0.02,0.7032248000032268
185_UAV_3D_250_users_connect.csv,250,4,PSO,0.408453849018936,1.0,250,0.68573075490532,0.272,0.5890242999885231
185_UAV_3D_250_users_connect.csv,250,4,WOA,0.4537479192321919,0.992,248,0.6752604038390402,0.032,0.4648304999573156
185_UAV_3D_250_users_connect.csv,250,4,H-PSO-GA,0.41040579165004426,1.0,250,0.6839710417497784,0.264,0.8605391000164673
185_UAV_3D_250_users_connect.csv,250,4,H-WOA-PSO,0.4590251655629139,1.0,250,0.6688741721854304,0.036,0.5780711999977939
185_UAV_3D_250_users_connect.csv,250,4,I-WOA,0.45355831443196754,0.996,249,0.6922084278401622,0.028,3.9320965000079013
184_UAV_3D_200_users_connect.csv,200,4,GA,0.43706706201577994,1.0,200,0.7346646899211001,0.08,0.6720883999951184
184_UAV_3D_200_users_connect.csv,200,4,PSO,0.43273200117374616,1.0,200,0.7213399941312689,0.115,0.5776823000051081
184_UAV_3D_200_users_connect.csv,200,4,WOA,0.4533478659742911,0.99,198,0.6732606701285442,0.03,0.46626580000156537
184_UAV_3D_200_users_connect.csv,200,4,H-PSO-GA,0.452825657129732,0.99,198,0.6708717143513397,0.035,0.768163500004448
184_UAV_3D_200_users_connect.csv,200,4,H-WOA-PSO,0.43340768207785635,1.0,200,0.712961589610718,0.12,0.8925552000291646
184_UAV_3D_200_users_connect.csv,200,4,I-WOA,0.45798397901648025,1.0,200,0.6700801049175984,0.04,3.8975717999855988
192_UAV_3D_100_users_connect.csv,100,4,GA,0.43744676398778515,1.0,100,0.692766180061074,0.12,0.7108088000095449
192_UAV_3D_100_users_connect.csv,100,4,PSO,0.44197583373857796,1.0,100,0.6701208313071101,0.12,0.5260856000240892
192_UAV_3D_100_users_connect.csv,100,4,WOA,0.44573960692888803,1.0,100,0.6813019653555598,0.09,0.33892999996896833
192_UAV_3D_100_users_connect.csv,100,4,H-PSO-GA,0.43709749867238556,1.0,100,0.6745125066380719,0.14,0.3699268000200391
192_UAV_3D_100_users_connect.csv,100,4,H-WOA-PSO,0.44822516556291386,1.0,100,0.6688741721854304,0.09,0.7243029000237584
192_UAV_3D_100_users_connect.csv,100,4,I-WOA,0.43748527407425153,1.0,100,0.692573629628742,0.12,1.4025132999522611
191_UAV_3D_50_users_connect.csv,50,4,GA,0.4313223362977874,1.0,50,0.6833883185110629,0.16,0.6296519000316039
191_UAV_3D_50_users_connect.csv,50,4,PSO,0.44222516556291386,1.0,50,0.6688741721854304,0.12,0.6420184000162408
191_UAV_3D_50_users_connect.csv,50,4,WOA,0.44222516556291386,1.0,50,0.6688741721854304,0.12,0.5200224000145681
191_UAV_3D_50_users_connect.csv,50,4,H-PSO-GA,0.44036644249863116,1.0,50,0.6781677875068439,0.12,0.7162825000123121
191_UAV_3D_50_users_connect.csv,50,4,H-WOA-PSO,0.44222516556291386,1.0,50,0.6688741721854304,0.12,0.3769824000191875
191_UAV_3D_50_users_connect.csv,50,4,I-WOA,0.44222516556291386,1.0,50,0.6688741721854304,0.12,1.4222064999630675
186_UAV_3D_300_users_connect.csv,300,4,GA,0.42537383746996726,1.0,300,0.6831308126501634,0.19,0.693841899977997
186_UAV_3D_300_users_connect.csv,300,4,PSO,0.42902974734171045,1.0,300,0.6748512632914475,0.18,0.5268383999937214
186_UAV_3D_300_users_connect.csv,300,4,WOA,0.42741999414215454,0.9966666666666667,299,0.6695666959558937,0.18333333333333332,0.831671699997969
186_UAV_3D_300_users_connect.csv,300,4,H-PSO-GA,0.4253210792009416,0.9966666666666667,299,0.6833946039952922,0.18,0.8079164999653585
186_UAV_3D_300_users_connect.csv,300,4,H-WOA-PSO,0.42953706164637795,0.9933333333333333,298,0.6689813584347767,0.16333333333333333,0.8619614000199363
186_UAV_3D_300_users_connect.csv,300,4,I-WOA,0.42631128988352207,0.99,297,0.6784435505823896,0.16,6.577108700003009
193_UAV_3D_150_users_connect.csv,150,4,GA,0.4471652913219409,1.0,150,0.6908402100569623,0.07333333333333333,0.7038461999618448
193_UAV_3D_150_users_connect.csv,150,4,PSO,0.4073715805903283,0.9933333333333333,149,0.6764754303816916,0.26666666666666666,0.43482620001304895
193_UAV_3D_150_users_connect.csv,150,4,WOA,0.42987752494606,1.0,150,0.6706123752696999,0.18,0.52013999997871
193_UAV_3D_150_users_connect.csv,150,4,H-PSO-GA,0.4147861403275327,1.0,150,0.6927359650290029,0.23333333333333334,0.7349222000339068
193_UAV_3D_150_users_connect.csv,150,4,H-WOA-PSO,0.4540831607593149,1.0,150,0.6695841962034254,0.06,0.5494760999572463
193_UAV_3D_150_users_connect.csv,150,4,I-WOA,0.4174158446414984,1.0,150,0.7062541101258414,0.20666666666666667,2.8243135000229813
189_UAV_3D_450_users_connect.csv,450,4,GA,0.44080013138721524,0.9955555555555555,448,0.6982215652861454,0.08444444444444445,0.819338199973572
189_UAV_3D_450_users_connect.csv,450,4,PSO,0.43945222721215427,0.9777777777777777,440,0.6760721972725618,0.06,0.9463448000024073
189_UAV_3D_450_users_connect.csv,450,4,WOA,0.44048818259506917,0.9844444444444445,443,0.6820035314690985,0.06888888888888889,0.6673241999815218
189_UAV_3D_450_users_connect.csv,450,4,H-PSO-GA,0.4366151907497107,0.9866666666666667,444,0.6924796018070019,0.08444444444444445,0.4937194000231102
189_UAV_3D_450_users_connect.csv,450,4,H-WOA-PSO,0.4395584988962472,0.9733333333333334,438,0.6688741721854304,0.05333333333333334,0.49909480003407225
189_UAV_3D_450_users_connect.csv,450,4,I-WOA,0.44415453126728394,0.9844444444444445,443,0.6792273436635804,0.05333333333333334,5.136319499986712
187_UAV_3D_350_users_connect.csv,350,4,GA,0.3738744339680746,1.0,350,0.704913544445341,0.4257142857142857,0.633054899983108
187_UAV_3D_350_users_connect.csv,350,4,PSO,0.448426316548254,0.9885714285714285,346,0.669296988687301,0.054285714285714284,0.8150979999918491
187_UAV_3D_350_users_connect.csv,350,4,WOA,0.44593562012442806,0.9828571428571429,344,0.6760361850921456,0.04285714285714286,0.7055874000070617
187_UAV_3D_350_users_connect.csv,350,4,H-PSO-GA,0.44715231565930935,0.9942857142857143,348,0.6870955645605956,0.06,0.8961521000019275
187_UAV_3D_350_users_connect.csv,350,4,H-WOA-PSO,0.45420931157343813,0.9885714285714285,346,0.6689534421328093,0.025714285714285714,0.8858938000048511
187_UAV_3D_350_users_connect.csv,350,4,I-WOA,0.44931037724220413,0.9885714285714285,346,0.6705909709318361,0.04857142857142857,6.524665099976119
194_UAV_3D_200_users_connect.csv,200,4,GA,0.4330001758524863,1.0,200,0.6899991207375681,0.145,0.7391726999776438
194_UAV_3D_200_users_connect.csv,200,4,PSO,0.43822516556291385,1.0,200,0.6688741721854304,0.14,0.6474052999983542
194_UAV_3D_200_users_connect.csv,200,4,WOA,0.4390837956473755,1.0,200,0.6695810217631223,0.135,0.48745519999647513
194_UAV_3D_200_users_connect.csv,200,4,H-PSO-GA,0.4383433728887448,1.0,200,0.6732831355562755,0.135,0.6360499000293203
194_UAV_3D_200_users_connect.csv,200,4,H-WOA-PSO,0.43922516556291386,1.0,200,0.6688741721854304,0.135,0.6714838999905623
194_UAV_3D_200_users_connect.csv,200,4,I-WOA,0.43522516556291385,0.995,199,0.6688741721854304,0.14,2.912957499967888
188_UAV_3D_400_users_connect.csv,400,4,GA,0.42589463774373704,0.995,398,0.7205268112813143,0.135,0.8540974999777973
188_UAV_3D_400_users_connect.csv,400,4,PSO,0.4439976817306866,0.995,398,0.7025115913465668,0.0625,0.8286475000204518
188_UAV_3D_400_users_connect.csv,400,4,WOA,0.45006519940514517,0.9975,399,0.6896740029742743,0.0525,0.8788235000101849
188_UAV_3D_400_users_connect.csv,400,4,H-PSO-GA,0.4471505074153942,0.9975,399,0.6867474629230289,0.07,0.8958430999773555
188_UAV_3D_400_users_connect.csv,400,4,H-WOA-PSO,0.437542812471532,0.9875,395,0.67728593764234,0.0975,0.5540541000082158
188_UAV_3D_400_users_connect.csv,400,4,I-WOA,0.4458867437448375,1.0,400,0.7230662812758123,0.0475,6.268791900016367
195_UAV_3D_250_users_connect.csv,250,4,GA,0.44928251750061937,1.0,250,0.6935874124969029,0.06,0.8221358999726363
195_UAV_3D_250_users_connect.csv,250,4,PSO,0.4590251655629139,1.0,250,0.6688741721854304,0.036,0.5528113999753259
195_UAV_3D_250_users_connect.csv,250,4,WOA,0.44710458091907396,1.0,250,0.71247709540463,0.052,0.527415300020948
195_UAV_3D_250_users_connect.csv,250,4,H-PSO-GA,0.457531152125513,1.0,250,0.6763442393724348,0.036,0.717138200008776
195_UAV_3D_250_users_connect.csv,250,4,H-WOA-PSO,0.45982516556291386,1.0,250,0.6688741721854304,0.032,0.6325137999956496
195_UAV_3D_250_users_connect.csv,250,4,I-WOA,0.45789461167975865,1.0,250,0.6785269416012065,0.032,2.93575529998634
196_UAV_3D_300_users_connect.csv,300,4,GA,0.431036045102274,0.9933333333333333,298,0.7081531078219634,0.11666666666666667,0.7902606999850832
196_UAV_3D_300_users_connect.csv,300,4,PSO,0.43863024938046663,0.9933333333333333,298,0.6835154197643334,0.10333333333333333,0.560005099978298
196_UAV_3D_300_users_connect.csv,300,4,WOA,0.4248285535975826,0.9933333333333333,298,0.6925238986787533,0.16333333333333333,0.6083176999818534
196_UAV_3D_300_users_connect.csv,300,4,H-PSO-GA,0.42772913475484325,0.9933333333333333,298,0.7080209928924504,0.13333333333333333,0.723324499966111
196_UAV_3D_300_users_connect.csv,300,4,H-WOA-PSO,0.439283278979246,0.9933333333333333,298,0.6835836051037696,0.1,0.6511824999470264
196_UAV_3D_300_users_connect.csv,300,4,I-WOA,0.4427655085608125,1.0,300,0.7095057905292709,0.07666666666666666,3.982007100014016
190_UAV_3D_500_users_connect.csv,500,4,GA,0.43934669758121153,1.0,500,0.7092665120939422,0.094,0.9991299000103027
190_UAV_3D_500_users_connect.csv,500,4,PSO,0.4435195067622454,0.996,498,0.6804024661887731,0.09,0.8625149999861605
190_UAV_3D_500_users_connect.csv,500,4,WOA,0.44061000456843624,0.996,498,0.6929499771578191,0.092,0.872275100031402
190_UAV_3D_500_users_connect.csv,500,4,H-PSO-GA,0.4418544965759436,0.998,499,0.690727517120282,0.094,0.9122428999980912
190_UAV_3D_500_users_connect.csv,500,4,H-WOA-PSO,0.44233561023177914,0.998,499,0.6923219488411043,0.09,0.6186850999947637
190_UAV_3D_500_users_connect.csv,500,4,I-WOA,0.44256472761603366,0.998,499,0.6871763619198319,0.094,6.717160300002433
201_UAV_3D_50_users_connect.csv,50,4,GA,0.4599088589100776,1.0,50,0.680455705449612,0.02,0.606300099985674
201_UAV_3D_50_users_connect.csv,50,4,PSO,0.43417675920246135,1.0,50,0.6891162039876931,0.14,0.48019150004256517
201_UAV_3D_50_users_connect.csv,50,4,WOA,0.43822516556291385,1.0,50,0.6688741721854304,0.14,0.3260864000185393
201_UAV_3D_50_users_connect.csv,50,4,H-PSO-GA,0.46582589599158447,1.0,50,0.6708705200420775,0.0,0.3959923000074923
201_UAV_3D_50_users_connect.csv,50,4,H-WOA-PSO,0.4662251655629139,1.0,50,0.6688741721854304,0.0,0.3877589000039734
201_UAV_3D_50_users_connect.csv,50,4,I-WOA,0.4606479218764856,1.0,50,0.6767603906175718,0.02,1.6489763000281528
202_UAV_3D_100_users_connect.csv,100,4,GA,0.43559235621093007,1.0,100,0.6720382189453495,0.15,0.6887594999861903
202_UAV_3D_100_users_connect.csv,100,4,PSO,0.45222516556291387,1.0,100,0.6688741721854304,0.07,0.33059199998388067
202_UAV_3D_100_users_connect.csv,100,4,WOA,0.44622516556291386,1.0,100,0.6688741721854304,0.1,0.35385429998859763
202_UAV_3D_100_users_connect.csv,100,4,H-PSO-GA,0.4637701607485841,1.0,100,0.6711491962570793,0.01,0.4078838000423275
202_UAV_3D_100_users_connect.csv,100,4,H-WOA-PSO,0.45407656253278195,1.0,100,0.7096171873360902,0.02,0.3996717999689281
202_UAV_3D_100_users_connect.csv,100,4,I-WOA,0.45731481054393214,1.0,100,0.6834259472803391,0.03,1.7101689000264741
197_UAV_3D_350_users_connect.csv,350,4,GA,0.4432354837863746,1.0,350,0.7066797239252699,0.07714285714285714,0.8080963999964297
197_UAV_3D_350_users_connect.csv,350,4,PSO,0.45248632778728254,0.9942857142857143,348,0.6689969324921586,0.05142857142857143,0.5178514000144787
197_UAV_3D_350_users_connect.csv,350,4,WOA,0.4514938696309976,1.0,350,0.6825306518450119,0.06,0.6695282000000589
197_UAV_3D_350_users_connect.csv,350,4,H-PSO-GA,0.43626992406430104,0.9857142857142858,345,0.6843646653927805,0.09142857142857143,0.6750479000038467
197_UAV_3D_350_users_connect.csv,350,4,H-WOA-PSO,0.43476966076171797,0.9914285714285714,347,0.691865981905696,0.10857142857142857,0.6507051999797113
197_UAV_3D_350_users_connect.csv,350,4,I-WOA,0.44988289631484346,1.0,350,0.7105855184257825,0.04,5.17044779995922
198_UAV_3D_400_users_connect.csv,400,4,GA,0.3934077827627835,0.9975,399,0.7054610861860828,0.32,0.6885261000134051
198_UAV_3D_400_users_connect.csv,400,4,PSO,0.45187026464185825,0.9975,399,0.6831486767907088,0.05,0.6196184000000358
198_UAV_3D_400_users_connect.csv,400,4,WOA,0.4451546372567225,0.9925,397,0.6792268137163876,0.0725,0.6584964000503533
198_UAV_3D_400_users_connect.csv,400,4,H-PSO-GA,0.4097575794536941,0.98,392,0.6712121027315294,0.22,0.8373007999616675
198_UAV_3D_400_users_connect.csv,400,4,H-WOA-PSO,0.4223568502997639,0.9775,391,0.6782157485011807,0.1425,0.5467841000063345
198_UAV_3D_400_users_connect.csv,400,4,I-WOA,0.42987710146160013,0.9925,397,0.7506144926919995,0.0775,4.883714099996723
203_UAV_3D_150_users_connect.csv,150,4,GA,0.4439441963684471,1.0,150,0.7136123514910977,0.06666666666666667,0.6502419000025839
203_UAV_3D_150_users_connect.csv,150,4,PSO,0.45289183222958057,1.0,150,0.6688741721854304,0.06666666666666667,0.4970543999806978
203_UAV_3D_150_users_connect.csv,150,4,WOA,0.446167524514571,0.9933333333333333,149,0.669162377427145,0.08,0.4123895999509841
203_UAV_3D_150_users_connect.csv,150,4,H-PSO-GA,0.43841447605044476,0.9933333333333333,149,0.7145942864144426,0.07333333333333333,0.6053392000030726
203_UAV_3D_150_users_connect.csv,150,4,H-WOA-PSO,0.4499588825869011,1.0,150,0.6902055870654942,0.06,0.6527861000504345
203_UAV_3D_150_users_connect.csv,150,4,I-WOA,0.44404711932757723,0.9933333333333333,149,0.6997644033621135,0.06,3.258791200001724
199_UAV_3D_450_users_connect.csv,450,4,GA,0.43325137439108624,0.9822222222222222,442,0.6781875724890128,0.10222222222222223,0.7266966999741271
199_UAV_3D_450_users_connect.csv,450,4,PSO,0.4542386647695539,1.0,450,0.677695565041119,0.051111111111111114,0.6326153999543749
199_UAV_3D_450_users_connect.csv,450,4,WOA,0.45209822807670685,1.0,450,0.6995088596164656,0.04,0.7057355999713764
199_UAV_3D_450_users_connect.csv,450,4,H-PSO-GA,0.45260211895368824,1.0,450,0.6836560718982254,0.05333333333333334,0.8468600999913178
199_UAV_3D_450_users_connect.csv,450,4,H-WOA-PSO,0.45378072111846945,1.0,450,0.6688741721854304,0.06222222222222222,0.6498470999649726
199_UAV_3D_450_users_connect.csv,450,4,I-WOA,0.4508594582682161,1.0,450,0.7057027086589193,0.04,5.018620999995619
204_UAV_3D_200_users_connect.csv,200,4,GA,0.4368629921640122,1.0,200,0.7056850391799387,0.11,0.4405092000379227
204_UAV_3D_200_users_connect.csv,200,4,PSO,0.45204198862796213,1.0,200,0.6797900568601891,0.06,0.38100349996238947
204_UAV_3D_200_users_connect.csv,200,4,WOA,0.4431061833537248,1.0,200,0.6944690832313757,0.09,0.40934589999960735
204_UAV_3D_200_users_connect.csv,200,4,H-PSO-GA,0.45314692233350184,1.0,200,0.6792653883324904,0.055,0.4446431999676861
204_UAV_3D_200_users_connect.csv,200,4,H-WOA-PSO,0.4620383232252631,0.995,199,0.6698083838736842,0.005,0.45988690003287047
204_UAV_3D_200_users_connect.csv,200,4,I-WOA,0.44522250394269436,1.0,200,0.6688874802865279,0.105,3.1793869999819435
205_UAV_3D_250_users_connect.csv,250,4,GA,0.44489393599725496,1.0,250,0.6995303200137251,0.076,0.48950989998411387
205_UAV_3D_250_users_connect.csv,250,4,PSO,0.44127673444245485,0.992,248,0.6696163277877252,0.1,0.5690911000128835
205_UAV_3D_250_users_connect.csv,250,4,WOA,0.447250485648742,0.992,248,0.6757475717562901,0.064,0.6245583999552764
205_UAV_3D_250_users_connect.csv,250,4,H-PSO-GA,0.437499788800019,0.992,248,0.6805010559999048,0.108,0.7310015999828465
205_UAV_3D_250_users_connect.csv,250,4,H-WOA-PSO,0.4254133576782133,0.992,248,0.6849332116089332,0.164,0.6567844999954104
205_UAV_3D_250_users_connect.csv,250,4,I-WOA,0.4278298630742009,0.98,245,0.7408506846289954,0.06,3.587214400002267
200_UAV_3D_500_users_connect.csv,500,4,GA,0.452248466775818,1.0,500,0.6707576661209099,0.068,0.832350899989251
200_UAV_3D_500_users_connect.csv,500,4,PSO,0.4169616710767835,0.99,495,0.6831916446160823,0.202,0.692977900034748
200_UAV_3D_500_users_connect.csv,500,4,WOA,0.4196118895362398,0.998,499,0.7159405523188012,0.18,0.595149600005243
200_UAV_3D_500_users_connect.csv,500,4,H-PSO-GA,0.4151096070909659,0.996,498,0.7064519645451703,0.206,0.6749224999803118
200_UAV_3D_500_users_connect.csv,500,4,H-WOA-PSO,0.45422516556291387,1.0,500,0.6688741721854304,0.06,0.8118133000098169
200_UAV_3D_500_users_connect.csv,500,4,I-WOA,0.42145298215151955,0.998,499,0.7067350892424024,0.18,5.409487800032366
211_UAV_3D_50_users_connect.csv,50,4,GA,0.45271791478398127,1.0,50,0.6964104260800934,0.04,0.576031900011003
211_UAV_3D_50_users_connect.csv,50,4,PSO,0.45822516556291387,1.0,50,0.6688741721854304,0.04,0.40946830000029877
211_UAV_3D_50_users_connect.csv,50,4,WOA,0.4622251655629139,1.0,50,0.6688741721854304,0.02,0.5125457000103779
211_UAV_3D_50_users_connect.csv,50,4,H-PSO-GA,0.4621567692418721,1.0,50,0.6692161537906393,0.02,0.7078844999778084
211_UAV_3D_50_users_connect.csv,50,4,H-WOA-PSO,0.4622251655629139,1.0,50,0.6688741721854304,0.02,0.6404905999661423
211_UAV_3D_50_users_connect.csv,50,4,I-WOA,0.4622251655629139,1.0,50,0.6688741721854304,0.02,1.7227306999848224
207_UAV_3D_350_users_connect.csv,350,4,GA,0.435598153567653,0.9914285714285714,347,0.6991520893045919,0.09714285714285714,0.46533820003969595
207_UAV_3D_350_users_connect.csv,350,4,PSO,0.42529992655908117,0.9971428571428571,349,0.710643224347451,0.15428571428571428,0.41250490001402795
207_UAV_3D_350_users_connect.csv,350,4,WOA,0.4350977284656383,0.9914285714285714,347,0.7359399291003796,0.06285714285714286,0.4147998999687843
207_UAV_3D_350_users_connect.csv,350,4,H-PSO-GA,0.4292718184295378,1.0,350,0.6822123364237392,0.17142857142857143,0.4588503999984823
207_UAV_3D_350_users_connect.csv,350,4,H-WOA-PSO,0.450027139275459,0.9971428571428571,349,0.681292875051276,0.06,0.46575460000894964
207_UAV_3D_350_users_connect.csv,350,4,I-WOA,0.4331122905386092,0.9914285714285714,347,0.751581404449811,0.05714285714285714,4.537639699992724
212_UAV_3D_100_users_connect.csv,100,4,GA,0.4305839706742913,1.0,100,0.6770801466285433,0.17,0.7310428000055254
212_UAV_3D_100_users_connect.csv,100,4,PSO,0.4322251655629139,1.0,100,0.6688741721854304,0.17,0.5706021000514738
212_UAV_3D_100_users_connect.csv,100,4,WOA,0.4322251655629139,1.0,100,0.6688741721854304,0.17,0.4824848999851383
212_UAV_3D_100_users_connect.csv,100,4,H-PSO-GA,0.43212813242761716,1.0,100,0.6693593378619138,0.17,0.44597180001437664
212_UAV_3D_100_users_connect.csv,100,4,H-WOA-PSO,0.4322251655629139,1.0,100,0.6688741721854304,0.17,0.452587699983269
212_UAV_3D_100_users_connect.csv,100,4,I-WOA,0.4322251655629139,1.0,100,0.6688741721854304,0.17,1.697338199999649
206_UAV_3D_300_users_connect.csv,300,4,GA,0.4145943647291693,1.0,300,0.7136948430208201,0.21333333333333335,0.5558827000204474
206_UAV_3D_300_users_connect.csv,300,4,PSO,0.4308067887494182,0.9933333333333333,298,0.6692993895862422,0.15666666666666668,0.6298702000058256
206_UAV_3D_300_users_connect.csv,300,4,WOA,0.43602314117286,0.9933333333333333,298,0.6898842941356998,0.11,0.6601450000307523
206_UAV_3D_300_users_connect.csv,300,4,H-PSO-GA,0.4226518755903284,0.9966666666666667,299,0.7100739553816912,0.16666666666666666,0.766671999997925
206_UAV_3D_300_users_connect.csv,300,4,H-WOA-PSO,0.44022516556291386,0.9933333333333333,298,0.6688741721854304,0.11,0.6880568999913521
206_UAV_3D_300_users_connect.csv,300,4,I-WOA,0.4170822366206347,0.9866666666666667,296,0.7012554835634929,0.17333333333333334,6.033813200017903
208_UAV_3D_400_users_connect.csv,400,4,GA,0.4243299997126754,1.0,400,0.6908500014366232,0.1875,0.7984371000202373
208_UAV_3D_400_users_connect.csv,400,4,PSO,0.423200870376796,0.995,398,0.6864956481160199,0.1825,0.7054754999699071
208_UAV_3D_400_users_connect.csv,400,4,WOA,0.41881084805763447,0.9825,393,0.6834457597118277,0.17,0.5461666999617592
208_UAV_3D_400_users_connect.csv,400,4,H-PSO-GA,0.41885412616528994,0.985,394,0.69322936917355,0.1675,0.8232704999973066
208_UAV_3D_400_users_connect.csv,400,4,H-WOA-PSO,0.4230461370621858,0.995,398,0.6897693146890708,0.18,0.9007043999736197
208_UAV_3D_400_users_connect.csv,400,4,I-WOA,0.4265894670375797,1.0,400,0.7145526648121014,0.1525,4.368546099984087
214_UAV_3D_200_users_connect.csv,200,4,GA,0.44516752221079386,1.0,200,0.7041623889460304,0.07,0.45931070001097396
214_UAV_3D_200_users_connect.csv,200,4,PSO,0.45184703806337656,1.0,200,0.680764809683117,0.06,0.4243092000251636
214_UAV_3D_200_users_connect.csv,200,4,WOA,0.45167925974583,1.0,200,0.6766037012708499,0.065,0.4329118999885395
214_UAV_3D_200_users_connect.csv,200,4,H-PSO-GA,0.45152967368913977,1.0,200,0.6823516315543009,0.06,0.49227350001456216
214_UAV_3D_200_users_connect.csv,200,4,H-WOA-PSO,0.41723972976369944,0.99,198,0.7038013511815028,0.18,0.49067890003789216
214_UAV_3D_200_users_connect.csv,200,4,I-WOA,0.42437554692492985,0.995,199,0.6931222653753506,0.17,2.566904400009662
209_UAV_3D_450_users_connect.csv,450,4,GA,0.4439553440864294,0.9955555555555555,448,0.6713343906789638,0.09555555555555556,0.8089056999888271
209_UAV_3D_450_users_connect.csv,450,4,PSO,0.4485715053105739,0.9911111111111112,446,0.6726980290026864,0.057777777777777775,0.6165297999978065
209_UAV_3D_450_users_connect.csv,450,4,WOA,0.4455946555678832,1.0,450,0.7275822777161393,0.044444444444444446,0.6824695000541396
209_UAV_3D_450_users_connect.csv,450,4,H-PSO-GA,0.4068761631589606,1.0,450,0.6989525175385303,0.26666666666666666,0.927522299985867
209_UAV_3D_450_users_connect.csv,450,4,H-WOA-PSO,0.40912182590071416,1.0,450,0.6943908704964289,0.26,0.9063773999805562
209_UAV_3D_450_users_connect.csv,450,4,I-WOA,0.43450723943279135,0.9977777777777778,449,0.7296860250582656,0.09111111111111111,5.035847400024068
213_UAV_3D_150_users_connect.csv,150,4,GA,0.4135251497420994,0.9933333333333333,149,0.705707584622836,0.20666666666666667,0.7121439999900758
213_UAV_3D_150_users_connect.csv,150,4,PSO,0.4389042976583346,0.9866666666666667,148,0.67881184504166,0.08666666666666667,0.6397970999823883
213_UAV_3D_150_users_connect.csv,150,4,WOA,0.43022173928125884,0.9933333333333333,149,0.6822246369270388,0.14666666666666667,0.5416608999948949
213_UAV_3D_150_users_connect.csv,150,4,H-PSO-GA,0.4442498017203122,1.0,150,0.6854176580651054,0.09333333333333334,0.6484437999897636
213_UAV_3D_150_users_connect.csv,150,4,H-WOA-PSO,0.4423338074749953,0.9933333333333333,149,0.681664295958357,0.08666666666666667,0.6916403999784961
213_UAV_3D_150_users_connect.csv,150,4,I-WOA,0.44260605517754625,0.9933333333333333,149,0.700303057445602,0.06666666666666667,3.0637488000211306
215_UAV_3D_250_users_connect.csv,250,4,GA,0.44455977708040967,1.0,250,0.7052011145979514,0.072,0.7716232999810018
215_UAV_3D_250_users_connect.csv,250,4,PSO,0.4534251655629139,0.988,247,0.6688741721854304,0.028,0.6824470999999903
215_UAV_3D_250_users_connect.csv,250,4,WOA,0.4549234613399061,0.996,249,0.6773826933004697,0.036,0.5809917000005953
215_UAV_3D_250_users_connect.csv,250,4,H-PSO-GA,0.45362576631594864,1.0,250,0.6918711684202568,0.04,0.7615640999865718
215_UAV_3D_250_users_connect.csv,250,4,H-WOA-PSO,0.4513244728166004,0.996,249,0.6953776359169982,0.036,0.7015997999696992
215_UAV_3D_250_users_connect.csv,250,4,I-WOA,0.4459750271900497,0.992,248,0.674124864049751,0.072,3.3412599000148475
210_UAV_3D_500_users_connect.csv,500,4,GA,0.4288518185639928,0.976,488,0.6817409071800359,0.102,0.8019047999987379
210_UAV_3D_500_users_connect.csv,500,4,PSO,0.411375648378205,0.97,485,0.6691217581089749,0.184,0.5976733999559656
210_UAV_3D_500_users_connect.csv,500,4,WOA,0.43441520068029543,0.994,497,0.7519239965985223,0.058,0.8412941999849863
210_UAV_3D_500_users_connect.csv,500,4,H-PSO-GA,0.4192929394867053,0.988,494,0.6715353025664734,0.196,0.8998401000280865
210_UAV_3D_500_users_connect.csv,500,4,H-WOA-PSO,0.4125752305749471,0.972,486,0.6711238471252642,0.182,0.8866732000024058
210_UAV_3D_500_users_connect.csv,500,4,I-WOA,0.42389571471155557,0.998,499,0.7125214264422222,0.162,5.694824200007133
221_UAV_3D_50_users_connect.csv,50,4,GA,0.45141778969626883,1.0,50,0.6829110515186556,0.06,0.594660600007046
221_UAV_3D_50_users_connect.csv,50,4,PSO,0.45802325240299147,1.0,50,0.6698837379850426,0.04,0.5048618000000715
221_UAV_3D_50_users_connect.csv,50,4,WOA,0.44320018671712225,1.0,50,0.6839990664143886,0.1,0.7311658000107855
221_UAV_3D_50_users_connect.csv,50,4,H-PSO-GA,0.4604403909654994,1.0,50,0.6777980451725029,0.02,0.7312461999827065
221_UAV_3D_50_users_connect.csv,50,4,H-WOA-PSO,0.4457466262091617,1.0,50,0.6712668689541911,0.1,0.6360299999942072
221_UAV_3D_50_users_connect.csv,50,4,I-WOA,0.45022516556291386,1.0,50,0.6688741721854304,0.08,1.1547922000172548
223_UAV_3D_150_users_connect.csv,150,4,GA,0.44003018962705587,1.0,150,0.6865157185313872,0.11333333333333333,0.3242933999863453
223_UAV_3D_150_users_connect.csv,150,4,PSO,0.4314788681851304,0.9866666666666667,148,0.6892723257410145,0.11333333333333333,0.25893579999683425
223_UAV_3D_150_users_connect.csv,150,4,WOA,0.44199484282448953,1.0,150,0.6900257858775523,0.1,0.3475744999595918
223_UAV_3D_150_users_connect.csv,150,4,H-PSO-GA,0.43200278094059186,0.9933333333333333,149,0.6999860952970406,0.12,0.422995799977798
223_UAV_3D_150_users_connect.csv,150,4,H-WOA-PSO,0.4595584988962472,1.0,150,0.6688741721854304,0.03333333333333333,0.8123213999788277
223_UAV_3D_150_users_connect.csv,150,4,I-WOA,0.4431733374221357,1.0,150,0.6974666462226548,0.08666666666666667,2.3273589000455104
219_UAV_3D_450_users_connect.csv,450,4,GA,0.4271650905479193,1.0,450,0.7063967694826254,0.15777777777777777,0.5551726999692619
219_UAV_3D_450_users_connect.csv,450,4,PSO,0.4484361153549069,1.0,450,0.6689305343365765,0.08888888888888889,0.4593174000037834
219_UAV_3D_450_users_connect.csv,450,4,WOA,0.4465422049692154,0.9933333333333333,447,0.6761778640428117,0.07111111111111111,0.45414579997304827
219_UAV_3D_450_users_connect.csv,450,4,H-PSO-GA,0.4407960458611152,0.9977777777777778,449,0.7004642151388684,0.08888888888888889,0.4462218999979086
219_UAV_3D_450_users_connect.csv,450,4,H-WOA-PSO,0.43973545552751653,1.0,450,0.6902116112513063,0.1111111111111111,0.38806689996272326
219_UAV_3D_450_users_connect.csv,450,4,I-WOA,0.4331547661859974,0.9888888888888889,445,0.7053372801811241,0.09555555555555556,3.8183754999772646
216_UAV_3D_300_users_connect.csv,300,4,GA,0.40251596974467063,1.0,300,0.7107534846099801,0.27666666666666667,0.7231081999489106
216_UAV_3D_300_users_connect.csv,300,4,PSO,0.42430613128608163,1.0,300,0.6784693435695915,0.2,0.6982178000034764
216_UAV_3D_300_users_connect.csv,300,4,WOA,0.4167571358965987,0.9933333333333333,298,0.7062143205170063,0.19,0.5853557999944314
216_UAV_3D_300_users_connect.csv,300,4,H-PSO-GA,0.4243330500024322,1.0,300,0.6850014166545053,0.19333333333333333,0.7399847999913618
216_UAV_3D_300_users_connect.csv,300,4,H-WOA-PSO,0.42181866682467967,0.9866666666666667,296,0.6709066658766015,0.18,0.7386089999927208
216_UAV_3D_300_users_connect.csv,300,4,I-WOA,0.42707281222853727,1.0,300,0.7013026055239799,0.16333333333333333,4.228459700010717
222_UAV_3D_100_users_connect.csv,100,4,GA,0.3932083558101701,1.0,100,0.7039582209491493,0.33,0.5593524999567308
222_UAV_3D_100_users_connect.csv,100,4,PSO,0.45222516556291387,1.0,100,0.6688741721854304,0.07,0.7121236000093631
222_UAV_3D_100_users_connect.csv,100,4,WOA,0.44567537357751513,0.99,99,0.7216231321124241,0.02,0.7345058000064455
222_UAV_3D_100_users_connect.csv,100,4,H-PSO-GA,0.4523242211897509,1.0,100,0.6783788940512454,0.06,0.6582994000054896
222_UAV_3D_100_users_connect.csv,100,4,H-WOA-PSO,0.4527416649786177,0.99,99,0.6862916751069115,0.02,0.5995175000280142
222_UAV_3D_100_users_connect.csv,100,4,I-WOA,0.4369476135156393,0.98,98,0.7352619324218032,0.02,1.5358478000271134
217_UAV_3D_350_users_connect.csv,350,4,GA,0.4335770278418402,0.9885714285714285,346,0.6978291465050842,0.1,0.7953175000147894
217_UAV_3D_350_users_connect.csv,350,4,PSO,0.44002047223940843,0.9971428571428571,349,0.6970404959458145,0.09428571428571429,0.6565792000037618
217_UAV_3D_350_users_connect.csv,350,4,WOA,0.4398548555043051,0.9828571428571429,344,0.6750114367641892,0.07428571428571429,0.6469671000377275
217_UAV_3D_350_users_connect.csv,350,4,H-PSO-GA,0.4398013040292516,0.9914285714285714,347,0.678136336996599,0.09714285714285714,0.7868264999706298
217_UAV_3D_350_users_connect.csv,350,4,H-WOA-PSO,0.44417057298075696,0.9971428571428571,349,0.6905757065247861,0.08,0.7426680999924429
217_UAV_3D_350_users_connect.csv,350,4,I-WOA,0.44206012124210453,0.9885714285714285,346,0.6782708223609057,0.07714285714285714,4.121818599989638
218_UAV_3D_400_users_connect.csv,400,4,GA,0.3888115823752752,1.0,400,0.6909420881236239,0.365,0.8126579999807291
218_UAV_3D_400_users_connect.csv,400,4,PSO,0.43393895689702533,1.0,400,0.715305215514873,0.115,0.6109716999926604
218_UAV_3D_400_users_connect.csv,400,4,WOA,0.4587089324597378,1.0,400,0.6839553377013106,0.0225,0.69970519997878
218_UAV_3D_400_users_connect.csv,400,4,H-PSO-GA,0.4459050670386383,0.9925,397,0.6829746648068084,0.065,0.7764175000484101
218_UAV_3D_400_users_connect.csv,400,4,H-WOA-PSO,0.4617251655629139,1.0,400,0.6688741721854304,0.0225,0.9208985000150278
218_UAV_3D_400_users_connect.csv,400,4,I-WOA,0.4116322898726708,1.0,400,0.731838550636646,0.21,3.8501329999999143
224_UAV_3D_200_users_connect.csv,200,4,GA,0.4524247153461546,1.0,200,0.6778764232692268,0.06,0.888617999968119
224_UAV_3D_200_users_connect.csv,200,4,PSO,0.44941764530079487,1.0,200,0.6879117734960256,0.065,0.6320277999620885
224_UAV_3D_200_users_connect.csv,200,4,WOA,0.45122516556291387,0.995,199,0.6688741721854304,0.06,0.5636418999638408
224_UAV_3D_200_users_connect.csv,200,4,H-PSO-GA,0.45402585139214546,1.0,200,0.6698707430392724,0.06,0.8375354000017978
224_UAV_3D_200_users_connect.csv,200,4,H-WOA-PSO,0.45322516556291387,1.0,200,0.6688741721854304,0.065,0.5942321000038646
224_UAV_3D_200_users_connect.csv,200,4,I-WOA,0.4540419218007561,1.0,200,0.6697903909962192,0.06,0.848511399992276
225_UAV_3D_250_users_connect.csv,250,4,GA,0.43878767736066826,1.0,250,0.7100616131966584,0.096,0.8431532999966294
225_UAV_3D_250_users_connect.csv,250,4,PSO,0.45629486131516717,1.0,250,0.6865256934241639,0.032,0.6484972000471316
225_UAV_3D_250_users_connect.csv,250,4,WOA,0.4533572835223364,0.996,249,0.6812135823883179,0.04,0.5722269000252709
225_UAV_3D_250_users_connect.csv,250,4,H-PSO-GA,0.45438242240643056,1.0,250,0.6880878879678471,0.04,0.8462096000439487
225_UAV_3D_250_users_connect.csv,250,4,H-WOA-PSO,0.4508725715185706,0.992,248,0.6936371424071468,0.028,0.5571112000034191
225_UAV_3D_250_users_connect.csv,250,4,I-WOA,0.4574715339309608,0.996,249,0.6806423303451961,0.02,0.8883686999906786
220_UAV_3D_500_users_connect.csv,500,4,GA,0.4501743960372731,0.994,497,0.7031280198136343,0.028,0.8237794999731705
220_UAV_3D_500_users_connect.csv,500,4,PSO,0.45178298544913775,1.0,500,0.711085072754311,0.03,0.6765748999896459
220_UAV_3D_500_users_connect.csv,500,4,WOA,0.44615163492616805,1.0,500,0.7252418253691597,0.044,0.9933296999661252
220_UAV_3D_500_users_connect.csv,500,4,H-PSO-GA,0.45493928357689617,0.996,498,0.6773035821155192,0.036,0.5182999999960884
220_UAV_3D_500_users_connect.csv,500,4,H-WOA-PSO,0.4509723284861841,1.0,500,0.7171383575690792,0.028,0.5165972000104375
220_UAV_3D_500_users_connect.csv,500,4,I-WOA,0.4560296966199011,0.996,498,0.6698515169004945,0.038,3.220829500001855
226_UAV_3D_300_users_connect.csv,300,4,GA,0.42461827217764514,0.9933333333333333,298,0.6869086391117738,0.17,0.7634884999715723
226_UAV_3D_300_users_connect.csv,300,4,PSO,0.44725576528452354,1.0,300,0.7103878402440488,0.05333333333333334,0.5730241000419483
226_UAV_3D_300_users_connect.csv,300,4,WOA,0.4315724683047211,0.9933333333333333,298,0.6988043251430607,0.12333333333333334,0.8519864000263624
226_UAV_3D_300_users_connect.csv,300,4,H-PSO-GA,0.4040888657610991,0.9933333333333333,298,0.7095556711945045,0.25,0.49950340000214055
226_UAV_3D_300_users_connect.csv,300,4,H-WOA-PSO,0.4628918322295805,1.0,300,0.6688741721854304,0.016666666666666666,0.5413367000292055
226_UAV_3D_300_users_connect.csv,300,4,I-WOA,0.44845113228646044,1.0,300,0.7344110052343645,0.023333333333333334,1.4465522000100464
227_UAV_3D_350_users_connect.csv,350,4,GA,0.44927265415626366,0.9971428571428571,349,0.6707795863615384,0.07428571428571429,0.7498439000337385
227_UAV_3D_350_users_connect.csv,350,4,PSO,0.44565373699148536,0.9914285714285714,347,0.6688741721854304,0.07714285714285714,0.694361999980174
227_UAV_3D_350_users_connect.csv,350,4,WOA,0.4337318089036925,1.0,350,0.679912384052966,0.15142857142857144,0.447964699997101
227_UAV_3D_350_users_connect.csv,350,4,H-PSO-GA,0.4370702702504508,0.9914285714285714,347,0.6917915058906031,0.09714285714285714,0.4958258999977261
227_UAV_3D_350_users_connect.csv,350,4,H-WOA-PSO,0.43550672099800936,0.9942857142857143,348,0.6996092521528103,0.10571428571428572,0.5398524000192992
227_UAV_3D_350_users_connect.csv,350,4,I-WOA,0.44390012122445627,1.0,350,0.7062136795920043,0.07428571428571429,1.6301144000026397
231_UAV_3D_50_users_connect.csv,50,4,GA,0.43120599020880424,1.0,50,0.6839700489559786,0.16,0.40786179999122396
231_UAV_3D_50_users_connect.csv,50,4,PSO,0.44222516556291386,1.0,50,0.6688741721854304,0.12,0.38587689999258146
231_UAV_3D_50_users_connect.csv,50,4,WOA,0.44222516556291386,1.0,50,0.6688741721854304,0.12,0.3706057000090368
231_UAV_3D_50_users_connect.csv,50,4,H-PSO-GA,0.441001490236806,1.0,50,0.6749925488159698,0.12,0.41240149998338893
231_UAV_3D_50_users_connect.csv,50,4,H-WOA-PSO,0.44222516556291386,1.0,50,0.6688741721854304,0.12,0.39510039996821433
231_UAV_3D_50_users_connect.csv,50,4,I-WOA,0.4416343515254203,1.0,50,0.6718282423728981,0.12,0.6020205999957398
232_UAV_3D_100_users_connect.csv,100,4,GA,0.4436982827741772,1.0,100,0.7015085861291136,0.08,0.4809889000025578
232_UAV_3D_100_users_connect.csv,100,4,PSO,0.4504454264195315,1.0,100,0.6977728679023423,0.05,0.3763475000159815
232_UAV_3D_100_users_connect.csv,100,4,WOA,0.45260021879726603,1.0,100,0.6769989060136696,0.06,0.3705661999993026
232_UAV_3D_100_users_connect.csv,100,4,H-PSO-GA,0.44700598953322773,0.99,99,0.6849700523338611,0.05,0.4361582999699749
232_UAV_3D_100_users_connect.csv,100,4,H-WOA-PSO,0.45084000921481193,1.0,100,0.6857999539259403,0.06,0.32568759995047003
232_UAV_3D_100_users_connect.csv,100,4,I-WOA,0.44853358153230566,1.0,100,0.7073320923384715,0.05,0.5033407000009902
228_UAV_3D_400_users_connect.csv,400,4,GA,0.43515409576233427,0.995,398,0.6967295211883283,0.1125,0.5667416000505909
228_UAV_3D_400_users_connect.csv,400,4,PSO,0.4411280310682204,1.0,400,0.6968598446588977,0.0975,0.47806779999518767
228_UAV_3D_400_users_connect.csv,400,4,WOA,0.43645102658353324,0.99,396,0.6752448670823336,0.1125,0.5851511000073515
228_UAV_3D_400_users_connect.csv,400,4,H-PSO-GA,0.44129013279740315,1.0,400,0.698549336012984,0.095,0.7087161000235938
228_UAV_3D_400_users_connect.csv,400,4,H-WOA-PSO,0.4524489053882565,1.0,400,0.6802554730587174,0.0575,0.472804700024426
228_UAV_3D_400_users_connect.csv,400,4,I-WOA,0.4418547755894365,1.0,400,0.6982261220528174,0.0925,1.2083055000402965
234_UAV_3D_200_users_connect.csv,200,4,GA,0.45452391759158517,1.0,200,0.6873804120420741,0.04,0.5215650000027381
234_UAV_3D_200_users_connect.csv,200,4,PSO,0.4592251655629139,1.0,200,0.6688741721854304,0.035,0.5005839000223204
234_UAV_3D_200_users_connect.csv,200,4,WOA,0.4592101906723316,1.0,200,0.6689490466383418,0.035,0.4426344999810681
234_UAV_3D_200_users_connect.csv,200,4,H-PSO-GA,0.4589568835503023,1.0,200,0.6702155822484882,0.035,0.3474722999962978
234_UAV_3D_200_users_connect.csv,200,4,H-WOA-PSO,0.45822516556291387,1.0,200,0.6688741721854304,0.04,0.3776003000093624
234_UAV_3D_200_users_connect.csv,200,4,I-WOA,0.45609105121611604,1.0,200,0.6695447439194198,0.05,1.0594927999773063
235_UAV_3D_250_users_connect.csv,250,4,GA,0.41310522943190353,1.0,250,0.7064738528404825,0.228,0.4808519000071101
235_UAV_3D_250_users_connect.csv,250,4,PSO,0.42458632180687284,1.0,250,0.6810683909656358,0.196,0.4386837999918498
235_UAV_3D_250_users_connect.csv,250,4,WOA,0.4231348225019037,1.0,250,0.6883258874904814,0.196,0.3301647999905981
235_UAV_3D_250_users_connect.csv,250,4,H-PSO-GA,0.42194710004858016,0.992,248,0.6702644997570989,0.196,0.351043300004676
235_UAV_3D_250_users_connect.csv,250,4,H-WOA-PSO,0.42189663875284256,0.992,248,0.6745168062357871,0.192,0.37008459999924526
235_UAV_3D_250_users_connect.csv,250,4,I-WOA,0.4582557081521457,1.0,250,0.6767214592392711,0.032,0.9684980000020005
233_UAV_3D_150_users_connect.csv,150,4,GA,0.4249756963172479,1.0,150,0.7017881850804267,0.17333333333333334,0.5290116000105627
233_UAV_3D_150_users_connect.csv,150,4,PSO,0.4406635788238048,1.0,150,0.6766821058809755,0.12,0.47365480003645644
233_UAV_3D_150_users_connect.csv,150,4,WOA,0.44413005428862845,0.9933333333333333,149,0.6860163952235244,0.07333333333333333,0.4674180000438355
233_UAV_3D_150_users_connect.csv,150,4,H-PSO-GA,0.44009839254034633,1.0,150,0.6795080372982679,0.12,0.35459639999317005
233_UAV_3D_150_users_connect.csv,150,4,H-WOA-PSO,0.43497818815183165,1.0,150,0.678442392574175,0.14666666666666667,0.35298570001032203
233_UAV_3D_150_users_connect.csv,150,4,I-WOA,0.429579926727262,1.0,150,0.6854336996970235,0.16666666666666666,1.4621661999844946
229_UAV_3D_450_users_connect.csv,450,4,GA,0.4187410310705497,1.0,450,0.7462948446472514,0.16,0.585817999963183
229_UAV_3D_450_users_connect.csv,450,4,PSO,0.44087134853138504,0.9977777777777778,449,0.6778654795652971,0.1111111111111111,0.5121623000013642
229_UAV_3D_450_users_connect.csv,450,4,WOA,0.43139019713005927,0.9777777777777777,440,0.6741601254608148,0.10222222222222223,0.4941380000091158
229_UAV_3D_450_users_connect.csv,450,4,H-PSO-GA,0.4378163697930561,0.9977777777777778,449,0.6909181510347193,0.11333333333333333,0.5127503999974579
229_UAV_3D_450_users_connect.csv,450,4,H-WOA-PSO,0.41163554691531995,1.0,450,0.7196000432011779,0.2222222222222222,0.4203212999855168
229_UAV_3D_450_users_connect.csv,450,4,I-WOA,0.42886613098169896,1.0,450,0.7290026784248385,0.12666666666666668,1.7345605000155047
230_UAV_3D_500_users_connect.csv,500,4,GA,0.4408959150094533,0.996,498,0.7295204249527337,0.054,0.5611995999934152
230_UAV_3D_500_users_connect.csv,500,4,PSO,0.4245282964841541,0.998,499,0.6913585175792298,0.18,0.5062550000147894
230_UAV_3D_500_users_connect.csv,500,4,WOA,0.44460663985081034,0.992,496,0.7109668007459481,0.042,0.5129694000352174
230_UAV_3D_500_users_connect.csv,500,4,H-PSO-GA,0.42390043760065516,1.0,500,0.6964978119967241,0.184,0.5606178999878466
230_UAV_3D_500_users_connect.csv,500,4,H-WOA-PSO,0.4574143100260321,1.0,500,0.6689284498698392,0.044,0.43253679998451844
230_UAV_3D_500_users_connect.csv,500,4,I-WOA,0.42390354296240373,0.998,499,0.6924822851879814,0.182,2.0043269000016153
236_UAV_3D_300_users_connect.csv,300,4,GA,0.442921873108061,0.9966666666666667,299,0.6820573011263612,0.09333333333333334,0.5053768000216223
236_UAV_3D_300_users_connect.csv,300,4,PSO,0.4248218271689142,1.0,300,0.6825575308220956,0.19333333333333333,0.3901562999817543
236_UAV_3D_300_users_connect.csv,300,4,WOA,0.4245534298825407,1.0,300,0.6838995172539629,0.19333333333333333,0.33561020001070574
236_UAV_3D_300_users_connect.csv,300,4,H-PSO-GA,0.42464131971659463,1.0,300,0.6834600680836934,0.19333333333333333,0.4111560999881476
236_UAV_3D_300_users_connect.csv,300,4,H-WOA-PSO,0.4215584988962472,0.9866666666666667,296,0.6688741721854304,0.18333333333333332,0.5950180999934673
236_UAV_3D_300_users_connect.csv,300,4,I-WOA,0.4221708726055231,0.99,297,0.669145636972384,0.19,1.5320840000058524
237_UAV_3D_350_users_connect.csv,350,4,GA,0.4318182668655285,0.9971428571428571,349,0.6980515228152142,0.13428571428571429,0.6376464000204578
237_UAV_3D_350_users_connect.csv,350,4,PSO,0.43761085838329045,0.9942857142857143,348,0.6690885652264047,0.12571428571428572,0.3447938000317663
237_UAV_3D_350_users_connect.csv,350,4,WOA,0.44537089282938963,1.0,350,0.7017169644244802,0.07142857142857142,0.33967689995188266
237_UAV_3D_350_users_connect.csv,350,4,H-PSO-GA,0.4323761620910964,0.9942857142857143,348,0.6809763324016603,0.14,0.39299889997346327
237_UAV_3D_350_users_connect.csv,350,4,H-WOA-PSO,0.4427965941343424,0.9942857142857143,348,0.6688741721854304,0.1,0.3916255999938585
237_UAV_3D_350_users_connect.csv,350,4,I-WOA,0.4306403264454759,0.9885714285714285,346,0.6725126534869056,0.14,1.5568678000126965
241_UAV_3D_50_users_connect.csv,50,4,GA,0.4581459289487434,1.0,50,0.6692703552562826,0.04,0.36835880001308396
241_UAV_3D_50_users_connect.csv,50,4,PSO,0.45822516556291387,1.0,50,0.6688741721854304,0.04,0.5167510999599472
241_UAV_3D_50_users_connect.csv,50,4,WOA,0.45822516556291387,1.0,50,0.6688741721854304,0.04,0.5629241000278853
241_UAV_3D_50_users_connect.csv,50,4,H-PSO-GA,0.462150744658385,1.0,50,0.6692462767080746,0.02,0.40839630004484206
241_UAV_3D_50_users_connect.csv,50,4,H-WOA-PSO,0.45822516556291387,1.0,50,0.6688741721854304,0.04,0.3136557000107132
241_UAV_3D_50_users_connect.csv,50,4,I-WOA,0.45822516556291387,1.0,50,0.6688741721854304,0.04,0.5840156000340357
238_UAV_3D_400_users_connect.csv,400,4,GA,0.4196324926035404,0.9825,393,0.7068375369822983,0.1425,0.38966349995462224
238_UAV_3D_400_users_connect.csv,400,4,PSO,0.4454667281080323,0.9975,399,0.6701663594598386,0.095,0.3825533000053838
238_UAV_3D_400_users_connect.csv,400,4,WOA,0.43151410545931357,0.985,394,0.6874294727034318,0.11,0.3548537999740802
238_UAV_3D_400_users_connect.csv,400,4,H-PSO-GA,0.44023384441858826,0.9975,399,0.6813307779070589,0.11,0.44396420003613457
238_UAV_3D_400_users_connect.csv,400,4,H-WOA-PSO,0.43456622843284803,0.9875,395,0.6771688578357598,0.1125,0.4473293999908492
238_UAV_3D_400_users_connect.csv,400,4,I-WOA,0.44095924579652535,1.0,400,0.707703771017373,0.0875,1.568422099982854
240_UAV_3D_500_users_connect.csv,500,4,GA,0.44920116447092934,0.994,497,0.6719941776453529,0.064,0.4286411000066437
240_UAV_3D_500_users_connect.csv,500,4,PSO,0.3928990509084044,0.992,496,0.6735047454579778,0.338,0.382022500038147
240_UAV_3D_500_users_connect.csv,500,4,WOA,0.4410103680709141,0.988,494,0.7089481596454293,0.05,0.4266380000044592
240_UAV_3D_500_users_connect.csv,500,4,H-PSO-GA,0.39286429699433423,0.994,497,0.6856785150283284,0.332,0.4296815000125207
240_UAV_3D_500_users_connect.csv,500,4,H-WOA-PSO,0.4475299288273619,0.998,499,0.6883503558631902,0.068,0.44459890003781766
240_UAV_3D_500_users_connect.csv,500,4,I-WOA,0.443664750306209,0.996,498,0.7196762484689552,0.05,2.3592253000242636
242_UAV_3D_100_users_connect.csv,100,4,GA,0.45024188517730496,1.0,100,0.708790574113475,0.04,0.6634580999962054
242_UAV_3D_100_users_connect.csv,100,4,PSO,0.4477296841141848,0.99,99,0.6813515794290756,0.05,0.37983369996072724
242_UAV_3D_100_users_connect.csv,100,4,WOA,0.44822516556291386,0.98,98,0.6688741721854304,0.03,0.2926518999738619
242_UAV_3D_100_users_connect.csv,100,4,H-PSO-GA,0.436712096271494,1.0,100,0.6764395186425299,0.14,0.3681378000183031
242_UAV_3D_100_users_connect.csv,100,4,H-WOA-PSO,0.4480946462248053,1.0,100,0.6695267688759732,0.09,0.44380950002232566
242_UAV_3D_100_users_connect.csv,100,4,I-WOA,0.4359750775601091,1.0,100,0.6901246121994543,0.13,2.8026766999973916
244_UAV_3D_200_users_connect.csv,200,4,GA,0.43895265121686255,1.0,200,0.6852367439156871,0.12,0.34780340001452714
244_UAV_3D_200_users_connect.csv,200,4,PSO,0.43599207614578606,1.0,200,0.6900396192710694,0.13,0.32094460004009306
244_UAV_3D_200_users_connect.csv,200,4,WOA,0.45346045217537856,0.995,199,0.6776977391231068,0.04,0.3315910999663174
244_UAV_3D_200_users_connect.csv,200,4,H-PSO-GA,0.435324274472347,1.0,200,0.6933786276382649,0.13,0.4498395000118762
244_UAV_3D_200_users_connect.csv,200,4,H-WOA-PSO,0.43504805589584006,0.99,198,0.6747597205207996,0.12,0.4973422000184655
244_UAV_3D_200_users_connect.csv,200,4,I-WOA,0.43953194586915056,1.0,200,0.6923402706542467,0.11,3.8290255999891087
243_UAV_3D_150_users_connect.csv,150,4,GA,0.40792044912191106,1.0,150,0.6737310877237779,0.2866666666666667,0.33939439995447174
243_UAV_3D_150_users_connect.csv,150,4,PSO,0.4142251655629139,1.0,150,0.6688741721854304,0.26,0.30373149999650195
243_UAV_3D_150_users_connect.csv,150,4,WOA,0.41397038552784443,1.0,150,0.6701480723607777,0.26,0.3003580000367947
243_UAV_3D_150_users_connect.csv,150,4,H-PSO-GA,0.4126960625215823,1.0,150,0.6698530207254215,0.26666666666666666,0.3593261999776587
243_UAV_3D_150_users_connect.csv,150,4,H-WOA-PSO,0.4155584988962472,1.0,150,0.6688741721854304,0.25333333333333335,0.44731270003831014
243_UAV_3D_150_users_connect.csv,150,4,I-WOA,0.4155492173464604,1.0,150,0.6689205799343644,0.25333333333333335,4.163160900003277
239_UAV_3D_450_users_connect.csv,450,4,GA,0.44931106990673947,0.9977777777777778,449,0.6934446504663029,0.05333333333333334,0.5095335000078194
239_UAV_3D_450_users_connect.csv,450,4,PSO,0.45530689078949466,0.9977777777777778,449,0.6745766571636379,0.042222222222222223,0.6018181999679655
239_UAV_3D_450_users_connect.csv,450,4,WOA,0.4537802163925126,0.9933333333333333,447,0.6688766958152148,0.042222222222222223,0.8005710999714211
239_UAV_3D_450_users_connect.csv,450,4,H-PSO-GA,0.45541149479095683,1.0,450,0.6807203038229938,0.042222222222222223,0.7638100999756716
239_UAV_3D_450_users_connect.csv,450,4,H-WOA-PSO,0.45477217802771597,1.0,450,0.6861391098614201,0.04,0.9205481000244617
239_UAV_3D_450_users_connect.csv,450,4,I-WOA,0.4403858816339336,0.9933333333333333,447,0.7336261473858872,0.044444444444444446,4.603537299961317
247_UAV_3D_350_users_connect.csv,350,4,GA,0.4541832593699805,1.0,350,0.7090837031500974,0.02,0.5893434999743477
247_UAV_3D_350_users_connect.csv,350,4,PSO,0.449049231067772,0.9942857142857143,348,0.6747538446611397,0.06285714285714286,0.4362727999687195
247_UAV_3D_350_users_connect.csv,350,4,WOA,0.43503005510634535,0.9914285714285714,347,0.747706867325416,0.05142857142857143,0.5493655000464059
247_UAV_3D_350_users_connect.csv,350,4,H-PSO-GA,0.44960089660442104,0.9942857142857143,348,0.6719955169778946,0.06285714285714286,0.7179528000415303
247_UAV_3D_350_users_connect.csv,350,4,H-WOA-PSO,0.43588560464179,0.9914285714285714,347,0.7462862625053357,0.04857142857142857,0.654201400000602
247_UAV_3D_350_users_connect.csv,350,4,I-WOA,0.4313825814378355,0.9857142857142858,345,0.751658521382251,0.04857142857142857,3.5146094000083394
245_UAV_3D_250_users_connect.csv,250,4,GA,0.44445228365700107,0.996,249,0.6897385817149949,0.076,0.7384972000145353
245_UAV_3D_250_users_connect.csv,250,4,PSO,0.4531186755716624,0.992,248,0.6704066221416876,0.04,0.5634823000291362
245_UAV_3D_250_users_connect.csv,250,4,WOA,0.44281417895425984,0.984,246,0.6739291052287003,0.064,0.8804331000428647
245_UAV_3D_250_users_connect.csv,250,4,H-PSO-GA,0.44579514616204685,0.992,248,0.6710242691897655,0.076,1.5487910999800079
245_UAV_3D_250_users_connect.csv,250,4,H-WOA-PSO,0.439864427784593,0.98,245,0.6846778610770349,0.056,0.5943847000016831
245_UAV_3D_250_users_connect.csv,250,4,I-WOA,0.4445929164793271,0.984,246,0.6690354176033639,0.06,3.0069508999586105
248_UAV_3D_400_users_connect.csv,400,4,GA,0.4172296492264548,1.0,400,0.703851753867726,0.21,0.491118700010702
248_UAV_3D_400_users_connect.csv,400,4,PSO,0.42437937021054806,0.9975,399,0.6706031489472598,0.2,0.5261840999592096
248_UAV_3D_400_users_connect.csv,400,4,WOA,0.41841039840824334,0.995,398,0.6854480079587834,0.2075,0.6291004000231624
248_UAV_3D_400_users_connect.csv,400,4,H-PSO-GA,0.4249722979708359,0.9975,399,0.6701385101458206,0.1975,0.663399400014896
248_UAV_3D_400_users_connect.csv,400,4,H-WOA-PSO,0.4212251655629139,0.9925,397,0.6688741721854304,0.2025,1.2177706999937072
248_UAV_3D_400_users_connect.csv,400,4,I-WOA,0.4156377851706843,0.9975,399,0.711811074146579,0.2025,3.130225899978541
251_UAV_3D_50_users_connect.csv,50,4,GA,0.4538498220565936,1.0,50,0.6707508897170319,0.06,0.5876195000018924
251_UAV_3D_50_users_connect.csv,50,4,PSO,0.4622251655629139,1.0,50,0.6688741721854304,0.02,0.5095726000145078
251_UAV_3D_50_users_connect.csv,50,4,WOA,0.45422516556291387,1.0,50,0.6688741721854304,0.06,1.0175192999886349
251_UAV_3D_50_users_connect.csv,50,4,H-PSO-GA,0.461901506861704,1.0,50,0.6704924656914798,0.02,1.4198346000048332
251_UAV_3D_50_users_connect.csv,50,4,H-WOA-PSO,0.45422516556291387,1.0,50,0.6688741721854304,0.06,1.510541399999056
251_UAV_3D_50_users_connect.csv,50,4,I-WOA,0.45422516556291387,1.0,50,0.6688741721854304,0.06,1.113360300019849
246_UAV_3D_300_users_connect.csv,300,4,GA,0.4206369331559638,1.0,300,0.7001486675535142,0.19666666666666666,0.7325943999458104
246_UAV_3D_300_users_connect.csv,300,4,PSO,0.4249253376279482,0.9933333333333333,298,0.6787066451935921,0.17666666666666667,0.574964200030081
246_UAV_3D_300_users_connect.csv,300,4,WOA,0.4229859098142891,0.9966666666666667,299,0.6884037842618878,0.18666666666666668,1.0882631000131369
246_UAV_3D_300_users_connect.csv,300,4,H-PSO-GA,0.42333277735229863,0.9966666666666667,299,0.6800027799051732,0.19333333333333333,1.362864200025797
246_UAV_3D_300_users_connect.csv,300,4,H-WOA-PSO,0.4435070578723391,0.99,297,0.6724647106383043,0.08,0.773077399993781
246_UAV_3D_300_users_connect.csv,300,4,I-WOA,0.42360292425156326,0.9933333333333333,298,0.6786520454088499,0.18333333333333332,3.1603246000013314
250_UAV_3D_500_users_connect.csv,500,4,GA,0.4197877139322668,1.0,500,0.6970614303386659,0.204,1.3788889999850653
250_UAV_3D_500_users_connect.csv,500,4,PSO,0.42166321002385876,0.992,496,0.687683949880706,0.18,0.7989822999807075
250_UAV_3D_500_users_connect.csv,500,4,WOA,0.4208753221680389,0.994,497,0.6696233891598051,0.208,0.6023558999877423
250_UAV_3D_500_users_connect.csv,500,4,H-PSO-GA,0.42123916781769816,0.99,495,0.6798041609115089,0.184,0.7307780999690294
250_UAV_3D_500_users_connect.csv,500,4,H-WOA-PSO,0.4242251655629139,0.99,495,0.6688741721854304,0.18,0.7314422000199556
250_UAV_3D_500_users_connect.csv,500,4,I-WOA,0.4254076716086516,1.0,500,0.7389616419567416,0.134,2.3656193999922834
252_UAV_3D_100_users_connect.csv,100,4,GA,0.42171349703754724,1.0,100,0.6914325148122634,0.2,1.385116300021764
252_UAV_3D_100_users_connect.csv,100,4,PSO,0.43622516556291385,0.99,99,0.6688741721854304,0.12,1.5241521000280045
252_UAV_3D_100_users_connect.csv,100,4,WOA,0.4286276466332156,0.99,99,0.6768617668339219,0.15,1.1376206999993883
252_UAV_3D_100_users_connect.csv,100,4,H-PSO-GA,0.4394182796193844,1.0,100,0.6829086019030779,0.12,0.6801332999602892
252_UAV_3D_100_users_connect.csv,100,4,H-WOA-PSO,0.43622516556291385,0.99,99,0.6688741721854304,0.12,0.8394468000042252
252_UAV_3D_100_users_connect.csv,100,4,I-WOA,0.43729537292541576,0.99,99,0.6735231353729211,0.11,2.7379208000493236
261_UAV_3D_50_users_connect.csv,50,4,GA,0.4439913892341223,1.0,50,0.7000430538293881,0.08,0.575106100004632
261_UAV_3D_50_users_connect.csv,50,4,PSO,0.4581580494684524,1.0,50,0.6692097526577376,0.04,0.4900253000087105
261_UAV_3D_50_users_connect.csv,50,4,WOA,0.453254779700495,1.0,50,0.6737261014975247,0.06,0.43941250001080334
261_UAV_3D_50_users_connect.csv,50,4,H-PSO-GA,0.45315974106521184,1.0,50,0.6742012946739407,0.06,0.5259403000236489
261_UAV_3D_50_users_connect.csv,50,4,H-WOA-PSO,0.45822516556291387,1.0,50,0.6688741721854304,0.04,0.5180973999667913
261_UAV_3D_50_users_connect.csv,50,4,I-WOA,0.4392726278956547,0.98,49,0.7036368605217261,0.04,3.0495740000042133
262_UAV_3D_100_users_connect.csv,100,4,GA,0.4261078588581425,1.0,100,0.709460705709287,0.16,0.766147100017406
262_UAV_3D_100_users_connect.csv,100,4,PSO,0.4545937248954919,1.0,100,0.6970313755225404,0.03,0.712681100005284
262_UAV_3D_100_users_connect.csv,100,4,WOA,0.439624913350821,1.0,100,0.711875433245895,0.09,0.4976596999913454
262_UAV_3D_100_users_connect.csv,100,4,H-PSO-GA,0.4508408126277863,1.0,100,0.6957959368610681,0.05,0.5256976999808103
262_UAV_3D_100_users_connect.csv,100,4,H-WOA-PSO,0.451525283681645,1.0,100,0.6723735815917747,0.07,0.5255102000082843
262_UAV_3D_100_users_connect.csv,100,4,I-WOA,0.444811141094886,1.0,100,0.7459442945255698,0.03,2.5337874999968335
254_UAV_3D_200_users_connect.csv,200,4,GA,0.44102285146990367,1.0,200,0.6948857426504814,0.1,0.9021783000207506
254_UAV_3D_200_users_connect.csv,200,4,PSO,0.44564649307958326,1.0,200,0.6817675346020836,0.09,0.8372867999714799
254_UAV_3D_200_users_connect.csv,200,4,WOA,0.4406832459266559,0.995,199,0.6865837703667201,0.095,0.7141434000222944
254_UAV_3D_200_users_connect.csv,200,4,H-PSO-GA,0.4411048453984371,1.0,200,0.6994757730078143,0.095,0.7144310000003316
254_UAV_3D_200_users_connect.csv,200,4,H-WOA-PSO,0.4431218872583944,0.99,198,0.6693905637080276,0.085,0.8405449999845587
254_UAV_3D_200_users_connect.csv,200,4,I-WOA,0.44277546928759337,1.0,200,0.681122653562033,0.105,4.158249100029934
253_UAV_3D_150_users_connect.csv,150,4,GA,0.40912237221304143,1.0,150,0.6943881389347928,0.26,1.7679567000013776
253_UAV_3D_150_users_connect.csv,150,4,PSO,0.4541301625178816,0.9933333333333333,149,0.6760158540772587,0.03333333333333333,0.769625700020697
253_UAV_3D_150_users_connect.csv,150,4,WOA,0.45095819931882647,1.0,150,0.6918756700725343,0.05333333333333334,0.6168979000067338
253_UAV_3D_150_users_connect.csv,150,4,H-PSO-GA,0.45409460128380175,1.0,150,0.709526993580991,0.02,0.7066519999643788
253_UAV_3D_150_users_connect.csv,150,4,H-WOA-PSO,0.45924989441417313,0.9933333333333333,149,0.6770838612624676,0.006666666666666667,0.6365362000069581
253_UAV_3D_150_users_connect.csv,150,4,I-WOA,0.418587588725031,1.0,150,0.7070620563748448,0.2,5.061954499979038
255_UAV_3D_250_users_connect.csv,250,4,GA,0.4415030492018012,0.996,249,0.7004847539909939,0.08,0.8693083999678493
255_UAV_3D_250_users_connect.csv,250,4,PSO,0.4459649256191553,0.996,249,0.6941753719042236,0.064,0.7617786999908276
255_UAV_3D_250_users_connect.csv,250,4,WOA,0.44567091580479956,0.996,249,0.6996454209760024,0.06,0.7306426000432111
255_UAV_3D_250_users_connect.csv,250,4,H-PSO-GA,0.44563545503508994,0.996,249,0.7038227248245502,0.056,0.7789354000124149
255_UAV_3D_250_users_connect.csv,250,4,H-WOA-PSO,0.4472642184128011,0.992,248,0.6876789079359942,0.052,0.8601368999807164
255_UAV_3D_250_users_connect.csv,250,4,I-WOA,0.44574989467094417,0.996,249,0.6912505266452792,0.068,4.519991700013634
249_UAV_3D_450_users_connect.csv,450,4,GA,0.4496881314179976,1.0,450,0.696003787354456,0.05555555555555555,0.8699004999944009
249_UAV_3D_450_users_connect.csv,450,4,PSO,0.4426072747176797,0.9977777777777778,449,0.7069636264116016,0.07333333333333333,1.3674998999922536
249_UAV_3D_450_users_connect.csv,450,4,WOA,0.457232772140969,1.0,450,0.6716139170729326,0.042222222222222223,1.6576383999781683
249_UAV_3D_450_users_connect.csv,450,4,H-PSO-GA,0.447833224501335,1.0,450,0.7163894330488804,0.044444444444444446,1.9933232999756
249_UAV_3D_450_users_connect.csv,450,4,H-WOA-PSO,0.4489008597204472,1.0,450,0.7132734791755417,0.042222222222222223,0.9685479999752715
249_UAV_3D_450_users_connect.csv,450,4,I-WOA,0.44842363701990773,1.0,450,0.7156595926782391,0.042222222222222223,6.66748440003721
259_UAV_3D_450_users_connect.csv,450,4,GA,0.4433691574863828,0.9955555555555555,448,0.6964875459014193,0.07333333333333333,0.8309109000256285
259_UAV_3D_450_users_connect.csv,450,4,PSO,0.44990762553752384,0.9955555555555555,448,0.6882396500901582,0.04888888888888889,0.6375419000396505
259_UAV_3D_450_users_connect.csv,450,4,WOA,0.4514648540350198,0.9888888888888889,445,0.6715646187137903,0.03777777777777778,0.6298045999719761
259_UAV_3D_450_users_connect.csv,450,4,H-PSO-GA,0.44651436327021576,0.9844444444444445,443,0.682983739204477,0.03777777777777778,0.6853277999907732
259_UAV_3D_450_users_connect.csv,450,4,H-WOA-PSO,0.45184027252553705,0.9911111111111112,446,0.6807986373723148,0.03333333333333333,0.6740339000243694
259_UAV_3D_450_users_connect.csv,450,4,I-WOA,0.4489641971480637,0.9977777777777778,449,0.6974012364819037,0.051111111111111114,3.5828712999937125
256_UAV_3D_300_users_connect.csv,300,4,GA,0.4030775027396347,0.9966666666666667,299,0.7112791529684931,0.2633333333333333,0.6922636000090279
256_UAV_3D_300_users_connect.csv,300,4,PSO,0.4284753057091048,0.9966666666666667,299,0.6742901381211425,0.17333333333333334,0.7164377000299282
256_UAV_3D_300_users_connect.csv,300,4,WOA,0.4538648750409812,0.9933333333333333,298,0.6740089581284268,0.03666666666666667,0.65465540002333
256_UAV_3D_300_users_connect.csv,300,4,H-PSO-GA,0.4237743179377768,0.9933333333333333,298,0.6811284103111158,0.18,0.6506465999991633
256_UAV_3D_300_users_connect.csv,300,4,H-WOA-PSO,0.4204384807463366,1.0,300,0.7078075962683165,0.19,0.6359540999983437
256_UAV_3D_300_users_connect.csv,300,4,I-WOA,0.4132630566763548,0.9966666666666667,299,0.7003513832848924,0.22333333333333333,4.752835199993569
257_UAV_3D_350_users_connect.csv,350,4,GA,0.4193258410336445,1.0,350,0.709085080546063,0.19428571428571428,0.8017339000361972
257_UAV_3D_350_users_connect.csv,350,4,PSO,0.4571585012797859,0.9942857142857143,348,0.677064636458213,0.02,0.7874914000276476
257_UAV_3D_350_users_connect.csv,350,4,WOA,0.4230466930576345,1.0,350,0.7047665347118276,0.18,0.6298757000477053
257_UAV_3D_350_users_connect.csv,350,4,H-PSO-GA,0.46240868223793297,1.0,350,0.6708137316674779,0.017142857142857144,0.7683162000030279
257_UAV_3D_350_users_connect.csv,350,4,H-WOA-PSO,0.4600311102740658,1.0,350,0.6712730200582421,0.02857142857142857,0.6458689999999478
257_UAV_3D_350_users_connect.csv,350,4,I-WOA,0.4592886954748907,1.0,350,0.6778422369112608,0.025714285714285714,4.167315800033975
258_UAV_3D_400_users_connect.csv,400,4,GA,0.4259523468409477,0.9975,399,0.6877382657952618,0.175,0.8841829000157304
258_UAV_3D_400_users_connect.csv,400,4,PSO,0.43183820986582544,1.0,400,0.6758089506708724,0.165,0.6850638000178151
258_UAV_3D_400_users_connect.csv,400,4,WOA,0.4255196983517561,0.9925,397,0.6749015082412196,0.175,0.8501529999775812
258_UAV_3D_400_users_connect.csv,400,4,H-PSO-GA,0.4277422269855433,0.9975,399,0.6862888650722834,0.1675,0.6610162999713793
258_UAV_3D_400_users_connect.csv,400,4,H-WOA-PSO,0.4281164210270867,0.9925,397,0.6694178948645668,0.1675,0.6561977000092156
258_UAV_3D_400_users_connect.csv,400,4,I-WOA,0.42871712906898674,1.0,400,0.686414354655066,0.17,3.6691399999544956
260_UAV_3D_500_users_connect.csv,500,4,GA,0.4384021705577584,0.988,494,0.6979891472112082,0.074,0.9109640999813564
260_UAV_3D_500_users_connect.csv,500,4,PSO,0.4424311907027461,1.0,500,0.715844046486269,0.072,0.602322299964726
260_UAV_3D_500_users_connect.csv,500,4,WOA,0.4508164313864961,0.998,499,0.6839178430675198,0.056,0.754865700029768
260_UAV_3D_500_users_connect.csv,500,4,H-PSO-GA,0.4522487166839811,1.0,500,0.6847564165800946,0.054,0.7000692000146955
260_UAV_3D_500_users_connect.csv,500,4,H-WOA-PSO,0.4449678151105831,0.992,496,0.669160924447084,0.082,0.7570354000199586
260_UAV_3D_500_users_connect.csv,500,4,I-WOA,0.4433454013311109,0.996,498,0.7172729933444457,0.054,3.2351498000207357
263_UAV_3D_150_users_connect.csv,150,4,GA,0.427556986872012,1.0,150,0.6822150656399402,0.18,0.5702827000059187
263_UAV_3D_150_users_connect.csv,150,4,PSO,0.436445133539572,1.0,150,0.6844409989688065,0.13333333333333333,0.6717750999960117
263_UAV_3D_150_users_connect.csv,150,4,WOA,0.42698276986785094,0.9933333333333333,149,0.6917528173274116,0.15333333333333332,1.2641853000386618
263_UAV_3D_150_users_connect.csv,150,4,H-PSO-GA,0.43325525258961817,1.0,150,0.6937237370519089,0.14,0.6173570000100881
263_UAV_3D_150_users_connect.csv,150,4,H-WOA-PSO,0.4315584988962472,0.9866666666666667,148,0.6688741721854304,0.13333333333333333,0.6728772000060417
263_UAV_3D_150_users_connect.csv,150,4,I-WOA,0.43430857900243336,1.0,150,0.6884571049878331,0.14,1.53848329995526
271_UAV_3D_50_users_connect.csv,50,4,GA,0.40687093617094966,1.0,50,0.7256453191452517,0.24,0.636496499995701
271_UAV_3D_50_users_connect.csv,50,4,PSO,0.44622516556291386,1.0,50,0.6688741721854304,0.1,0.5575022999546491
271_UAV_3D_50_users_connect.csv,50,4,WOA,0.4208792217783378,1.0,50,0.6956038911083108,0.2,0.5696087999967858
271_UAV_3D_50_users_connect.csv,50,4,H-PSO-GA,0.42451541171317086,1.0,50,0.7374229414341454,0.14,0.8522399000357836
271_UAV_3D_50_users_connect.csv,50,4,H-WOA-PSO,0.4022251655629139,1.0,50,0.6688741721854304,0.32,0.6608639000332914
271_UAV_3D_50_users_connect.csv,50,4,I-WOA,0.44222516556291386,1.0,50,0.6688741721854304,0.12,1.3097578000160865
272_UAV_3D_100_users_connect.csv,100,4,GA,0.43684762557430307,0.99,99,0.6757618721284844,0.11,0.6483184999669902
272_UAV_3D_100_users_connect.csv,100,4,PSO,0.44586023907931005,1.0,100,0.6706988046034493,0.1,0.6119825000059791
272_UAV_3D_100_users_connect.csv,100,4,WOA,0.4412315616219572,1.0,100,0.6738421918902135,0.12,0.5838499999954365
272_UAV_3D_100_users_connect.csv,100,4,H-PSO-GA,0.4371775238384961,1.0,100,0.6741123808075191,0.14,0.870112499978859
272_UAV_3D_100_users_connect.csv,100,4,H-WOA-PSO,0.43622516556291385,0.99,99,0.6688741721854304,0.12,0.644187800004147
272_UAV_3D_100_users_connect.csv,100,4,I-WOA,0.44222516556291386,0.99,99,0.6688741721854304,0.09,1.1655997000052594
264_UAV_3D_200_users_connect.csv,200,4,GA,0.4557277721791715,1.0,200,0.6763611391041424,0.045,0.9129520999849774
264_UAV_3D_200_users_connect.csv,200,4,PSO,0.45819792555287064,1.0,200,0.6690103722356466,0.04,0.6455486000049859
264_UAV_3D_200_users_connect.csv,200,4,WOA,0.4549473293432915,1.0,200,0.680263353283542,0.045,0.6387491000350565
264_UAV_3D_200_users_connect.csv,200,4,H-PSO-GA,0.45795496176335726,1.0,200,0.6702251911832137,0.04,0.7500871000229381
264_UAV_3D_200_users_connect.csv,200,4,H-WOA-PSO,0.45722516556291387,1.0,200,0.6688741721854304,0.045,0.796825000026729
264_UAV_3D_200_users_connect.csv,200,4,I-WOA,0.45166126212417446,1.0,200,0.6816936893791273,0.06,3.434146800020244
266_UAV_3D_300_users_connect.csv,300,4,GA,0.44321475148014766,1.0,300,0.7039262425992615,0.08,0.6927183999796398
266_UAV_3D_300_users_connect.csv,300,4,PSO,0.4554682709321068,0.9966666666666667,299,0.6693253120061327,0.043333333333333335,0.6343255999963731
266_UAV_3D_300_users_connect.csv,300,4,WOA,0.4548918322295805,0.9966666666666667,299,0.6688741721854304,0.04666666666666667,0.5842635000008158
266_UAV_3D_300_users_connect.csv,300,4,H-PSO-GA,0.4457510131850922,0.9966666666666667,299,0.6779116007412054,0.08333333333333333,0.7308104999829084
266_UAV_3D_300_users_connect.csv,300,4,H-WOA-PSO,0.4490651115023647,0.9866666666666667,296,0.6746744424881762,0.04,0.841707099985797
266_UAV_3D_300_users_connect.csv,300,4,I-WOA,0.4502745887153532,1.0,300,0.7052937230899006,0.043333333333333335,3.3679789999732748
273_UAV_3D_150_users_connect.csv,150,4,GA,0.4442854212312529,1.0,150,0.6985728938437353,0.08,0.6101257000118494
273_UAV_3D_150_users_connect.csv,150,4,PSO,0.4568918322295805,1.0,150,0.6688741721854304,0.04666666666666667,0.549921199970413
273_UAV_3D_150_users_connect.csv,150,4,WOA,0.44699350864766924,1.0,150,0.7116991234283203,0.05333333333333334,0.5451353000244126
273_UAV_3D_150_users_connect.csv,150,4,H-PSO-GA,0.4560447947625987,1.0,150,0.6731093595203395,0.04666666666666667,0.7608017000020482
273_UAV_3D_150_users_connect.csv,150,4,H-WOA-PSO,0.4568918322295805,1.0,150,0.6688741721854304,0.04666666666666667,0.5990112000145018
273_UAV_3D_150_users_connect.csv,150,4,I-WOA,0.44081942871939983,0.9933333333333333,149,0.7159028564030007,0.06,2.960312699957285
265_UAV_3D_250_users_connect.csv,250,4,GA,0.4247156528407992,1.0,250,0.7084217357960039,0.168,0.7424238999956287
265_UAV_3D_250_users_connect.csv,250,4,PSO,0.45236758124279036,1.0,250,0.6941620937860483,0.044,0.6746171999839135
265_UAV_3D_250_users_connect.csv,250,4,WOA,0.44874228980040026,0.992,248,0.6842885509979986,0.048,0.6844502000021748
265_UAV_3D_250_users_connect.csv,250,4,H-PSO-GA,0.45072800736865415,1.0,250,0.6983599631567291,0.048,0.7655515999649651
265_UAV_3D_250_users_connect.csv,250,4,H-WOA-PSO,0.44672027774394507,0.996,249,0.6943986112802746,0.06,0.9560644999728538
265_UAV_3D_250_users_connect.csv,250,4,I-WOA,0.44694486493600444,0.996,249,0.6852756753199778,0.068,3.3568190000369214
274_UAV_3D_200_users_connect.csv,200,4,GA,0.44761029262741137,1.0,200,0.686948536862943,0.075,0.6670182999805547
274_UAV_3D_200_users_connect.csv,200,4,PSO,0.45222516556291387,1.0,200,0.6688741721854304,0.07,0.6313828999991529
274_UAV_3D_200_users_connect.csv,200,4,WOA,0.4375137550094518,0.995,199,0.6974312249527408,0.1,0.6109998999745585
274_UAV_3D_200_users_connect.csv,200,4,H-PSO-GA,0.44927651722889195,1.0,200,0.6836174138555401,0.07,0.8652241999516264
274_UAV_3D_200_users_connect.csv,200,4,H-WOA-PSO,0.45216969312524835,1.0,200,0.6691515343737579,0.07,0.676826200040523
274_UAV_3D_200_users_connect.csv,200,4,I-WOA,0.45222516556291387,1.0,200,0.6688741721854304,0.07,4.2973902999656275
267_UAV_3D_350_users_connect.csv,350,4,GA,0.4309870847466306,1.0,350,0.6822074334097037,0.16285714285714287,0.7917042999761179
267_UAV_3D_350_users_connect.csv,350,4,PSO,0.425378909700811,1.0,350,0.6845340229245164,0.18857142857142858,0.6663015999947675
267_UAV_3D_350_users_connect.csv,350,4,WOA,0.4553567394835498,1.0,350,0.6689305882965365,0.054285714285714284,0.711543100012932
267_UAV_3D_350_users_connect.csv,350,4,H-PSO-GA,0.425168154885154,1.0,350,0.685587797002801,0.18857142857142858,0.805696600000374
267_UAV_3D_350_users_connect.csv,350,4,H-WOA-PSO,0.42579186234307287,0.9971428571428571,349,0.6796121168560635,0.18285714285714286,0.8084251000545919
267_UAV_3D_350_users_connect.csv,350,4,I-WOA,0.4239394512771996,0.9914285714285714,347,0.6688741721854304,0.18571428571428572,7.0718363000196405
268_UAV_3D_400_users_connect.csv,400,4,GA,0.4427060265035581,1.0,400,0.6964698674822092,0.09,0.7818077999982052
268_UAV_3D_400_users_connect.csv,400,4,PSO,0.44478551424421076,0.9975,399,0.6835724287789462,0.085,0.6601513000205159
268_UAV_3D_400_users_connect.csv,400,4,WOA,0.4343716621814699,0.995,398,0.6756416890926501,0.1375,0.7311808000085875
268_UAV_3D_400_users_connect.csv,400,4,H-PSO-GA,0.4387980400870081,0.9925,397,0.6835097995649594,0.1,0.9168151000048965
268_UAV_3D_400_users_connect.csv,400,4,H-WOA-PSO,0.44465486524653786,0.9975,399,0.6842256737673108,0.085,0.6894603000255302
268_UAV_3D_400_users_connect.csv,400,4,I-WOA,0.44347617870136946,0.9975,399,0.6851191064931528,0.09,6.881901699991431
269_UAV_3D_450_users_connect.csv,450,4,GA,0.41735539654920645,1.0,450,0.6932230172539678,0.22,0.8182646000059322
269_UAV_3D_450_users_connect.csv,450,4,PSO,0.44118415868351035,0.9822222222222222,442,0.6718569843602255,0.06888888888888889,0.7424877000157721
269_UAV_3D_450_users_connect.csv,450,4,WOA,0.43496325210144265,0.9844444444444445,443,0.6962948506038981,0.08222222222222222,0.7430231000180356
269_UAV_3D_450_users_connect.csv,450,4,H-PSO-GA,0.4403287353069634,0.9911111111111112,446,0.6783563234651829,0.09333333333333334,0.967352400009986
269_UAV_3D_450_users_connect.csv,450,4,H-WOA-PSO,0.447653676522054,0.9866666666666667,444,0.6706205062786187,0.051111111111111114,0.7694159999955446
269_UAV_3D_450_users_connect.csv,450,4,I-WOA,0.4271474883993647,0.9888888888888889,445,0.7464847802253988,0.08444444444444445,6.461722799984273
275_UAV_3D_250_users_connect.csv,250,4,GA,0.4366466781834158,1.0,250,0.6727666090829209,0.144,0.816614999959711
275_UAV_3D_250_users_connect.csv,250,4,PSO,0.4358251655629139,0.996,249,0.6688741721854304,0.14,0.5760458000004292
275_UAV_3D_250_users_connect.csv,250,4,WOA,0.43736254107903516,1.0,250,0.6731872946048241,0.14,0.6356044999556616
275_UAV_3D_250_users_connect.csv,250,4,H-PSO-GA,0.43653431910865187,1.0,250,0.6773284044567404,0.14,0.7111560000339523
275_UAV_3D_250_users_connect.csv,250,4,H-WOA-PSO,0.4349878254715903,1.0,250,0.6730608726420484,0.152,0.9180538000073284
275_UAV_3D_250_users_connect.csv,250,4,I-WOA,0.44949406927083035,0.996,249,0.6965296536458484,0.044,4.883865500043612
277_UAV_3D_350_users_connect.csv,350,4,GA,0.44781394417236764,1.0,350,0.7066445648524474,0.054285714285714284,0.9681166000082158
277_UAV_3D_350_users_connect.csv,350,4,PSO,0.44960543303323053,1.0,350,0.71482997769099,0.037142857142857144,0.5672448000404984
277_UAV_3D_350_users_connect.csv,350,4,WOA,0.4486784491099881,0.9971428571428571,349,0.7108934687357733,0.037142857142857144,0.6125263000139967
277_UAV_3D_350_users_connect.csv,350,4,H-PSO-GA,0.4486334039780637,0.9942857142857143,348,0.6939758372525383,0.045714285714285714,0.7559108000132255
277_UAV_3D_350_users_connect.csv,350,4,H-WOA-PSO,0.4278636057330264,0.9971428571428571,349,0.6892533999062962,0.16285714285714287,0.5922903000027873
277_UAV_3D_350_users_connect.csv,350,4,I-WOA,0.4046444724601345,0.9828571428571429,344,0.7510633519850417,0.1742857142857143,2.7672273000353016
270_UAV_3D_500_users_connect.csv,500,4,GA,0.42540309310383506,0.998,499,0.7609845344808248,0.106,0.7866454999893904
270_UAV_3D_500_users_connect.csv,500,4,PSO,0.4496604913251034,0.998,499,0.6976975433744829,0.048,0.6935156999970786
270_UAV_3D_500_users_connect.csv,500,4,WOA,0.45357699170453053,0.994,497,0.6761150414773471,0.038,0.7765873000025749
270_UAV_3D_500_users_connect.csv,500,4,H-PSO-GA,0.4515753289188756,0.998,499,0.686123355405622,0.05,0.8721871000016108
270_UAV_3D_500_users_connect.csv,500,4,H-WOA-PSO,0.4385583936169818,1.0,500,0.7412080319150911,0.066,0.7142833999823779
270_UAV_3D_500_users_connect.csv,500,4,I-WOA,0.4526584854624432,0.994,497,0.6787075726877836,0.04,7.249709700001404
276_UAV_3D_300_users_connect.csv,300,4,GA,0.42510864738637427,1.0,300,0.7077900964014618,0.16666666666666666,0.973911400011275
276_UAV_3D_300_users_connect.csv,300,4,PSO,0.43244388050437693,0.9833333333333333,295,0.677780597478115,0.11,0.60055229999125
276_UAV_3D_300_users_connect.csv,300,4,WOA,0.4548784670624183,0.9966666666666667,299,0.6789409980212415,0.03666666666666667,0.9307881000568159
276_UAV_3D_300_users_connect.csv,300,4,H-PSO-GA,0.4491102543551092,1.0,300,0.6977820615577874,0.056666666666666664,0.8211931999539956
276_UAV_3D_300_users_connect.csv,300,4,H-WOA-PSO,0.44433386395573343,0.9933333333333333,298,0.6749973468879993,0.08333333333333333,0.9461390000069514
276_UAV_3D_300_users_connect.csv,300,4,I-WOA,0.433268247233194,0.9833333333333333,295,0.6836587638340298,0.1,2.7383382000261918
281_UAV_3D_50_users_connect.csv,50,4,GA,0.457226977718374,1.0,50,0.6738651114081298,0.04,0.7647695000050589
281_UAV_3D_50_users_connect.csv,50,4,PSO,0.4622251655629139,1.0,50,0.6688741721854304,0.02,0.7726797999930568
281_UAV_3D_50_users_connect.csv,50,4,WOA,0.4622251655629139,1.0,50,0.6688741721854304,0.02,0.5999398000421934
281_UAV_3D_50_users_connect.csv,50,4,H-PSO-GA,0.45546751050192513,1.0,50,0.6826624474903741,0.04,1.415824900032021
281_UAV_3D_50_users_connect.csv,50,4,H-WOA-PSO,0.45951287894218384,1.0,50,0.6824356052890805,0.02,1.0137552000232972
281_UAV_3D_50_users_connect.csv,50,4,I-WOA,0.45822260673241566,1.0,50,0.6688869663379217,0.04,1.5887497999938205
280_UAV_3D_500_users_connect.csv,500,4,GA,0.412494041236103,0.996,498,0.7035297938194852,0.222,1.139569199993275
280_UAV_3D_500_users_connect.csv,500,4,PSO,0.45619275375722934,1.0,500,0.6690362312138532,0.05,0.639180900005158
280_UAV_3D_500_users_connect.csv,500,4,WOA,0.4573218251457608,1.0,500,0.6893908742711956,0.024,0.6378443000139669
280_UAV_3D_500_users_connect.csv,500,4,H-PSO-GA,0.4575479124096641,1.0,500,0.6722604379516794,0.04,0.7463219999917783
280_UAV_3D_500_users_connect.csv,500,4,H-WOA-PSO,0.46019876087633,0.996,498,0.67300619561835,0.014,0.7749087999691255
280_UAV_3D_500_users_connect.csv,500,4,I-WOA,0.4455055533871137,0.998,499,0.7344722330644315,0.032,2.4684802000410855
282_UAV_3D_100_users_connect.csv,100,4,GA,0.4567540921380928,1.0,100,0.6862295393095356,0.03,1.0808859000098892
282_UAV_3D_100_users_connect.csv,100,4,PSO,0.4602251655629139,1.0,100,0.6688741721854304,0.03,1.1408841999946162
282_UAV_3D_100_users_connect.csv,100,4,WOA,0.45987929590650545,1.0,100,0.6706035204674727,0.03,0.5468020000262186
282_UAV_3D_100_users_connect.csv,100,4,H-PSO-GA,0.45941965414627045,1.0,100,0.6729017292686476,0.03,0.6008233000175096
282_UAV_3D_100_users_connect.csv,100,4,H-WOA-PSO,0.4602251655629139,1.0,100,0.6688741721854304,0.03,1.4325009000021964
282_UAV_3D_100_users_connect.csv,100,4,I-WOA,0.45941766141177265,1.0,100,0.6729116929411364,0.03,1.6082148000132293
278_UAV_3D_400_users_connect.csv,400,4,GA,0.42251399881657964,0.9675,387,0.6874300059171016,0.1025,0.6660086000338197
278_UAV_3D_400_users_connect.csv,400,4,PSO,0.43371579919210335,0.9975,399,0.6739210040394834,0.15,0.7412601999822073
278_UAV_3D_400_users_connect.csv,400,4,WOA,0.4333810578108309,1.0,400,0.6705947109458456,0.1625,0.7492694999673404
278_UAV_3D_400_users_connect.csv,400,4,H-PSO-GA,0.4340953352435255,1.0,400,0.6770233237823724,0.1525,1.8460976999485865
278_UAV_3D_400_users_connect.csv,400,4,H-WOA-PSO,0.43572516556291385,1.0,400,0.6688741721854304,0.1525,0.9781587999896146
278_UAV_3D_400_users_connect.csv,400,4,I-WOA,0.4158047090071243,0.9925,397,0.7459764549643788,0.1525,4.120698300015647
279_UAV_3D_450_users_connect.csv,450,4,GA,0.43788672395040323,0.9955555555555555,448,0.7261219358035389,0.07111111111111111,1.0776174000347964
279_UAV_3D_450_users_connect.csv,450,4,PSO,0.4381413414014446,0.9955555555555555,448,0.673737737437221,0.12222222222222222,0.8349350999924354
279_UAV_3D_450_users_connect.csv,450,4,WOA,0.4195767877643918,0.9911111111111112,446,0.6776716167335964,0.19777777777777777,1.4890988999977708
279_UAV_3D_450_users_connect.csv,450,4,H-PSO-GA,0.4147679317937449,0.9866666666666667,444,0.6839381188090532,0.20222222222222222,1.5212365000043064
279_UAV_3D_450_users_connect.csv,450,4,H-WOA-PSO,0.4426177183347623,0.9933333333333333,447,0.6713558527706325,0.09555555555555556,0.7439130999846384
279_UAV_3D_450_users_connect.csv,450,4,I-WOA,0.43422785674647674,0.9911111111111112,446,0.7066384940453938,0.09555555555555556,3.9562717999797314
285_UAV_3D_250_users_connect.csv,250,4,GA,0.4498044799406953,0.996,249,0.6829776002965238,0.056,1.438136000011582
285_UAV_3D_250_users_connect.csv,250,4,PSO,0.4543450800511817,1.0,250,0.6882745997440913,0.04,0.6346211000345647
285_UAV_3D_250_users_connect.csv,250,4,WOA,0.4484817264145987,0.984,246,0.6695913679270059,0.04,0.5614853999577463
285_UAV_3D_250_users_connect.csv,250,4,H-PSO-GA,0.44768465234914306,0.992,248,0.6895767382542846,0.048,1.21651539998129
285_UAV_3D_250_users_connect.csv,250,4,H-WOA-PSO,0.4494251655629139,0.988,247,0.6688741721854304,0.048,1.2041138000204228
285_UAV_3D_250_users_connect.csv,250,4,I-WOA,0.4499515467994578,0.992,248,0.6702422660027105,0.056,2.541249699948821
283_UAV_3D_150_users_connect.csv,150,4,GA,0.4377197116602077,0.9866666666666667,148,0.6914014416989613,0.08,1.314672000007704
283_UAV_3D_150_users_connect.csv,150,4,PSO,0.4568918322295805,0.9933333333333333,149,0.6688741721854304,0.02666666666666667,1.5504998000105843
283_UAV_3D_150_users_connect.csv,150,4,WOA,0.44729777691563954,0.9933333333333333,149,0.7035111154218021,0.04,0.5896185000310652
283_UAV_3D_150_users_connect.csv,150,4,H-PSO-GA,0.4561943887218393,0.9933333333333333,149,0.6723613897241364,0.02666666666666667,1.441128899983596
283_UAV_3D_150_users_connect.csv,150,4,H-WOA-PSO,0.45770980385880355,1.0,150,0.6781176473726488,0.03333333333333333,0.7514480999670923
283_UAV_3D_150_users_connect.csv,150,4,I-WOA,0.4454618607444854,1.0,150,0.7193573629442396,0.05333333333333334,2.117108799982816
284_UAV_3D_200_users_connect.csv,200,4,GA,0.44249579847044473,1.0,200,0.6975210076477762,0.09,0.699280800006818
284_UAV_3D_200_users_connect.csv,200,4,PSO,0.434356679571285,0.995,199,0.6982166021435748,0.115,0.8837223000009544
284_UAV_3D_200_users_connect.csv,200,4,WOA,0.449209890219993,1.0,200,0.6689505489000347,0.085,1.4056058999849483
284_UAV_3D_200_users_connect.csv,200,4,H-PSO-GA,0.4511569507319222,1.0,200,0.6742152463403887,0.07,1.1315765000181273
284_UAV_3D_200_users_connect.csv,200,4,H-WOA-PSO,0.4424043638747848,1.0,200,0.7179781806260757,0.07,1.16585299995495
284_UAV_3D_200_users_connect.csv,200,4,I-WOA,0.44209095876644755,1.0,200,0.7195452061677619,0.07,4.345456000010017
287_UAV_3D_350_users_connect.csv,350,4,GA,0.41220638044210134,1.0,350,0.6932538120752072,0.24571428571428572,1.8447319000260904
287_UAV_3D_350_users_connect.csv,350,4,PSO,0.45641402190034275,0.9971428571428571,349,0.6693584619268571,0.04,1.58561309997458
287_UAV_3D_350_users_connect.csv,350,4,WOA,0.4485108798486282,0.9857142857142858,345,0.6688741721854304,0.045714285714285714,0.8113426999771036
287_UAV_3D_350_users_connect.csv,350,4,H-PSO-GA,0.45613203692563137,1.0,350,0.6707683868004143,0.04857142857142857,0.8259460999979638
287_UAV_3D_350_users_connect.csv,350,4,H-WOA-PSO,0.44180770328427815,0.9914285714285714,347,0.7109614835786092,0.054285714285714284,0.7082328000105917
287_UAV_3D_350_users_connect.csv,350,4,I-WOA,0.45260372636109913,1.0,350,0.6912670824802187,0.045714285714285714,3.294200500007719
291_UAV_3D_50_users_connect.csv,50,4,GA,0.46204051040010774,1.0,50,0.689797447999461,0.0,1.4132366999983788
291_UAV_3D_50_users_connect.csv,50,4,PSO,0.45822516556291387,1.0,50,0.6688741721854304,0.04,0.7900789999985136
291_UAV_3D_50_users_connect.csv,50,4,WOA,0.4662251655629139,1.0,50,0.6688741721854304,0.0,0.6473252999712713
291_UAV_3D_50_users_connect.csv,50,4,H-PSO-GA,0.4662239608644848,1.0,50,0.668880195677576,0.0,0.8705221000127494
291_UAV_3D_50_users_connect.csv,50,4,H-WOA-PSO,0.4662251655629139,1.0,50,0.6688741721854304,0.0,1.3130463999696076
291_UAV_3D_50_users_connect.csv,50,4,I-WOA,0.4662251655629139,1.0,50,0.6688741721854304,0.0,2.5342849000007845
286_UAV_3D_300_users_connect.csv,300,4,GA,0.4510212357462908,1.0,300,0.7082271546018789,0.03666666666666667,1.252627299982123
286_UAV_3D_300_users_connect.csv,300,4,PSO,0.447585582325615,0.99,297,0.6787387550385913,0.05333333333333334,0.5945170000195503
286_UAV_3D_300_users_connect.csv,300,4,WOA,0.4412892115416524,0.98,294,0.6735539422917377,0.06,0.588404799986165
286_UAV_3D_300_users_connect.csv,300,4,H-PSO-GA,0.44278474299884724,0.9966666666666667,299,0.6727429516724301,0.10333333333333333,1.275689899979625
286_UAV_3D_300_users_connect.csv,300,4,H-WOA-PSO,0.4486147972283712,0.9833333333333333,295,0.6702593471914767,0.03666666666666667,1.2570860999985598
286_UAV_3D_300_users_connect.csv,300,4,I-WOA,0.4317531346532215,0.97,291,0.6845676600672258,0.06666666666666667,4.5998239000327885
292_UAV_3D_100_users_connect.csv,100,4,GA,0.44643032678511996,1.0,100,0.6978483660743999,0.07,1.0823618000140414
292_UAV_3D_100_users_connect.csv,100,4,PSO,0.44622516556291386,0.99,99,0.6688741721854304,0.07,0.7311632999917492
292_UAV_3D_100_users_connect.csv,100,4,WOA,0.45525876067278115,1.0,100,0.6737061966360941,0.05,1.1318906000233255
292_UAV_3D_100_users_connect.csv,100,4,H-PSO-GA,0.4521695183113102,1.0,100,0.6891524084434488,0.05,2.2507565999985673
292_UAV_3D_100_users_connect.csv,100,4,H-WOA-PSO,0.4539569508361795,1.0,100,0.6902152458191025,0.04,0.3341219999711029
292_UAV_3D_100_users_connect.csv,100,4,I-WOA,0.4547269899340299,1.0,100,0.6763650503298504,0.05,0.6394980999757536
288_UAV_3D_400_users_connect.csv,400,4,GA,0.45161136020781434,1.0,400,0.706943198960928,0.035,2.000749900005758
288_UAV_3D_400_users_connect.csv,400,4,PSO,0.45522516556291387,0.995,398,0.6688741721854304,0.04,0.793592800037004
288_UAV_3D_400_users_connect.csv,400,4,WOA,0.4493623733225389,0.99,396,0.673188133387305,0.05,0.9515060000121593
288_UAV_3D_400_users_connect.csv,400,4,H-PSO-GA,0.45243986712270007,0.99,396,0.6703006643864995,0.0375,0.9095357999904081
288_UAV_3D_400_users_connect.csv,400,4,H-WOA-PSO,0.4542251655629139,0.9925,397,0.6688741721854304,0.0375,0.8084921999834478
288_UAV_3D_400_users_connect.csv,400,4,I-WOA,0.4510862777844574,0.9975,399,0.6920686110777129,0.045,3.9820011999690905
290_UAV_3D_500_users_connect.csv,500,4,GA,0.45513991082926625,1.0,500,0.6823004458536683,0.042,1.5404080000007525
290_UAV_3D_500_users_connect.csv,500,4,PSO,0.45302206214887875,0.992,496,0.6688896892556059,0.042,1.004849800025113
290_UAV_3D_500_users_connect.csv,500,4,WOA,0.4523679507291787,0.996,498,0.6861602463541068,0.04,0.890958399977535
290_UAV_3D_500_users_connect.csv,500,4,H-PSO-GA,0.45660301905022094,1.0,500,0.670984904748895,0.046,0.7476655000355095
290_UAV_3D_500_users_connect.csv,500,4,H-WOA-PSO,0.4570251655629139,0.998,499,0.6688741721854304,0.04,2.142961599980481
290_UAV_3D_500_users_connect.csv,500,4,I-WOA,0.45243071353539716,0.992,496,0.6718464323230139,0.042,2.523866400006227
289_UAV_3D_450_users_connect.csv,450,4,GA,0.44434071710906936,0.9977777777777778,449,0.7160741922324309,0.05555555555555555,2.135181099991314
289_UAV_3D_450_users_connect.csv,450,4,PSO,0.4489672306349878,1.0,450,0.7040527357139499,0.051111111111111114,1.5935911000124179
289_UAV_3D_450_users_connect.csv,450,4,WOA,0.443973034464004,0.9911111111111112,446,0.6979126054577576,0.05555555555555555,0.6826912999968044
289_UAV_3D_450_users_connect.csv,450,4,H-PSO-GA,0.4502058248069027,1.0,450,0.7045264315210421,0.044444444444444446,0.7151816000114195
289_UAV_3D_450_users_connect.csv,450,4,H-WOA-PSO,0.44887147601181665,1.0,450,0.7045315088298053,0.051111111111111114,2.313436599972192
289_UAV_3D_450_users_connect.csv,450,4,I-WOA,0.45515112828352033,0.9955555555555555,448,0.6797999141379533,0.03111111111111111,2.842622999974992
294_UAV_3D_200_users_connect.csv,200,4,GA,0.4400585056504581,0.99,198,0.7097074717477091,0.06,1.0602677999995649
294_UAV_3D_200_users_connect.csv,200,4,PSO,0.4077411104730466,1.0,200,0.6762944476347668,0.285,2.273714800016023
294_UAV_3D_200_users_connect.csv,200,4,WOA,0.43752080298372176,0.99,198,0.7223959850813909,0.06,0.6165030999691226
294_UAV_3D_200_users_connect.csv,200,4,H-PSO-GA,0.40545528903728495,1.0,200,0.6727235548135752,0.3,0.36733839998487383
294_UAV_3D_200_users_connect.csv,200,4,H-WOA-PSO,0.4480700919290631,1.0,200,0.7246495403546842,0.035,0.3459677000064403
294_UAV_3D_200_users_connect.csv,200,4,I-WOA,0.45223255566412834,1.0,200,0.6738372216793582,0.065,2.3304469999857247
293_UAV_3D_150_users_connect.csv,150,4,GA,0.4447845164102949,1.0,150,0.7294107512818586,0.04666666666666667,0.9490118999965489
293_UAV_3D_150_users_connect.csv,150,4,PSO,0.4595584988962472,1.0,150,0.6688741721854304,0.03333333333333333,1.2015034999931231
293_UAV_3D_150_users_connect.csv,150,4,WOA,0.44572087151098877,1.0,150,0.724728975778389,0.04666666666666667,2.237281500012614
293_UAV_3D_150_users_connect.csv,150,4,H-PSO-GA,0.4593404279946995,1.0,150,0.669964526693169,0.03333333333333333,0.8634886000072584
293_UAV_3D_150_users_connect.csv,150,4,H-WOA-PSO,0.43974962534608514,1.0,150,0.7279185399362407,0.07333333333333333,0.5443908000015654
293_UAV_3D_150_users_connect.csv,150,4,I-WOA,0.46070841953016933,1.0,150,0.6697912356824863,0.02666666666666667,2.023699300014414
296_UAV_3D_300_users_connect.csv,300,4,GA,0.4371932146345937,1.0,300,0.6940339268270312,0.12,1.4898669000249356
296_UAV_3D_300_users_connect.csv,300,4,PSO,0.43888964982574336,1.0,300,0.6922184175379499,0.11333333333333333,0.3408558000228368
296_UAV_3D_300_users_connect.csv,300,4,WOA,0.4310898411895997,0.99,297,0.6745507940520012,0.14,0.3425083000329323
296_UAV_3D_300_users_connect.csv,300,4,H-PSO-GA,0.4391011526310059,1.0,300,0.6944942368449704,0.11,0.3678564000292681
296_UAV_3D_300_users_connect.csv,300,4,H-WOA-PSO,0.4374095287260555,0.9933333333333333,298,0.6696190230363889,0.12333333333333334,0.3683087000390515
296_UAV_3D_300_users_connect.csv,300,4,I-WOA,0.4382317498030625,1.0,300,0.6988412509846872,0.11,2.9755560999619775
295_UAV_3D_250_users_connect.csv,250,4,GA,0.4163552461620911,0.996,249,0.6902237691895445,0.216,1.3083627999876626
295_UAV_3D_250_users_connect.csv,250,4,PSO,0.4440588582799182,0.992,248,0.6757057086004085,0.08,0.9625394000322558
295_UAV_3D_250_users_connect.csv,250,4,WOA,0.43901603347233537,0.98,245,0.668919832638323,0.076,0.8313867999822833
295_UAV_3D_250_users_connect.csv,250,4,H-PSO-GA,0.4408434300628868,0.996,249,0.6957828496855659,0.088,1.1732871999847703
295_UAV_3D_250_users_connect.csv,250,4,H-WOA-PSO,0.44425843345823607,0.992,248,0.6867078327088195,0.068,0.9026586999534629
295_UAV_3D_250_users_connect.csv,250,4,I-WOA,0.4435037927527345,1.0,250,0.7144810362363275,0.068,1.3731614000280388
301_UAV_3D_50_users_connect.csv,50,4,GA,0.43111741350447164,1.0,50,0.7044129324776415,0.14,0.8475404999917373
301_UAV_3D_50_users_connect.csv,50,4,PSO,0.45822516556291387,1.0,50,0.6688741721854304,0.04,0.7088892000028864
301_UAV_3D_50_users_connect.csv,50,4,WOA,0.4302251655629139,1.0,50,0.6688741721854304,0.18,0.4638410999905318
301_UAV_3D_50_users_connect.csv,50,4,H-PSO-GA,0.4466526660068138,1.0,50,0.6867366699659307,0.08,0.6586976999533363
301_UAV_3D_50_users_connect.csv,50,4,H-WOA-PSO,0.4302251655629139,1.0,50,0.6688741721854304,0.18,0.6306446999660693
301_UAV_3D_50_users_connect.csv,50,4,I-WOA,0.443254515065302,1.0,50,0.7037274246734897,0.08,0.9181856000213884
302_UAV_3D_100_users_connect.csv,100,4,GA,0.42780597245591,1.0,100,0.6909701377204496,0.17,0.9408424000139348
302_UAV_3D_100_users_connect.csv,100,4,PSO,0.4535638823653376,1.0,100,0.6821805881733115,0.05,0.9291090000187978
302_UAV_3D_100_users_connect.csv,100,4,WOA,0.42427534789000865,1.0,100,0.7786232605499567,0.1,0.7740846000378951
302_UAV_3D_100_users_connect.csv,100,4,H-PSO-GA,0.4450863716916762,1.0,100,0.7145681415416189,0.06,0.6697299999650568
302_UAV_3D_100_users_connect.csv,100,4,H-WOA-PSO,0.436028278355613,1.0,100,0.759858608221935,0.06,0.5895649999729358
302_UAV_3D_100_users_connect.csv,100,4,I-WOA,0.4187766912526178,1.0,100,0.7261165437369109,0.18,0.9526760000153445
297_UAV_3D_350_users_connect.csv,350,4,GA,0.4560088883421458,1.0,350,0.6742412725749852,0.045714285714285714,0.8667491999804042
297_UAV_3D_350_users_connect.csv,350,4,PSO,0.44912871345722116,0.9942857142857143,348,0.6886421469996081,0.04857142857142857,0.38682480005081743
297_UAV_3D_350_users_connect.csv,350,4,WOA,0.4587136162762434,1.0,350,0.6692890614759254,0.037142857142857144,0.8324397000251338
297_UAV_3D_350_users_connect.csv,350,4,H-PSO-GA,0.45812826079364627,0.9971428571428571,349,0.672215838888911,0.02857142857142857,0.5686497000278905
297_UAV_3D_350_users_connect.csv,350,4,H-WOA-PSO,0.4639394512771996,1.0,350,0.6688741721854304,0.011428571428571429,0.7180481999530457
297_UAV_3D_350_users_connect.csv,350,4,I-WOA,0.44822508618788487,0.9971428571428571,349,0.701731711917718,0.04857142857142857,2.380551900016144
303_UAV_3D_150_users_connect.csv,150,4,GA,0.4575144692168111,1.0,150,0.6857609872492777,0.02666666666666667,0.888156600005459
303_UAV_3D_150_users_connect.csv,150,4,PSO,0.4622251655629139,1.0,150,0.6688741721854304,0.02,0.4261500999564305
303_UAV_3D_150_users_connect.csv,150,4,WOA,0.4509906066419927,1.0,150,0.7183803001233697,0.02666666666666667,0.5885181000339799
303_UAV_3D_150_users_connect.csv,150,4,H-PSO-GA,0.4606835320255854,1.0,150,0.6699156732054061,0.02666666666666667,0.5735541000030935
303_UAV_3D_150_users_connect.csv,150,4,H-WOA-PSO,0.4462010574629765,1.0,150,0.7089947126851173,0.06,0.5949690999696031
303_UAV_3D_150_users_connect.csv,150,4,I-WOA,0.42889183222958055,0.9733333333333334,146,0.6688741721854304,0.10666666666666667,1.4473984999931417
299_UAV_3D_450_users_connect.csv,450,4,GA,0.45981233083310474,1.0,450,0.6742716791678094,0.02666666666666667,1.0518880999879912
299_UAV_3D_450_users_connect.csv,450,4,PSO,0.4224489979288283,0.9977777777777778,449,0.6766438992447473,0.20444444444444446,0.8690452000009827
299_UAV_3D_450_users_connect.csv,450,4,WOA,0.46000294334069164,1.0,450,0.6688741721854304,0.03111111111111111,0.6726761999889277
299_UAV_3D_450_users_connect.csv,450,4,H-PSO-GA,0.4217478567847368,1.0,450,0.682371827187427,0.2088888888888889,0.737106800021138
299_UAV_3D_450_users_connect.csv,450,4,H-WOA-PSO,0.4603510931205118,1.0,450,0.669355645508552,0.028888888888888888,0.7121444999938831
299_UAV_3D_450_users_connect.csv,450,4,I-WOA,0.42170561811988777,1.0,450,0.682583020511672,0.2088888888888889,1.7198710999800824
298_UAV_3D_400_users_connect.csv,400,4,GA,0.416753532828847,1.0,400,0.6887323358557652,0.2275,0.9475201000459492
298_UAV_3D_400_users_connect.csv,400,4,PSO,0.4145526251041494,0.9875,395,0.6697368744792529,0.22,0.6665684999898076
298_UAV_3D_400_users_connect.csv,400,4,WOA,0.418792137694083,0.995,398,0.671039311529585,0.22,0.4446654000203125
298_UAV_3D_400_users_connect.csv,400,4,H-PSO-GA,0.4157081441348445,0.9925,397,0.6714592793257775,0.2275,0.7470357000129297
298_UAV_3D_400_users_connect.csv,400,4,H-WOA-PSO,0.42103884909728795,1.0,400,0.6848057545135602,0.21,0.831737799977418
298_UAV_3D_400_users_connect.csv,400,4,I-WOA,0.42210405385068306,0.995,398,0.6719797307465845,0.2025,2.7821953000384383
300_UAV_3D_500_users_connect.csv,500,4,GA,0.4232955790960704,0.976,488,0.6895221045196482,0.122,1.0850091999745928
300_UAV_3D_500_users_connect.csv,500,4,PSO,0.43731223779210704,0.99,495,0.7034388110394646,0.08,1.3927330000442453
300_UAV_3D_500_users_connect.csv,500,4,WOA,0.4461114090473404,1.0,500,0.6754429547632979,0.094,0.8750375999952666
300_UAV_3D_500_users_connect.csv,500,4,H-PSO-GA,0.4448406973290998,0.996,498,0.671796513354501,0.092,0.7855437000398524
300_UAV_3D_500_users_connect.csv,500,4,H-WOA-PSO,0.44879910882949936,1.0,500,0.6720044558525031,0.084,0.9219408999779262
300_UAV_3D_500_users_connect.csv,500,4,I-WOA,0.43358872430610984,0.988,494,0.6860563784694508,0.11,2.1028512000339106
305_UAV_3D_250_users_connect.csv,250,4,GA,0.44836797603603856,1.0,250,0.7021601198198071,0.056,0.902642700006254
305_UAV_3D_250_users_connect.csv,250,4,PSO,0.45822516556291387,1.0,250,0.6688741721854304,0.04,1.0685635000118054
305_UAV_3D_250_users_connect.csv,250,4,WOA,0.4630251655629139,1.0,250,0.6688741721854304,0.016,0.9832549000275321
305_UAV_3D_250_users_connect.csv,250,4,H-PSO-GA,0.4577092595277679,1.0,250,0.6714537023611602,0.04,0.3639846000005491
305_UAV_3D_250_users_connect.csv,250,4,H-WOA-PSO,0.4630251655629139,1.0,250,0.6688741721854304,0.016,0.5285085000214167
305_UAV_3D_250_users_connect.csv,250,4,I-WOA,0.450761765910808,1.0,250,0.6821911704459599,0.064,1.0193757999804802
306_UAV_3D_300_users_connect.csv,300,4,GA,0.43392884644019936,1.0,300,0.6936891011323364,0.13666666666666666,0.9267821999965236
306_UAV_3D_300_users_connect.csv,300,4,PSO,0.4470573016907894,1.0,300,0.6880468248793862,0.07666666666666666,1.3692158000194468
306_UAV_3D_300_users_connect.csv,300,4,WOA,0.4312012144755417,0.9866666666666667,296,0.6873272609556245,0.11666666666666667,0.46042579994536936
306_UAV_3D_300_users_connect.csv,300,4,H-PSO-GA,0.45282327918486603,1.0,300,0.6725502707423364,0.06333333333333334,0.3879466999787837
306_UAV_3D_300_users_connect.csv,300,4,H-WOA-PSO,0.44695043322071853,0.9933333333333333,298,0.6752478338964071,0.07,0.4632090000086464
306_UAV_3D_300_users_connect.csv,300,4,I-WOA,0.44635159046530304,0.9966666666666667,299,0.6882420476734845,0.07,1.9260815000161529
304_UAV_3D_200_users_connect.csv,200,4,GA,0.4325501782607054,1.0,200,0.7072491086964728,0.13,1.1883265000069514
304_UAV_3D_200_users_connect.csv,200,4,PSO,0.4563741185782282,1.0,200,0.6781294071088587,0.04,0.7186024999828078
304_UAV_3D_200_users_connect.csv,200,4,WOA,0.4473098140771816,0.99,198,0.6834509296140917,0.05,1.2531013999832794
304_UAV_3D_200_users_connect.csv,200,4,H-PSO-GA,0.45220201140135957,1.0,200,0.6939899429932019,0.045,1.1445141999865882
304_UAV_3D_200_users_connect.csv,200,4,H-WOA-PSO,0.4530290621585237,0.995,199,0.6798546892073815,0.04,0.8332862000097521
304_UAV_3D_200_users_connect.csv,200,4,I-WOA,0.44718147453153745,0.995,199,0.7040926273423127,0.045,1.621407900005579
311_UAV_3D_50_users_connect.csv,50,4,GA,0.4481221677914834,1.0,50,0.6993891610425826,0.06,0.6442831000313163
311_UAV_3D_50_users_connect.csv,50,4,PSO,0.45022516556291386,1.0,50,0.6688741721854304,0.08,0.37692809995496646
311_UAV_3D_50_users_connect.csv,50,4,WOA,0.4233308597830703,1.0,50,0.6833457010846483,0.2,0.3083216999657452
311_UAV_3D_50_users_connect.csv,50,4,H-PSO-GA,0.4575954775866482,1.0,50,0.6720226120667586,0.04,0.3280566000030376
311_UAV_3D_50_users_connect.csv,50,4,H-WOA-PSO,0.46110252537061003,1.0,50,0.6744873731469495,0.02,0.3315256000496447
311_UAV_3D_50_users_connect.csv,50,4,I-WOA,0.45022516556291386,0.98,49,0.6688741721854304,0.02,1.1648870999924839
312_UAV_3D_100_users_connect.csv,100,4,GA,0.462773478938698,1.0,100,0.6861326053065097,0.0,0.6589501000125892
312_UAV_3D_100_users_connect.csv,100,4,PSO,0.4543463973378853,1.0,100,0.6982680133105733,0.03,0.3644308000220917
312_UAV_3D_100_users_connect.csv,100,4,WOA,0.4622817371706449,1.0,100,0.6885913141467751,0.0,0.3261525999987498
312_UAV_3D_100_users_connect.csv,100,4,H-PSO-GA,0.46159907762930663,1.0,100,0.6920046118534668,0.0,0.3568921000114642
312_UAV_3D_100_users_connect.csv,100,4,H-WOA-PSO,0.4662251655629139,1.0,100,0.6688741721854304,0.0,0.3282410000101663
312_UAV_3D_100_users_connect.csv,100,4,I-WOA,0.44336641317635916,1.0,100,0.7231679341182038,0.06,1.3352103999932297
308_UAV_3D_400_users_connect.csv,400,4,GA,0.44622825562029966,1.0,400,0.7088587218985014,0.06,1.5558158999774605
308_UAV_3D_400_users_connect.csv,400,4,PSO,0.4368411686408897,0.995,398,0.6807941567955513,0.12,0.48501230002148077
308_UAV_3D_400_users_connect.csv,400,4,WOA,0.4476717585063855,1.0,400,0.7016412074680721,0.06,0.4111038999981247
308_UAV_3D_400_users_connect.csv,400,4,H-PSO-GA,0.43513958943670333,0.9925,397,0.6793020528164833,0.1225,0.43538769998122007
308_UAV_3D_400_users_connect.csv,400,4,H-WOA-PSO,0.4367038648964231,0.995,398,0.6814806755178842,0.12,0.41558279999298975
308_UAV_3D_400_users_connect.csv,400,4,I-WOA,0.44452206361965546,0.995,398,0.6973896819017225,0.065,2.032094699970912
309_UAV_3D_450_users_connect.csv,450,4,GA,0.4491777692129947,0.9977777777777778,449,0.6785555983794709,0.06888888888888889,1.130602799996268
309_UAV_3D_450_users_connect.csv,450,4,PSO,0.4243144862632681,1.0,450,0.6850942353503258,0.19333333333333333,0.42222329997457564
309_UAV_3D_450_users_connect.csv,450,4,WOA,0.4176503366391874,0.9888888888888889,445,0.6739705390262856,0.20444444444444446,0.44064079999225214
309_UAV_3D_450_users_connect.csv,450,4,H-PSO-GA,0.4204778578480517,1.0,450,0.6931662663152968,0.20444444444444446,0.46191880002152175
309_UAV_3D_450_users_connect.csv,450,4,H-WOA-PSO,0.42331126862527235,1.0,450,0.6856658790958603,0.19777777777777777,0.4419532000320032
309_UAV_3D_450_users_connect.csv,450,4,I-WOA,0.4229557126130857,1.0,450,0.6918881036012379,0.19333333333333333,2.5869392000022344
314_UAV_3D_200_users_connect.csv,200,4,GA,0.4533195120510276,1.0,200,0.6834024397448616,0.05,0.810352599946782
314_UAV_3D_200_users_connect.csv,200,4,PSO,0.45700694434997247,1.0,200,0.6799652782501373,0.035,0.5245250000152737
314_UAV_3D_200_users_connect.csv,200,4,WOA,0.4534818547044164,1.0,200,0.6825907264779177,0.05,0.3424957999959588
314_UAV_3D_200_users_connect.csv,200,4,H-PSO-GA,0.45365807401662916,1.0,200,0.6817096299168538,0.05,0.3680463000200689
314_UAV_3D_200_users_connect.csv,200,4,H-WOA-PSO,0.4524522817155602,0.995,199,0.6727385914221989,0.05,0.3579467000090517
314_UAV_3D_200_users_connect.csv,200,4,I-WOA,0.4471014144333423,0.995,199,0.6994929278332885,0.05,1.7714740000083111
310_UAV_3D_500_users_connect.csv,500,4,GA,0.4439654977239974,1.0,500,0.7041725113800127,0.076,0.9586568999802694
310_UAV_3D_500_users_connect.csv,500,4,PSO,0.46190543222609703,1.0,500,0.6704728388695146,0.02,0.44222090003313497
310_UAV_3D_500_users_connect.csv,500,4,WOA,0.4589832818193239,0.998,499,0.6730835909033807,0.026,0.42521910002687946
310_UAV_3D_500_users_connect.csv,500,4,H-PSO-GA,0.45282203746408745,1.0,500,0.6878898126795626,0.048,0.45318070001667365
310_UAV_3D_500_users_connect.csv,500,4,H-WOA-PSO,0.4474828578423958,0.998,499,0.7045857107880211,0.052,0.4384608999826014
310_UAV_3D_500_users_connect.csv,500,4,I-WOA,0.44185893904622453,1.0,500,0.7327053047688772,0.058,3.0894138000439852
313_UAV_3D_150_users_connect.csv,150,4,GA,0.4528972647288025,1.0,150,0.6821803430226542,0.05333333333333334,0.7929754999931902
313_UAV_3D_150_users_connect.csv,150,4,PSO,0.44460260998165413,1.0,150,0.6703202834250626,0.10666666666666667,0.6316536000231281
313_UAV_3D_150_users_connect.csv,150,4,WOA,0.4568918322295805,0.9933333333333333,149,0.6688741721854304,0.02666666666666667,0.602926200022921
313_UAV_3D_150_users_connect.csv,150,4,H-PSO-GA,0.43618743727048337,1.0,150,0.6990628136475829,0.12,0.936023100046441
313_UAV_3D_150_users_connect.csv,150,4,H-WOA-PSO,0.45822516556291387,0.9933333333333333,149,0.6688741721854304,0.02,1.2960568999988027
313_UAV_3D_150_users_connect.csv,150,4,I-WOA,0.45275061948640655,0.9933333333333333,149,0.6695802359013003,0.04666666666666667,1.5286516000051051
316_UAV_3D_300_users_connect.csv,300,4,GA,0.43080511491932527,1.0,300,0.7526410920700402,0.09333333333333334,0.3943083999911323
316_UAV_3D_300_users_connect.csv,300,4,PSO,0.45468606922277427,1.0,300,0.683236320552795,0.043333333333333335,0.33995900000445545
316_UAV_3D_300_users_connect.csv,300,4,WOA,0.4466878102716274,0.99,297,0.6698942819751962,0.06666666666666667,0.34537299996009097
316_UAV_3D_300_users_connect.csv,300,4,H-PSO-GA,0.4405932845884575,1.0,300,0.700366910391046,0.09666666666666666,0.37663379998411983
316_UAV_3D_300_users_connect.csv,300,4,H-WOA-PSO,0.4297757876108629,1.0,300,0.7511210619456852,0.1,0.4654699000529945
316_UAV_3D_300_users_connect.csv,300,4,I-WOA,0.44219784108096105,1.0,300,0.7123441279285281,0.07666666666666666,2.58450440003071
307_UAV_3D_350_users_connect.csv,350,4,GA,0.41849400427994227,1.0,350,0.6875299786002884,0.22,1.5853413000004366
307_UAV_3D_350_users_connect.csv,350,4,PSO,0.4203520833043929,1.0,350,0.686811012049464,0.21142857142857144,0.9054245000006631
307_UAV_3D_350_users_connect.csv,350,4,WOA,0.4417711889743394,1.0,350,0.7425726265568741,0.04857142857142857,0.820362499973271
307_UAV_3D_350_users_connect.csv,350,4,H-PSO-GA,0.4182733263840446,1.0,350,0.6914905109369198,0.21714285714285714,0.7012466000160202
307_UAV_3D_350_users_connect.csv,350,4,H-WOA-PSO,0.4207289094893599,0.9971428571428571,349,0.6763554525531997,0.21142857142857144,0.9966215000022203
307_UAV_3D_350_users_connect.csv,350,4,I-WOA,0.448416220530594,1.0,350,0.6836331830613156,0.07428571428571429,3.2559608000447042
317_UAV_3D_350_users_connect.csv,350,4,GA,0.447735219968288,0.9971428571428571,349,0.6727524715871306,0.08,1.1041439999826252
317_UAV_3D_350_users_connect.csv,350,4,PSO,0.4412749371672484,0.9971428571428571,349,0.7050538855923288,0.08,0.5820386999985203
317_UAV_3D_350_users_connect.csv,350,4,WOA,0.42500036178796635,0.9942857142857143,348,0.6892839053458824,0.16857142857142857,0.6024631999898702
317_UAV_3D_350_users_connect.csv,350,4,H-PSO-GA,0.439657101137726,0.9971428571428571,349,0.7017144943113696,0.09142857142857143,0.8331413999549113
317_UAV_3D_350_users_connect.csv,350,4,H-WOA-PSO,0.421972673763367,0.9914285714285714,347,0.6987080597545935,0.1657142857142857,0.8739118000376038
317_UAV_3D_350_users_connect.csv,350,4,I-WOA,0.44913335479777294,0.9971428571428571,349,0.671476083153992,0.07428571428571429,2.053034300042782
318_UAV_3D_400_users_connect.csv,400,4,GA,0.44232313684377544,0.9925,397,0.7008843157811226,0.065,1.0365032000117935
318_UAV_3D_400_users_connect.csv,400,4,PSO,0.4382979835329942,0.995,398,0.6785100823350286,0.115,0.5972503999946639
318_UAV_3D_400_users_connect.csv,400,4,WOA,0.43462561998690047,1.0,400,0.7093719000654976,0.1175,0.609094700019341
318_UAV_3D_400_users_connect.csv,400,4,H-PSO-GA,0.4256092377792464,1.0,400,0.6994538111037679,0.1725,1.0089534999569878
318_UAV_3D_400_users_connect.csv,400,4,H-WOA-PSO,0.4387126708922947,0.995,398,0.6814366455385263,0.11,0.7957751000067219
318_UAV_3D_400_users_connect.csv,400,4,I-WOA,0.43738878870614567,0.9925,397,0.6780560564692717,0.1125,1.8937015000265092
315_UAV_3D_250_users_connect.csv,250,4,GA,0.4326508187451893,1.0,250,0.6767459062740532,0.16,0.7654751999652945
315_UAV_3D_250_users_connect.csv,250,4,PSO,0.44862470090529816,0.992,248,0.668876495473509,0.064,0.8827061000047252
315_UAV_3D_250_users_connect.csv,250,4,WOA,0.42824281556757365,1.0,250,0.7387859221621315,0.12,1.500184900010936
315_UAV_3D_250_users_connect.csv,250,4,H-PSO-GA,0.4419254984698362,1.0,250,0.6903725076508189,0.1,1.1649671999621205
315_UAV_3D_250_users_connect.csv,250,4,H-WOA-PSO,0.4459536324116572,0.996,249,0.702231837941714,0.056,0.7966230000020005
315_UAV_3D_250_users_connect.csv,250,4,I-WOA,0.44188162954553234,0.996,249,0.6785918522723383,0.1,2.408847099984996
323_UAV_3D_150_users_connect.csv,150,4,GA,0.440027313571962,0.9933333333333333,149,0.6798634321401896,0.1,1.0800748000037856
323_UAV_3D_150_users_connect.csv,150,4,PSO,0.42068707165162234,0.9933333333333333,149,0.6698979750752214,0.20666666666666667,0.6524302000179887
323_UAV_3D_150_users_connect.csv,150,4,WOA,0.4223786545081643,0.9933333333333333,149,0.6814400607925116,0.18666666666666668,0.5310472999699414
323_UAV_3D_150_users_connect.csv,150,4,H-PSO-GA,0.422882063349591,1.0,150,0.6855896832520446,0.2,0.5900977000128478
323_UAV_3D_150_users_connect.csv,150,4,H-WOA-PSO,0.4285458785008463,1.0,150,0.6772706074957683,0.18,0.6596628000261262
323_UAV_3D_150_users_connect.csv,150,4,I-WOA,0.42024770653630644,1.0,150,0.712094800651801,0.18666666666666668,1.00198120001005
321_UAV_3D_50_users_connect.csv,50,4,GA,0.44173796912609364,1.0,50,0.6913101543695316,0.1,1.5008587000193074
321_UAV_3D_50_users_connect.csv,50,4,PSO,0.42777268271759256,1.0,50,0.6811365864120373,0.18,0.536917999968864
321_UAV_3D_50_users_connect.csv,50,4,WOA,0.4609499095717603,1.0,50,0.6752504521411984,0.02,0.6409681000513956
321_UAV_3D_50_users_connect.csv,50,4,H-PSO-GA,0.43177706148444084,1.0,50,0.6811146925777958,0.16,0.6131047999951988
321_UAV_3D_50_users_connect.csv,50,4,H-WOA-PSO,0.45022516556291386,1.0,50,0.6688741721854304,0.08,0.7558640000061132
321_UAV_3D_50_users_connect.csv,50,4,I-WOA,0.4586801090892768,1.0,50,0.6865994545536156,0.02,1.487092700030189
322_UAV_3D_100_users_connect.csv,100,4,GA,0.45099236749913285,1.0,100,0.6750381625043357,0.07,1.383351699972991
322_UAV_3D_100_users_connect.csv,100,4,PSO,0.45222516556291387,1.0,100,0.6688741721854304,0.07,0.7492708000354469
322_UAV_3D_100_users_connect.csv,100,4,WOA,0.45222516556291387,1.0,100,0.6688741721854304,0.07,0.6502528000273742
322_UAV_3D_100_users_connect.csv,100,4,H-PSO-GA,0.45222516556291387,1.0,100,0.6688741721854304,0.07,0.8596009999746457
322_UAV_3D_100_users_connect.csv,100,4,H-WOA-PSO,0.45222516556291387,1.0,100,0.6688741721854304,0.07,0.5806173000019044
322_UAV_3D_100_users_connect.csv,100,4,I-WOA,0.45222516556291387,1.0,100,0.6688741721854304,0.07,1.5343922000029124
324_UAV_3D_200_users_connect.csv,200,4,GA,0.41160434399825485,1.0,200,0.7119782800087257,0.23,0.8168433000100777
324_UAV_3D_200_users_connect.csv,200,4,PSO,0.43568180198940876,1.0,200,0.701590990052956,0.12,0.6776092000072822
324_UAV_3D_200_users_connect.csv,200,4,WOA,0.4612916939237656,1.0,200,0.6785415303811717,0.015,0.6848533000447787
324_UAV_3D_200_users_connect.csv,200,4,H-PSO-GA,0.4477761477164704,0.995,199,0.6761192614176478,0.07,0.7809078999562189
324_UAV_3D_200_users_connect.csv,200,4,H-WOA-PSO,0.4576363694874108,1.0,200,0.6718181525629456,0.04,0.5105194000061601
324_UAV_3D_200_users_connect.csv,200,4,I-WOA,0.46199604998451516,1.0,200,0.6700197500774239,0.02,1.7402662999811582
319_UAV_3D_450_users_connect.csv,450,4,GA,0.43028781406181155,0.9977777777777778,449,0.6796720408020533,0.1622222222222222,1.7142021000036038
319_UAV_3D_450_users_connect.csv,450,4,PSO,0.4126277664806435,1.0,450,0.7190833898190044,0.21777777777777776,1.0376435000216588
319_UAV_3D_450_users_connect.csv,450,4,WOA,0.44666437332552295,0.9933333333333333,447,0.6844559111501629,0.06222222222222222,0.7978713999618776
319_UAV_3D_450_users_connect.csv,450,4,H-PSO-GA,0.4085397971810851,0.9911111111111112,446,0.6839676807612413,0.24666666666666667,0.8611527000321075
319_UAV_3D_450_users_connect.csv,450,4,H-WOA-PSO,0.41497138797559957,0.9888888888888889,445,0.6695875045664469,0.2222222222222222,1.1860212999745272
319_UAV_3D_450_users_connect.csv,450,4,I-WOA,0.4226128123326103,1.0,450,0.7180470494480595,0.1688888888888889,2.783616999979131
320_UAV_3D_500_users_connect.csv,500,4,GA,0.44533567567729326,0.992,496,0.6833216216135333,0.066,1.8436720999889076
320_UAV_3D_500_users_connect.csv,500,4,PSO,0.4553638097901668,0.998,499,0.6711809510491663,0.046,0.7029858999885619
320_UAV_3D_500_users_connect.csv,500,4,WOA,0.4361695994715726,0.99,495,0.6751520026421368,0.114,0.8688645999645814
320_UAV_3D_500_users_connect.csv,500,4,H-PSO-GA,0.453958789121185,0.992,496,0.6782060543940748,0.028,0.866549699974712
320_UAV_3D_500_users_connect.csv,500,4,H-WOA-PSO,0.4457946265990062,1.0,500,0.7330268670049689,0.038,1.3752831000019796
320_UAV_3D_500_users_connect.csv,500,4,I-WOA,0.3893328593726003,0.98,490,0.7513357031369984,0.242,2.484376699954737
325_UAV_3D_250_users_connect.csv,250,4,GA,0.42726157806992787,1.0,250,0.7156921096503606,0.148,0.9082982999971136
325_UAV_3D_250_users_connect.csv,250,4,PSO,0.43773670269572806,1.0,250,0.6713164865213593,0.14,0.9209327000426129
325_UAV_3D_250_users_connect.csv,250,4,WOA,0.4268840761677249,0.996,249,0.6855796191613754,0.168,0.9026739000109956
325_UAV_3D_250_users_connect.csv,250,4,H-PSO-GA,0.4252537048799773,1.0,250,0.6897314756001132,0.184,0.4287782000028528
325_UAV_3D_250_users_connect.csv,250,4,H-WOA-PSO,0.4262251655629139,0.988,247,0.6688741721854304,0.164,0.472060700005386
325_UAV_3D_250_users_connect.csv,250,4,I-WOA,0.4144837396962245,0.992,248,0.7355813015188771,0.168,2.1238632000167854
326_UAV_3D_300_users_connect.csv,300,4,GA,0.4485581004407877,1.0,300,0.6972094977960613,0.06,0.8234950000187382
326_UAV_3D_300_users_connect.csv,300,4,PSO,0.4571115759231465,1.0,300,0.6777754537176007,0.03666666666666667,1.0727549000293948
326_UAV_3D_300_users_connect.csv,300,4,WOA,0.45660667335173566,0.9933333333333333,298,0.6702999665746547,0.02666666666666667,1.0758250000071712
326_UAV_3D_300_users_connect.csv,300,4,H-PSO-GA,0.4391817082975309,0.99,297,0.6774247918456788,0.09666666666666666,1.2492269999929704
326_UAV_3D_300_users_connect.csv,300,4,H-WOA-PSO,0.44903337128998294,0.9966666666666667,299,0.711499810216752,0.03333333333333333,1.0273813999956474
326_UAV_3D_300_users_connect.csv,300,4,I-WOA,0.44119167189357794,0.9866666666666667,296,0.680708307198777,0.07333333333333333,3.3144990000291727
327_UAV_3D_350_users_connect.csv,350,4,GA,0.44298790672768623,0.9971428571428571,349,0.6850604663615683,0.09142857142857143,0.8807169999927282
327_UAV_3D_350_users_connect.csv,350,4,PSO,0.4430965184972683,0.9914285714285714,347,0.6788031217993727,0.08,1.2542049000039697
327_UAV_3D_350_users_connect.csv,350,4,WOA,0.4188479098652047,0.9971428571428571,349,0.7057604506739761,0.19142857142857142,0.9962018000078388
327_UAV_3D_350_users_connect.csv,350,4,H-PSO-GA,0.43923151250516684,0.9942857142857143,348,0.6752710089027371,0.11142857142857143,0.9087156999739818
327_UAV_3D_350_users_connect.csv,350,4,H-WOA-PSO,0.43386356037729695,1.0,350,0.6963964838278006,0.13428571428571429,0.44551879999926314
327_UAV_3D_350_users_connect.csv,350,4,I-WOA,0.4195838023443565,0.9942857142857143,348,0.7563667025639317,0.12857142857142856,4.69924499996705
331_UAV_3D_50_users_connect.csv,50,4,GA,0.4405126101131712,1.0,50,0.6974369494341437,0.1,1.0392196000320837
331_UAV_3D_50_users_connect.csv,50,4,PSO,0.4207909292738248,1.0,50,0.6960453536308756,0.2,0.8965797999990173
331_UAV_3D_50_users_connect.csv,50,4,WOA,0.4662251655629139,1.0,50,0.6688741721854304,0.0,0.6895668000215665
331_UAV_3D_50_users_connect.csv,50,4,H-PSO-GA,0.4662251655629139,1.0,50,0.6688741721854304,0.0,1.3510765999672003
331_UAV_3D_50_users_connect.csv,50,4,H-WOA-PSO,0.42964019044513885,1.0,50,0.6717990477743058,0.18,1.2796472000190988
331_UAV_3D_50_users_connect.csv,50,4,I-WOA,0.445601604300624,1.0,50,0.6919919784968795,0.08,1.6130062000011094
328_UAV_3D_400_users_connect.csv,400,4,GA,0.44546921305328446,0.995,398,0.6776539347335773,0.08,1.2793680000468157
328_UAV_3D_400_users_connect.csv,400,4,PSO,0.44459436657441337,1.0,400,0.6945281671279327,0.0825,1.2100853999727406
328_UAV_3D_400_users_connect.csv,400,4,WOA,0.4304437987798007,0.9725,389,0.6727810061009964,0.0925,0.5481476999702863
328_UAV_3D_400_users_connect.csv,400,4,H-PSO-GA,0.4419847589061478,1.0,400,0.7075762054692608,0.0825,0.6471227000001818
328_UAV_3D_400_users_connect.csv,400,4,H-WOA-PSO,0.4413362349297782,0.9925,397,0.6833188253511089,0.0875,0.6917451999615878
328_UAV_3D_400_users_connect.csv,400,4,I-WOA,0.43325363491020963,0.97,388,0.6737318254489514,0.07,3.146903899963945
332_UAV_3D_100_users_connect.csv,100,4,GA,0.44169968346967714,1.0,100,0.6915015826516139,0.1,1.112362599989865
332_UAV_3D_100_users_connect.csv,100,4,PSO,0.44422516556291386,0.98,98,0.6688741721854304,0.05,0.662664900009986
332_UAV_3D_100_users_connect.csv,100,4,WOA,0.43174024720664816,1.0,100,0.7512987639667591,0.09,0.739567700016778
332_UAV_3D_100_users_connect.csv,100,4,H-PSO-GA,0.45606978661906006,1.0,100,0.6796510669046996,0.04,1.4034466000157408
332_UAV_3D_100_users_connect.csv,100,4,H-WOA-PSO,0.45146754120070776,1.0,100,0.6726622939964609,0.07,1.5759889000328258
332_UAV_3D_100_users_connect.csv,100,4,I-WOA,0.4298182306474946,0.98,98,0.730908846762527,0.06,1.8380407000076957
330_UAV_3D_500_users_connect.csv,500,4,GA,0.45290863644689033,0.998,499,0.6774568177655481,0.052,1.3602553000091575
330_UAV_3D_500_users_connect.csv,500,4,PSO,0.4533162767778788,0.998,499,0.6754186161106059,0.052,0.9660541999619454
330_UAV_3D_500_users_connect.csv,500,4,WOA,0.45064604720407725,0.988,494,0.6727697639796135,0.038,0.6153724999749102
330_UAV_3D_500_users_connect.csv,500,4,H-PSO-GA,0.45267015202050764,0.992,496,0.6726492398974615,0.04,0.533882400020957
330_UAV_3D_500_users_connect.csv,500,4,H-WOA-PSO,0.45428602964337644,0.996,498,0.6705698517831179,0.046,0.7862878000014462
330_UAV_3D_500_users_connect.csv,500,4,I-WOA,0.4488645830064157,0.994,497,0.6956770849679211,0.042,4.074182499956805
333_UAV_3D_150_users_connect.csv,150,4,GA,0.45176183855898894,1.0,150,0.7078574738717219,0.03333333333333333,0.9674068000167608
333_UAV_3D_150_users_connect.csv,150,4,PSO,0.46222505208960657,1.0,150,0.668874739551967,0.02,0.6073248999891803
333_UAV_3D_150_users_connect.csv,150,4,WOA,0.45726522813975456,1.0,150,0.6870071926345602,0.02666666666666667,1.4354179999791086
333_UAV_3D_150_users_connect.csv,150,4,H-PSO-GA,0.461563150876133,1.0,150,0.6721842456193348,0.02,1.5996672000037506
333_UAV_3D_150_users_connect.csv,150,4,H-WOA-PSO,0.45379511773189657,1.0,150,0.711024411340517,0.02,1.0989063999732025
333_UAV_3D_150_users_connect.csv,150,4,I-WOA,0.4551357560693346,1.0,150,0.69765455298666,0.02666666666666667,2.0530990000115708
329_UAV_3D_450_users_connect.csv,450,4,GA,0.4371514336735466,0.9911111111111112,446,0.7186872760767113,0.06888888888888889,1.3311694000149146
329_UAV_3D_450_users_connect.csv,450,4,PSO,0.4490865301151416,1.0,450,0.6990117938687364,0.05555555555555555,1.161489200021606
329_UAV_3D_450_users_connect.csv,450,4,WOA,0.44782316623666507,0.9888888888888889,445,0.6697730577055637,0.057777777777777775,1.1136044000159018
329_UAV_3D_450_users_connect.csv,450,4,H-PSO-GA,0.44643895012064877,1.0,450,0.7122496938412003,0.05555555555555555,2.377757299982477
329_UAV_3D_450_users_connect.csv,450,4,H-WOA-PSO,0.44933627667402504,0.9911111111111112,446,0.6688741721854304,0.057777777777777775,1.064172399987001
329_UAV_3D_450_users_connect.csv,450,4,I-WOA,0.44512599921455787,0.9911111111111112,446,0.6788144483716553,0.06888888888888889,3.658587099984288
335_UAV_3D_250_users_connect.csv,250,4,GA,0.452632487768492,1.0,250,0.6848375611575395,0.052,1.0928228999837302
335_UAV_3D_250_users_connect.csv,250,4,PSO,0.4590251655629139,0.996,249,0.6688741721854304,0.024,1.8870105000096373
335_UAV_3D_250_users_connect.csv,250,4,WOA,0.4582228267135809,1.0,250,0.6768858664320953,0.032,1.3992866999469697
335_UAV_3D_250_users_connect.csv,250,4,H-PSO-GA,0.45881303649727617,1.0,250,0.677934817513619,0.028,0.8367115999571979
335_UAV_3D_250_users_connect.csv,250,4,H-WOA-PSO,0.44290751186031474,0.988,247,0.6694624406984263,0.08,1.1726872000144795
335_UAV_3D_250_users_connect.csv,250,4,I-WOA,0.43342516556291383,0.972,243,0.6688741721854304,0.08,1.7854527999879792
336_UAV_3D_300_users_connect.csv,300,4,GA,0.45328348518919254,1.0,300,0.6802492407207037,0.05333333333333334,0.7412118000211194
336_UAV_3D_300_users_connect.csv,300,4,PSO,0.4292379144772125,0.9966666666666667,299,0.6938104276139371,0.15,1.6707711999770254
336_UAV_3D_300_users_connect.csv,300,4,WOA,0.43972455558051604,1.0,300,0.7513772220974194,0.05,1.3528408000129275
336_UAV_3D_300_users_connect.csv,300,4,H-PSO-GA,0.42269077081522505,0.9933333333333333,298,0.7032128125905412,0.16333333333333333,1.021297900006175
336_UAV_3D_300_users_connect.csv,300,4,H-WOA-PSO,0.45488512677653026,1.0,300,0.668907699450682,0.056666666666666664,1.223004299972672
336_UAV_3D_300_users_connect.csv,300,4,I-WOA,0.431866263831367,0.9966666666666667,299,0.6973353475098314,0.13333333333333333,2.4741670999792404
334_UAV_3D_200_users_connect.csv,200,4,GA,0.4446339840394081,1.0,200,0.7118300798029592,0.065,0.9530165999894962
334_UAV_3D_200_users_connect.csv,200,4,PSO,0.44303871934099753,0.99,198,0.6698064032950121,0.085,1.0756578999571502
334_UAV_3D_200_users_connect.csv,200,4,WOA,0.4548777583609074,1.0,200,0.6806112081954628,0.045,1.817412099975627
334_UAV_3D_200_users_connect.csv,200,4,H-PSO-GA,0.43661976412699666,0.99,198,0.6819011793650163,0.105,1.4770697000203654
334_UAV_3D_200_users_connect.csv,200,4,H-WOA-PSO,0.45522516556291387,0.995,199,0.6688741721854304,0.04,1.3449259000481106
334_UAV_3D_200_users_connect.csv,200,4,I-WOA,0.4489180862622434,1.0,200,0.695409568688783,0.06,2.9843653999851085
341_UAV_3D_50_users_connect.csv,50,4,GA,0.4297909173826621,1.0,50,0.6710454130866892,0.18,1.0340540999895893
341_UAV_3D_50_users_connect.csv,50,4,PSO,0.45822516556291387,1.0,50,0.6688741721854304,0.04,0.5247066000010818
341_UAV_3D_50_users_connect.csv,50,4,WOA,0.4222251655629139,0.98,49,0.6688741721854304,0.16,0.5864095000433736
341_UAV_3D_50_users_connect.csv,50,4,H-PSO-GA,0.4581779457566386,1.0,50,0.6691102712168069,0.04,0.6452987999655306
341_UAV_3D_50_users_connect.csv,50,4,H-WOA-PSO,0.430974189792675,1.0,50,0.6851290510366249,0.16,0.6334390999982134
341_UAV_3D_50_users_connect.csv,50,4,I-WOA,0.4542247019069828,1.0,50,0.6688764904650859,0.06,1.0699268999742344
337_UAV_3D_350_users_connect.csv,350,4,GA,0.44220963636199545,1.0,350,0.6775232467614513,0.11142857142857143,1.6523594000027515
337_UAV_3D_350_users_connect.csv,350,4,PSO,0.45158690145154656,1.0,350,0.6849226355994097,0.05714285714285714,1.9673853000276722
337_UAV_3D_350_users_connect.csv,350,4,WOA,0.4429667188231844,1.0,350,0.7194521201697923,0.06571428571428571,0.9219228999572806
337_UAV_3D_350_users_connect.csv,350,4,H-PSO-GA,0.4497230986553093,1.0,350,0.6999559352948818,0.05142857142857143,0.9041968999663368
337_UAV_3D_350_users_connect.csv,350,4,H-WOA-PSO,0.45183240472936387,0.9942857142857143,348,0.6694094049246091,0.054285714285714284,0.7595108999521472
337_UAV_3D_350_users_connect.csv,350,4,I-WOA,0.44930875693437944,0.9971428571428571,349,0.6791705010423883,0.06571428571428571,3.6002787000034004
338_UAV_3D_400_users_connect.csv,400,4,GA,0.4430655513946088,0.9975,399,0.6921722430269561,0.085,0.8339063000166789
338_UAV_3D_400_users_connect.csv,400,4,PSO,0.4397251655629139,0.9975,399,0.6688741721854304,0.125,0.671694899967406
338_UAV_3D_400_users_connect.csv,400,4,WOA,0.4366880793022017,0.99,396,0.6840596034889913,0.1025,0.653184800001327
338_UAV_3D_400_users_connect.csv,400,4,H-PSO-GA,0.44391282373354496,0.9975,399,0.7054358813322752,0.0675,0.7581197000108659
338_UAV_3D_400_users_connect.csv,400,4,H-WOA-PSO,0.4460966321457804,0.9925,397,0.6745168392710982,0.0725,0.8578457999974489
338_UAV_3D_400_users_connect.csv,400,4,I-WOA,0.4435729927410102,0.99,396,0.6696350362949486,0.0825,2.953728599997703
339_UAV_3D_450_users_connect.csv,450,4,GA,0.45255551198072674,0.9977777777777778,449,0.672777995651922,0.057777777777777775,0.9821514000068419
339_UAV_3D_450_users_connect.csv,450,4,PSO,0.44615863949015133,1.0,450,0.686984580327021,0.08222222222222222,0.816198299988173
339_UAV_3D_450_users_connect.csv,450,4,WOA,0.4403259313410558,0.9977777777777778,449,0.6872592321836098,0.10444444444444445,0.7321802999940701
339_UAV_3D_450_users_connect.csv,450,4,H-PSO-GA,0.44560702151569936,1.0,450,0.6897426701992808,0.08222222222222222,0.864512600004673
339_UAV_3D_450_users_connect.csv,450,4,H-WOA-PSO,0.447908187381763,1.0,450,0.6760146186467403,0.08444444444444445,0.8216810000012629
339_UAV_3D_450_users_connect.csv,450,4,I-WOA,0.4433373183224827,1.0,450,0.7144245194986977,0.06888888888888889,3.969940899987705
342_UAV_3D_100_users_connect.csv,100,4,GA,0.44780079856162613,1.0,100,0.7109960071918692,0.05,1.3904562999960035
342_UAV_3D_100_users_connect.csv,100,4,PSO,0.45822516556291387,1.0,100,0.6688741721854304,0.04,1.3335226000053808
342_UAV_3D_100_users_connect.csv,100,4,WOA,0.4262240096762595,1.0,100,0.6688799516187021,0.2,0.9478411999880336
342_UAV_3D_100_users_connect.csv,100,4,H-PSO-GA,0.4458265875147409,1.0,100,0.700867062426295,0.07,1.1719093000283465
342_UAV_3D_100_users_connect.csv,100,4,H-WOA-PSO,0.43642206151782503,1.0,100,0.7278896924108746,0.09,0.9084325000294484
342_UAV_3D_100_users_connect.csv,100,4,I-WOA,0.4428872793510964,1.0,100,0.7055636032445176,0.08,1.1296939000021666
340_UAV_3D_500_users_connect.csv,500,4,GA,0.4398720197770338,1.0,500,0.706639901114831,0.094,1.6760588000179268
340_UAV_3D_500_users_connect.csv,500,4,PSO,0.4419684953033766,0.99,495,0.6761575234831168,0.084,1.2309448000160046
340_UAV_3D_500_users_connect.csv,500,4,WOA,0.45435297409395603,0.998,499,0.6722351295302196,0.05,1.3171281999675557
340_UAV_3D_500_users_connect.csv,500,4,H-PSO-GA,0.4546513598395723,0.998,499,0.6747432008021385,0.046,0.942582499992568
340_UAV_3D_500_users_connect.csv,500,4,H-WOA-PSO,0.44719077011903907,0.998,499,0.6860461494048045,0.072,0.9522518999874592
340_UAV_3D_500_users_connect.csv,500,4,I-WOA,0.4109682804120782,1.0,500,0.7131585979396088,0.232,2.493103799992241
343_UAV_3D_150_users_connect.csv,150,4,GA,0.4427331940478569,1.0,150,0.6996673630940489,0.08666666666666667,1.5278078999835998
343_UAV_3D_150_users_connect.csv,150,4,PSO,0.4608918322295805,1.0,150,0.6688741721854304,0.02666666666666667,0.8031793999834917
343_UAV_3D_150_users_connect.csv,150,4,WOA,0.4549534660841534,1.0,150,0.6785660029125663,0.04666666666666667,0.5770945000112988
343_UAV_3D_150_users_connect.csv,150,4,H-PSO-GA,0.460796918223203,1.0,150,0.669348742217318,0.02666666666666667,1.9313264000229537
343_UAV_3D_150_users_connect.csv,150,4,H-WOA-PSO,0.4338284222339568,1.0,150,0.730857888830216,0.1,1.5966505999676883
343_UAV_3D_150_users_connect.csv,150,4,I-WOA,0.4401163865048188,1.0,150,0.7594180674759057,0.04,2.8095288000185974
351_UAV_3D_50_users_connect.csv,50,4,GA,0.4384162896270163,1.0,50,0.7279185518649183,0.08,0.7612440999946557
351_UAV_3D_50_users_connect.csv,50,4,PSO,0.4582054302287846,1.0,50,0.6689728488560767,0.04,0.7364887000294402
351_UAV_3D_50_users_connect.csv,50,4,WOA,0.46570940798980986,1.0,50,0.6714529600509503,0.0,0.7518921999726444
351_UAV_3D_50_users_connect.csv,50,4,H-PSO-GA,0.4322825773699449,1.0,50,0.6785871131502753,0.16,0.68011590000242
351_UAV_3D_50_users_connect.csv,50,4,H-WOA-PSO,0.44613309945448343,0.98,49,0.6693345027275824,0.04,0.6285155999939889
351_UAV_3D_50_users_connect.csv,50,4,I-WOA,0.4499562668194641,1.0,50,0.7102186659026795,0.04,2.1287889999803156
344_UAV_3D_200_users_connect.csv,200,4,GA,0.4194244850841324,1.0,200,0.687877574579338,0.215,1.6032635999727063
344_UAV_3D_200_users_connect.csv,200,4,PSO,0.4212251655629139,0.99,198,0.6688741721854304,0.195,1.7817075999919325
344_UAV_3D_200_users_connect.csv,200,4,WOA,0.45683601194211765,1.0,200,0.6858199402894116,0.03,1.3510518999537453
344_UAV_3D_200_users_connect.csv,200,4,H-PSO-GA,0.42302769398098655,0.99,198,0.6698615300950672,0.185,1.2581039000069723
344_UAV_3D_200_users_connect.csv,200,4,H-WOA-PSO,0.4592251655629139,0.995,199,0.6688741721854304,0.02,0.9122663000016473
344_UAV_3D_200_users_connect.csv,200,4,I-WOA,0.44992110345874753,0.995,199,0.6703944827062621,0.065,3.1102986999903806
346_UAV_3D_300_users_connect.csv,300,4,GA,0.43798910771973737,1.0,300,0.6967211280679797,0.11333333333333333,1.7681764000444673
346_UAV_3D_300_users_connect.csv,300,4,PSO,0.4427841299807748,1.0,300,0.6827460167627922,0.10333333333333333,0.9594222999876365
346_UAV_3D_300_users_connect.csv,300,4,WOA,0.44231142688166314,1.0,300,0.6917761989250177,0.09666666666666666,0.6761975000263192
346_UAV_3D_300_users_connect.csv,300,4,H-PSO-GA,0.4402423221341228,1.0,300,0.6854550559960527,0.11333333333333333,0.6962805000366643
346_UAV_3D_300_users_connect.csv,300,4,H-WOA-PSO,0.44222516556291386,0.9966666666666667,299,0.6688741721854304,0.11,0.8493882999755442
346_UAV_3D_300_users_connect.csv,300,4,I-WOA,0.44162918268258355,1.0,300,0.7051874199204153,0.08666666666666667,3.9825588999665342
347_UAV_3D_350_users_connect.csv,350,4,GA,0.43619207487373285,1.0,350,0.6990396256313355,0.12,1.9135796999908052
347_UAV_3D_350_users_connect.csv,350,4,PSO,0.44218767244533064,1.0,350,0.6804902092019179,0.10857142857142857,0.7596072000451386
347_UAV_3D_350_users_connect.csv,350,4,WOA,0.4276259428168783,0.9771428571428571,342,0.6875845716298936,0.10571428571428572,0.686274100036826
347_UAV_3D_350_users_connect.csv,350,4,H-PSO-GA,0.4404951971192877,1.0,350,0.6860954429749899,0.11142857142857143,1.043188200041186
347_UAV_3D_350_users_connect.csv,350,4,H-WOA-PSO,0.4409150918897507,1.0,350,0.6811388262655322,0.11428571428571428,0.7941527999937534
347_UAV_3D_350_users_connect.csv,350,4,I-WOA,0.44023339961231556,1.0,350,0.6902615733669935,0.10857142857142857,3.5428938000113703
349_UAV_3D_450_users_connect.csv,450,4,GA,0.43649645326707087,0.9977777777777778,449,0.7130732892202012,0.09777777777777778,1.1552521000267006
349_UAV_3D_450_users_connect.csv,450,4,PSO,0.4511140544518028,0.9911111111111112,446,0.6688741721854304,0.04888888888888889,0.8233689999906346
349_UAV_3D_450_users_connect.csv,450,4,WOA,0.442544297011096,1.0,450,0.7406118482778531,0.04666666666666667,0.7713862000382505
349_UAV_3D_450_users_connect.csv,450,4,H-PSO-GA,0.45147688212512266,0.9933333333333333,447,0.6692822560410533,0.05333333333333334,0.9897607999737374
349_UAV_3D_450_users_connect.csv,450,4,H-WOA-PSO,0.45009455919153385,0.9955555555555555,448,0.6784160929312194,0.057777777777777775,0.8659691999782808
349_UAV_3D_450_users_connect.csv,450,4,I-WOA,0.4354873417617008,1.0,450,0.7514521800803845,0.07111111111111111,3.52275170001667
348_UAV_3D_400_users_connect.csv,400,4,GA,0.429529542087677,1.0,400,0.7023522895616149,0.15,1.5563550000078976
348_UAV_3D_400_users_connect.csv,400,4,PSO,0.44811581458577676,0.985,394,0.6694209270711159,0.045,0.7489931000163779
348_UAV_3D_400_users_connect.csv,400,4,WOA,0.4389449038122448,0.9975,399,0.7077754809387758,0.09,0.6622574999928474
348_UAV_3D_400_users_connect.csv,400,4,H-PSO-GA,0.45096539990894324,1.0,400,0.6751730004552837,0.07,0.9329872999805957
348_UAV_3D_400_users_connect.csv,400,4,H-WOA-PSO,0.4434179232639792,0.9975,399,0.6704103836801041,0.105,1.0553534000064246
348_UAV_3D_400_users_connect.csv,400,4,I-WOA,0.4351644400005748,0.9875,395,0.6991777999971259,0.0875,4.808600099990144
352_UAV_3D_100_users_connect.csv,100,4,GA,0.43006253305386166,1.0,100,0.6896873347306917,0.16,1.0754031999967992
352_UAV_3D_100_users_connect.csv,100,4,PSO,0.444522054707995,1.0,100,0.7073897264600246,0.07,1.032484499970451
352_UAV_3D_100_users_connect.csv,100,4,WOA,0.44487861111824134,1.0,100,0.705606944408793,0.07,1.5675934999599122
352_UAV_3D_100_users_connect.csv,100,4,H-PSO-GA,0.442174579452318,1.0,100,0.69912710273841,0.09,1.1966618000296876
352_UAV_3D_100_users_connect.csv,100,4,H-WOA-PSO,0.4492929947313491,0.99,99,0.6735350263432541,0.05,1.524576399999205
352_UAV_3D_100_users_connect.csv,100,4,I-WOA,0.44535597987672304,1.0,100,0.6832201006163844,0.09,1.865987099998165
345_UAV_3D_250_users_connect.csv,250,4,GA,0.4469676231927056,1.0,250,0.6771618840364716,0.088,1.8757275000098161
345_UAV_3D_250_users_connect.csv,250,4,PSO,0.4483418891335874,1.0,250,0.7022905543320627,0.056,1.7400311999954283
345_UAV_3D_250_users_connect.csv,250,4,WOA,0.4451185568046663,1.0,250,0.6944072159766682,0.08,1.3520323000266217
345_UAV_3D_250_users_connect.csv,250,4,H-PSO-GA,0.44303065773456435,0.988,247,0.6848467113271782,0.064,1.6598933999775909
345_UAV_3D_250_users_connect.csv,250,4,H-WOA-PSO,0.4446743668550713,0.988,247,0.6726281657246435,0.068,2.2806542000034824
345_UAV_3D_250_users_connect.csv,250,4,I-WOA,0.4421956219346599,0.98,245,0.6690218903267003,0.06,3.735259000037331
350_UAV_3D_500_users_connect.csv,500,4,GA,0.4117516652557681,0.982,491,0.7252416737211591,0.162,2.0595749000203796
350_UAV_3D_500_users_connect.csv,500,4,PSO,0.4216764998268708,0.998,499,0.681617500865646,0.204,1.2392198000452481
350_UAV_3D_500_users_connect.csv,500,4,WOA,0.43071191992932184,0.984,492,0.6944404003533904,0.104,0.8210473000071943
350_UAV_3D_500_users_connect.csv,500,4,H-PSO-GA,0.4217529898896051,0.982,491,0.6852350505519745,0.152,2.200653299980331
350_UAV_3D_500_users_connect.csv,500,4,H-WOA-PSO,0.4341368369125904,0.982,491,0.6733158154370479,0.102,1.5602423999807797
350_UAV_3D_500_users_connect.csv,500,4,I-WOA,0.4394670334607571,0.998,499,0.7106648326962145,0.086,3.3298269999795593
354_UAV_3D_200_users_connect.csv,200,4,GA,0.45646120825842407,1.0,200,0.6826939587078795,0.035,1.842572099994868
354_UAV_3D_200_users_connect.csv,200,4,PSO,0.45892829053453754,1.0,200,0.6703585473273123,0.035,1.7908348999917507
354_UAV_3D_200_users_connect.csv,200,4,WOA,0.45652928987781455,1.0,200,0.6873535506109271,0.03,1.2086052999948151
354_UAV_3D_200_users_connect.csv,200,4,H-PSO-GA,0.45978800916618495,1.0,200,0.671059954169075,0.03,0.6908105000038631
354_UAV_3D_200_users_connect.csv,200,4,H-WOA-PSO,0.4602251655629139,1.0,200,0.6688741721854304,0.03,1.1801842999993823
354_UAV_3D_200_users_connect.csv,200,4,I-WOA,0.4602251655629139,1.0,200,0.6688741721854304,0.03,1.9771659999969415
353_UAV_3D_150_users_connect.csv,150,4,GA,0.4340276564433767,1.0,150,0.7031950511164496,0.12666666666666668,1.1631295999977738
353_UAV_3D_150_users_connect.csv,150,4,PSO,0.4468192821622764,1.0,150,0.6725702558552845,0.09333333333333334,1.7757001999998465
353_UAV_3D_150_users_connect.csv,150,4,WOA,0.4357467480126697,1.0,150,0.7012662599366511,0.12,1.7609787000110373
353_UAV_3D_150_users_connect.csv,150,4,H-PSO-GA,0.4460773572494227,1.0,150,0.6829465470862197,0.08666666666666667,1.7079564000014216
353_UAV_3D_150_users_connect.csv,150,4,H-WOA-PSO,0.44889183222958057,1.0,150,0.6688741721854304,0.08666666666666667,1.6190713999676518
353_UAV_3D_150_users_connect.csv,150,4,I-WOA,0.4439863975350513,1.0,150,0.6934013456580769,0.08666666666666667,2.382626299979165
355_UAV_3D_250_users_connect.csv,250,4,GA,0.4231174793286024,1.0,250,0.6804126033569877,0.204,1.6665146000450477
355_UAV_3D_250_users_connect.csv,250,4,PSO,0.45738975201822324,1.0,250,0.6690512399088838,0.044,0.9784365000086837
355_UAV_3D_250_users_connect.csv,250,4,WOA,0.45982516556291386,1.0,250,0.6688741721854304,0.032,1.5176486000418663
355_UAV_3D_250_users_connect.csv,250,4,H-PSO-GA,0.42862336340771434,0.996,249,0.6928831829614286,0.152,0.9601904999581166
355_UAV_3D_250_users_connect.csv,250,4,H-WOA-PSO,0.44603953955156234,0.996,249,0.6778023022421883,0.08,0.8099934000056237
355_UAV_3D_250_users_connect.csv,250,4,I-WOA,0.4563852798011618,1.0,250,0.6740736009941912,0.044,3.022285799961537
357_UAV_3D_350_users_connect.csv,350,4,GA,0.42798813161456806,0.9971428571428571,349,0.7057736276414449,0.1457142857142857,1.2736518000019714
357_UAV_3D_350_users_connect.csv,350,4,PSO,0.4071709941318628,0.9828571428571429,344,0.6727164579121145,0.24,0.6733663000050001
357_UAV_3D_350_users_connect.csv,350,4,WOA,0.4082229239429376,0.9971428571428571,349,0.6874568088567399,0.26285714285714284,0.8552957000210881
357_UAV_3D_350_users_connect.csv,350,4,H-PSO-GA,0.4088433331793797,0.9914285714285714,347,0.681497619817387,0.24857142857142858,1.0333897999953479
357_UAV_3D_350_users_connect.csv,350,4,H-WOA-PSO,0.43803507232026134,0.9942857142857143,348,0.7212532098272643,0.07142857142857142,0.7419785999809392
357_UAV_3D_350_users_connect.csv,350,4,I-WOA,0.40136587873413776,0.9942857142857143,348,0.7245991777578826,0.25142857142857145,3.377410700020846
361_UAV_3D_50_users_connect.csv,50,4,GA,0.4516992786359828,1.0,50,0.6815036068200859,0.06,1.2145181000232697
361_UAV_3D_50_users_connect.csv,50,4,PSO,0.44622516556291386,1.0,50,0.6688741721854304,0.1,0.6766872000298463
361_UAV_3D_50_users_connect.csv,50,4,WOA,0.45821720789110076,1.0,50,0.668913960544496,0.04,0.514224499987904
361_UAV_3D_50_users_connect.csv,50,4,H-PSO-GA,0.4579596546828175,1.0,50,0.6702017265859121,0.04,0.5808580000302754
361_UAV_3D_50_users_connect.csv,50,4,H-WOA-PSO,0.45822516556291387,1.0,50,0.6688741721854304,0.04,0.6028988999896683
361_UAV_3D_50_users_connect.csv,50,4,I-WOA,0.45822516556291387,1.0,50,0.6688741721854304,0.04,2.350145899981726
359_UAV_3D_450_users_connect.csv,450,4,GA,0.3782248084412413,0.9955555555555555,448,0.7022092911271265,0.3933333333333333,1.225517899962142
359_UAV_3D_450_users_connect.csv,450,4,PSO,0.44257031173046796,0.9977777777777778,449,0.6693706635698824,0.1111111111111111,0.8941476999898441
359_UAV_3D_450_users_connect.csv,450,4,WOA,0.42330823386152616,0.9844444444444445,443,0.6901254973590358,0.14666666666666667,1.4775688999798149
359_UAV_3D_450_users_connect.csv,450,4,H-PSO-GA,0.44124042895507454,0.9955555555555555,448,0.6715756330024046,0.10888888888888888,1.0959138000034727
359_UAV_3D_450_users_connect.csv,450,4,H-WOA-PSO,0.4383468370571038,0.9977777777777778,449,0.679376925825592,0.12222222222222222,1.2012839000090025
359_UAV_3D_450_users_connect.csv,450,4,I-WOA,0.4293947543150115,0.9977777777777778,449,0.708581783980498,0.13777777777777778,2.3434197999886237
356_UAV_3D_300_users_connect.csv,300,4,GA,0.4425777761267685,0.9966666666666667,299,0.7071111193661573,0.07,1.4687826000154018
356_UAV_3D_300_users_connect.csv,300,4,PSO,0.422809726631084,0.9933333333333333,298,0.6926180335112464,0.17333333333333334,1.0504597999970429
356_UAV_3D_300_users_connect.csv,300,4,WOA,0.45227050792322876,1.0,300,0.6819807937171892,0.056666666666666664,1.547913399990648
356_UAV_3D_300_users_connect.csv,300,4,H-PSO-GA,0.42201380166715796,1.0,300,0.6832643249975435,0.20666666666666667,1.5081734000123106
356_UAV_3D_300_users_connect.csv,300,4,H-WOA-PSO,0.45701955885841666,1.0,300,0.6782355390412497,0.03666666666666667,1.5068332999944687
356_UAV_3D_300_users_connect.csv,300,4,I-WOA,0.4421775190626674,0.9866666666666667,296,0.6791124046866628,0.07,2.6678429999738
360_UAV_3D_500_users_connect.csv,500,4,GA,0.42652422351559816,0.996,498,0.6853788824220092,0.17,0.9218745999969542
360_UAV_3D_500_users_connect.csv,500,4,PSO,0.4299516368171815,0.998,499,0.6842418159140923,0.16,0.7453525000018999
360_UAV_3D_500_users_connect.csv,500,4,WOA,0.4347633279958177,0.996,498,0.6741833600209115,0.14,1.023753300018143
360_UAV_3D_500_users_connect.csv,500,4,H-PSO-GA,0.42623085020873175,0.992,496,0.6928457489563409,0.152,1.7728832000284456
360_UAV_3D_500_users_connect.csv,500,4,H-WOA-PSO,0.4357339536263395,0.99,495,0.6693302318683025,0.122,1.5642872999887913
360_UAV_3D_500_users_connect.csv,500,4,I-WOA,0.4359540137611391,0.994,497,0.6702299311943041,0.132,2.5049196000327356
364_UAV_3D_200_users_connect.csv,200,4,GA,0.43408902179931586,1.0,200,0.7045548910034205,0.125,1.3912248999695294
364_UAV_3D_200_users_connect.csv,200,4,PSO,0.43419646293885905,0.995,199,0.7090176853057045,0.105,0.8543430999852717
364_UAV_3D_200_users_connect.csv,200,4,WOA,0.4351266775619085,0.98,196,0.6793666121904572,0.085,0.7259590999456123
364_UAV_3D_200_users_connect.csv,200,4,H-PSO-GA,0.4358880178956302,1.0,200,0.7205599105218488,0.1,0.9684236000175588
364_UAV_3D_200_users_connect.csv,200,4,H-WOA-PSO,0.44076872450002064,1.0,200,0.7011563774998966,0.095,0.664034899964463
364_UAV_3D_200_users_connect.csv,200,4,I-WOA,0.43687425193055907,1.0,200,0.6956287403472043,0.12,1.2718586000264622
365_UAV_3D_250_users_connect.csv,250,4,GA,0.41773954703007976,0.996,249,0.7073022648496012,0.192,1.1496797000290826
365_UAV_3D_250_users_connect.csv,250,4,PSO,0.4179378930667008,0.992,248,0.6863105346664954,0.2,0.694691699987743
365_UAV_3D_250_users_connect.csv,250,4,WOA,0.4281255699424486,0.996,249,0.723372150287757,0.124,0.6818482999806292
365_UAV_3D_250_users_connect.csv,250,4,H-PSO-GA,0.41755332472955775,0.988,247,0.6802333763522113,0.196,0.7240112000145018
365_UAV_3D_250_users_connect.csv,250,4,H-WOA-PSO,0.4214905747658946,0.996,249,0.6845471261705269,0.196,0.6968866000534035
365_UAV_3D_250_users_connect.csv,250,4,I-WOA,0.4476044161858753,1.0,250,0.721977919070623,0.04,1.3125432999804616
362_UAV_3D_100_users_connect.csv,100,4,GA,0.4444108666900146,1.0,100,0.6779456665499266,0.1,1.38620379997883
362_UAV_3D_100_users_connect.csv,100,4,PSO,0.43991614354416786,1.0,100,0.7404192822791605,0.06,1.3835879000253044
362_UAV_3D_100_users_connect.csv,100,4,WOA,0.4503737788624443,1.0,100,0.7181311056877784,0.03,1.4210275000077672
362_UAV_3D_100_users_connect.csv,100,4,H-PSO-GA,0.4490212675846239,1.0,100,0.7248936620768804,0.03,0.6584222999517806
362_UAV_3D_100_users_connect.csv,100,4,H-WOA-PSO,0.4160827910106905,1.0,100,0.6795860449465474,0.24,1.016414200013969
362_UAV_3D_100_users_connect.csv,100,4,I-WOA,0.41291521228730604,1.0,100,0.6954239385634696,0.24,1.0691449000150897
358_UAV_3D_400_users_connect.csv,400,4,GA,0.4443969416384994,0.99,396,0.6930152918075027,0.055,1.9076330999960192
358_UAV_3D_400_users_connect.csv,400,4,PSO,0.42167545991539934,1.0,400,0.724122700423003,0.1675,1.6589939999976195
358_UAV_3D_400_users_connect.csv,400,4,WOA,0.44977994864355786,0.9975,399,0.6811002567822108,0.0625,1.6975252000265755
358_UAV_3D_400_users_connect.csv,400,4,H-PSO-GA,0.43250560341362265,0.995,398,0.6799719829318867,0.1425,1.955408699985128
358_UAV_3D_400_users_connect.csv,400,4,H-WOA-PSO,0.4344728475217168,0.9975,399,0.6701357623914161,0.15,1.0435578000033274
358_UAV_3D_400_users_connect.csv,400,4,I-WOA,0.4443323505564263,1.0,400,0.7058382472178684,0.0725,2.217795699951239
363_UAV_3D_150_users_connect.csv,150,4,GA,0.4337305231827986,1.0,150,0.7046807174193405,0.12666666666666668,1.6106940999743529
363_UAV_3D_150_users_connect.csv,150,4,PSO,0.439811622225041,1.0,150,0.6876085555414615,0.11333333333333333,1.4352351000416093
363_UAV_3D_150_users_connect.csv,150,4,WOA,0.42071693237714314,0.98,147,0.6697486714476175,0.16666666666666666,0.6688892000238411
363_UAV_3D_150_users_connect.csv,150,4,H-PSO-GA,0.43490155298676947,1.0,150,0.7054922350661524,0.12,0.8060736999614164
363_UAV_3D_150_users_connect.csv,150,4,H-WOA-PSO,0.4581674700336969,1.0,150,0.6691626498315153,0.04,1.0028332999791019
363_UAV_3D_150_users_connect.csv,150,4,I-WOA,0.41880428559490973,0.98,147,0.7126452386921176,0.13333333333333333,1.31122100003995
366_UAV_3D_300_users_connect.csv,300,4,GA,0.45036467638376404,1.0,300,0.7048432847478465,0.043333333333333335,1.7938538999878801
366_UAV_3D_300_users_connect.csv,300,4,PSO,0.4556011044070225,0.9966666666666667,299,0.6719944779648873,0.04,0.8031232000212185
366_UAV_3D_300_users_connect.csv,300,4,WOA,0.44929969929653524,1.0,300,0.7068348368506568,0.04666666666666667,0.6613453000318259
366_UAV_3D_300_users_connect.csv,300,4,H-PSO-GA,0.4498180838111165,0.99,297,0.6775762476110843,0.043333333333333335,0.6801969999796711
366_UAV_3D_300_users_connect.csv,300,4,H-WOA-PSO,0.4506687484781746,1.0,300,0.7133229242757935,0.03333333333333333,0.674512900004629
366_UAV_3D_300_users_connect.csv,300,4,I-WOA,0.3800628231086558,0.9833333333333333,295,0.6896858844567207,0.36,2.474614200007636
371_UAV_3D_50_users_connect.csv,50,4,GA,0.40798776744583215,1.0,50,0.6800611627708391,0.28,1.0239372000214644
371_UAV_3D_50_users_connect.csv,50,4,PSO,0.4441547866766634,1.0,50,0.6792260666166828,0.1,0.6391648999997415
371_UAV_3D_50_users_connect.csv,50,4,WOA,0.44222516556291386,1.0,50,0.6688741721854304,0.12,0.5342805000254884
371_UAV_3D_50_users_connect.csv,50,4,H-PSO-GA,0.44503849853040045,1.0,50,0.6748075073479974,0.1,0.5616614999598823
371_UAV_3D_50_users_connect.csv,50,4,H-WOA-PSO,0.44222516556291386,1.0,50,0.6688741721854304,0.12,0.540104000014253
371_UAV_3D_50_users_connect.csv,50,4,I-WOA,0.44222516556291386,1.0,50,0.6688741721854304,0.12,1.1335108999628574
367_UAV_3D_350_users_connect.csv,350,4,GA,0.41915431865133496,0.9914285714285714,347,0.6813712638861822,0.19714285714285715,0.8678122999845073
367_UAV_3D_350_users_connect.csv,350,4,PSO,0.43362106312324716,0.9914285714285714,347,0.6690375415266212,0.13714285714285715,0.6519040999701247
367_UAV_3D_350_users_connect.csv,350,4,WOA,0.4300296876801551,1.0,350,0.6984229901706527,0.15142857142857144,0.6668518999940716
367_UAV_3D_350_users_connect.csv,350,4,H-PSO-GA,0.4418748267856079,0.9971428571428571,349,0.6706258660719601,0.11142857142857143,0.7380624000215903
367_UAV_3D_350_users_connect.csv,350,4,H-WOA-PSO,0.42720271956269135,0.9857142857142858,345,0.6697006879008288,0.15142857142857144,1.1988501000450924
367_UAV_3D_350_users_connect.csv,350,4,I-WOA,0.42350995770878086,1.0,350,0.6967359257418096,0.18571428571428572,2.3885819000424817
372_UAV_3D_100_users_connect.csv,100,4,GA,0.4459415741430937,1.0,100,0.7202921292845312,0.05,1.0034125999663956
372_UAV_3D_100_users_connect.csv,100,4,PSO,0.4530368303226881,1.0,100,0.6748158483865593,0.06,0.5533143999637105
372_UAV_3D_100_users_connect.csv,100,4,WOA,0.4443124074200002,0.99,99,0.7084379628999988,0.04,1.1450193000491709
372_UAV_3D_100_users_connect.csv,100,4,H-PSO-GA,0.44014587731719046,0.99,99,0.6892706134140474,0.08,0.9593679000390694
372_UAV_3D_100_users_connect.csv,100,4,H-WOA-PSO,0.4477407984156439,0.99,99,0.6712960079217802,0.06,0.674267599999439
372_UAV_3D_100_users_connect.csv,100,4,I-WOA,0.4299031943141187,1.0,100,0.7404840284294061,0.11,0.989683200023137
369_UAV_3D_450_users_connect.csv,450,4,GA,0.4143457485070501,1.0,450,0.6904934796869717,0.23777777777777778,1.0574150999891572
369_UAV_3D_450_users_connect.csv,450,4,PSO,0.4165989202505318,0.9977777777777778,449,0.6747831765251187,0.23555555555555555,0.6722759999684058
369_UAV_3D_450_users_connect.csv,450,4,WOA,0.41389498123201235,0.9911111111111112,446,0.6727473160621605,0.2311111111111111,0.6603688999894075
369_UAV_3D_450_users_connect.csv,450,4,H-PSO-GA,0.41675533743817106,1.0,450,0.6806677572535892,0.23555555555555555,0.7737407999811694
369_UAV_3D_450_users_connect.csv,450,4,H-WOA-PSO,0.4163183316393892,0.9977777777777778,449,0.678408341803054,0.23333333333333334,1.68682629999239
369_UAV_3D_450_users_connect.csv,450,4,I-WOA,0.41542907875837404,0.9933333333333333,447,0.6717434950970185,0.2311111111111111,2.683220600010827
368_UAV_3D_400_users_connect.csv,400,4,GA,0.45128739600688755,1.0,400,0.683563019965562,0.06,0.8728058999986388
368_UAV_3D_400_users_connect.csv,400,4,PSO,0.45572516556291387,0.995,398,0.6688741721854304,0.0375,1.1199369000387378
368_UAV_3D_400_users_connect.csv,400,4,WOA,0.45052538378601564,1.0,400,0.7048730810699214,0.0425,0.8590889999759383
368_UAV_3D_400_users_connect.csv,400,4,H-PSO-GA,0.45584207555787365,0.9975,399,0.6707896222106319,0.0425,1.095535500033293
368_UAV_3D_400_users_connect.csv,400,4,H-WOA-PSO,0.451959861938556,0.99,396,0.67520069030722,0.035,1.117244099965319
368_UAV_3D_400_users_connect.csv,400,4,I-WOA,0.45518887385059476,0.9975,399,0.6715556307470263,0.045,2.6374617000110447
373_UAV_3D_150_users_connect.csv,150,4,GA,0.42886604168271725,1.0,150,0.7556697915864136,0.1,0.6749325999990106
373_UAV_3D_150_users_connect.csv,150,4,PSO,0.45289183222958057,1.0,150,0.6688741721854304,0.06666666666666667,0.5766405999893323
373_UAV_3D_150_users_connect.csv,150,4,WOA,0.45022516556291386,0.9933333333333333,149,0.6688741721854304,0.06,0.5485188000020571
373_UAV_3D_150_users_connect.csv,150,4,H-PSO-GA,0.4593097168674751,1.0,150,0.6701180823292909,0.03333333333333333,0.7254741000360809
373_UAV_3D_150_users_connect.csv,150,4,H-WOA-PSO,0.45580576742169,1.0,150,0.6809711628915498,0.04,0.762931999983266
373_UAV_3D_150_users_connect.csv,150,4,I-WOA,0.46348754365158096,1.0,150,0.6758956150754283,0.006666666666666667,2.0545037999982014
374_UAV_3D_200_users_connect.csv,200,4,GA,0.44209989790628246,1.0,200,0.6845005104685875,0.105,0.8817699000355788
374_UAV_3D_200_users_connect.csv,200,4,PSO,0.442787051629993,0.995,199,0.706064741850035,0.065,1.2761821000021882
374_UAV_3D_200_users_connect.csv,200,4,WOA,0.43684735070204006,0.985,197,0.6757632464897992,0.095,1.2561579000321217
374_UAV_3D_200_users_connect.csv,200,4,H-PSO-GA,0.44141990829475614,1.0,200,0.677900458526219,0.115,0.7710636000265367
374_UAV_3D_200_users_connect.csv,200,4,H-WOA-PSO,0.44322516556291386,0.995,199,0.6688741721854304,0.1,0.7685284999897704
374_UAV_3D_200_users_connect.csv,200,4,I-WOA,0.43922516556291386,0.995,199,0.6688741721854304,0.12,1.6440812000073493
377_UAV_3D_350_users_connect.csv,350,4,GA,0.454961958363308,1.0,350,0.6880473510406027,0.037142857142857144,1.612151300010737
377_UAV_3D_350_users_connect.csv,350,4,PSO,0.4574298415334951,1.0,350,0.6757079351896671,0.037142857142857144,0.7548098000115715
377_UAV_3D_350_users_connect.csv,350,4,WOA,0.455601881006798,1.0,350,0.6791334521088672,0.04285714285714286,0.6476308000274003
377_UAV_3D_350_users_connect.csv,350,4,H-PSO-GA,0.45458509844690453,1.0,350,0.6870745077654772,0.04,0.6604473000043072
377_UAV_3D_350_users_connect.csv,350,4,H-WOA-PSO,0.4574362326575785,1.0,350,0.6756759795692503,0.037142857142857144,0.7093914999859408
377_UAV_3D_350_users_connect.csv,350,4,I-WOA,0.4567404385737591,1.0,350,0.679154949988347,0.037142857142857144,2.6121242999797687
370_UAV_3D_500_users_connect.csv,500,4,GA,0.4410570358220498,0.998,499,0.6727148208897508,0.116,1.3981648000190035
370_UAV_3D_500_users_connect.csv,500,4,PSO,0.3980910220524804,1.0,500,0.6955448897375974,0.314,0.7948590999585576
370_UAV_3D_500_users_connect.csv,500,4,WOA,0.4300558174442468,0.988,494,0.7177209127787657,0.096,1.6025408999994397
370_UAV_3D_500_users_connect.csv,500,4,H-PSO-GA,0.4504961626588469,0.992,496,0.6755191867057652,0.048,1.7066815999569371
370_UAV_3D_500_users_connect.csv,500,4,H-WOA-PSO,0.39656687903102017,0.998,499,0.6851656048448989,0.326,1.210474899969995
370_UAV_3D_500_users_connect.csv,500,4,I-WOA,0.4491906472656019,1.0,500,0.7140467636719905,0.04,3.018316700006835
381_UAV_3D_50_users_connect.csv,50,4,GA,0.3953887054740047,1.0,50,0.6830564726299765,0.34,0.7592982999631204
381_UAV_3D_50_users_connect.csv,50,4,PSO,0.4022251655629139,1.0,50,0.6688741721854304,0.32,0.4663175999885425
381_UAV_3D_50_users_connect.csv,50,4,WOA,0.44961626298533336,1.0,50,0.671918685073333,0.08,0.5154142000246793
381_UAV_3D_50_users_connect.csv,50,4,H-PSO-GA,0.41002183287064503,1.0,50,0.6698908356467747,0.28,0.5900056000100449
381_UAV_3D_50_users_connect.csv,50,4,H-WOA-PSO,0.4622251655629139,1.0,50,0.6688741721854304,0.02,0.5181253000046127
381_UAV_3D_50_users_connect.csv,50,4,I-WOA,0.43754380133734105,1.0,50,0.7122809933132946,0.1,1.326408300024923
375_UAV_3D_250_users_connect.csv,250,4,GA,0.4395092013970908,1.0,250,0.7064539930145459,0.096,1.3297959999763407
375_UAV_3D_250_users_connect.csv,250,4,PSO,0.4338591400892748,0.996,249,0.6747042995536261,0.144,0.9576822000090033
375_UAV_3D_250_users_connect.csv,250,4,WOA,0.4378949030139211,0.996,249,0.7225254849303947,0.076,1.5195495000225492
375_UAV_3D_250_users_connect.csv,250,4,H-PSO-GA,0.448154590626617,1.0,250,0.699227046866915,0.06,1.0089514999999665
375_UAV_3D_250_users_connect.csv,250,4,H-WOA-PSO,0.44937680025670307,0.996,249,0.6691159987164845,0.072,1.4767952000256628
375_UAV_3D_250_users_connect.csv,250,4,I-WOA,0.44337684544729733,0.992,248,0.6951157727635133,0.064,3.2345722000463866
376_UAV_3D_300_users_connect.csv,300,4,GA,0.407401097793163,1.0,300,0.6963278443675178,0.26666666666666666,1.4634356000460684
376_UAV_3D_300_users_connect.csv,300,4,PSO,0.4162762323924778,0.9933333333333333,298,0.6819521713709443,0.21666666666666667,0.9778414000174962
376_UAV_3D_300_users_connect.csv,300,4,WOA,0.408183952426927,0.9933333333333333,298,0.6957469045320313,0.24333333333333335,1.5978474000003189
376_UAV_3D_300_users_connect.csv,300,4,H-PSO-GA,0.4149177790628929,0.9966666666666667,299,0.6854111046855355,0.23,0.9810680999653414
376_UAV_3D_300_users_connect.csv,300,4,H-WOA-PSO,0.4164255568253732,0.99,297,0.6712055492064674,0.21666666666666667,1.22024319996126
376_UAV_3D_300_users_connect.csv,300,4,I-WOA,0.41354800471285164,0.9833333333333333,295,0.6689266431024082,0.21333333333333335,3.660318100010045
379_UAV_3D_450_users_connect.csv,450,4,GA,0.45598005359252686,0.9977777777777778,449,0.6756552875929214,0.03777777777777778,1.6675726999528706
379_UAV_3D_450_users_connect.csv,450,4,PSO,0.4471555734195119,0.9866666666666667,444,0.6708887995691071,0.05333333333333334,0.6436860000248998
379_UAV_3D_450_users_connect.csv,450,4,WOA,0.4439913842154708,0.9844444444444445,443,0.680043078922646,0.05333333333333334,0.6403212999575771
379_UAV_3D_450_users_connect.csv,450,4,H-PSO-GA,0.43028377647054555,0.9933333333333333,447,0.677470006536161,0.1511111111111111,0.7898785000434145
379_UAV_3D_450_users_connect.csv,450,4,H-WOA-PSO,0.4164473877851361,1.0,450,0.6688741721854304,0.24888888888888888,0.6978362999507226
379_UAV_3D_450_users_connect.csv,450,4,I-WOA,0.44970876286945505,0.9977777777777778,449,0.7092339634305025,0.035555555555555556,3.2527987000066787
384_UAV_3D_200_users_connect.csv,200,4,GA,0.4315077160640307,1.0,200,0.6974614196798463,0.145,1.2268525999970734
384_UAV_3D_200_users_connect.csv,200,4,PSO,0.4432408720917942,1.0,200,0.6887956395410286,0.095,0.6259418000117876
384_UAV_3D_200_users_connect.csv,200,4,WOA,0.4410270006419542,1.0,200,0.6748649967902286,0.12,0.564827999973204
384_UAV_3D_200_users_connect.csv,200,4,H-PSO-GA,0.44220672080749857,1.0,200,0.6939663959625069,0.095,0.5411158000351861
384_UAV_3D_200_users_connect.csv,200,4,H-WOA-PSO,0.4437766051028446,0.995,199,0.6811169744857767,0.085,0.5767433999571949
384_UAV_3D_200_users_connect.csv,200,4,I-WOA,0.4421337211717436,1.0,200,0.6943313941412818,0.095,1.7791611999855377
378_UAV_3D_400_users_connect.csv,400,4,GA,0.41236344888336,1.0,400,0.6931827555831996,0.245,1.7700761000160128
378_UAV_3D_400_users_connect.csv,400,4,PSO,0.45272516556291387,0.995,398,0.6688741721854304,0.0525,0.9655331000103615
378_UAV_3D_400_users_connect.csv,400,4,WOA,0.43337595729625233,0.9875,395,0.6856202135187384,0.11,1.2660141999949701
378_UAV_3D_400_users_connect.csv,400,4,H-PSO-GA,0.4498887031482052,0.995,398,0.6705564842589736,0.065,0.8097155999857932
378_UAV_3D_400_users_connect.csv,400,4,H-WOA-PSO,0.45272516556291387,0.995,398,0.6688741721854304,0.0525,0.6266302000149153
378_UAV_3D_400_users_connect.csv,400,4,I-WOA,0.4521874283436303,0.995,398,0.6690628582818483,0.055,2.6762049000244588
380_UAV_3D_500_users_connect.csv,500,4,GA,0.43028132370895406,0.996,498,0.71259338145523,0.124,1.049127399979625
380_UAV_3D_500_users_connect.csv,500,4,PSO,0.4240066161258534,0.994,497,0.6799669193707327,0.182,0.6618704000138678
380_UAV_3D_500_users_connect.csv,500,4,WOA,0.42382516556291383,0.994,497,0.6688741721854304,0.194,0.6749486999469809
380_UAV_3D_500_users_connect.csv,500,4,H-PSO-GA,0.42353872650570223,0.994,497,0.6783063674714884,0.186,1.069585499993991
380_UAV_3D_500_users_connect.csv,500,4,H-WOA-PSO,0.43012160906946234,0.998,499,0.7453919546526883,0.098,1.4254124999861233
380_UAV_3D_500_users_connect.csv,500,4,I-WOA,0.42415635434907206,0.99,495,0.6692182282546396,0.18,2.8024387000477873
382_UAV_3D_100_users_connect.csv,100,4,GA,0.4288876893975039,1.0,100,0.6955615530124805,0.16,1.3734225999796763
382_UAV_3D_100_users_connect.csv,100,4,PSO,0.4581801000045478,1.0,100,0.6690994999772608,0.04,0.7949338000034913
382_UAV_3D_100_users_connect.csv,100,4,WOA,0.45039481161456285,1.0,100,0.6880259419271855,0.06,0.8811479000141844
382_UAV_3D_100_users_connect.csv,100,4,H-PSO-GA,0.4560234261331454,1.0,100,0.6798828693342728,0.04,1.585127400001511
382_UAV_3D_100_users_connect.csv,100,4,H-WOA-PSO,0.4570711037533298,1.0,100,0.6746444812333507,0.04,0.9247285999590531
382_UAV_3D_100_users_connect.csv,100,4,I-WOA,0.45383898723311544,1.0,100,0.6908050638344225,0.04,1.1572941000340506
383_UAV_3D_150_users_connect.csv,150,4,GA,0.45785431512177754,1.0,150,0.6707284243911121,0.04,1.4546015999512747
383_UAV_3D_150_users_connect.csv,150,4,PSO,0.455460950618826,1.0,150,0.6693619135725364,0.05333333333333334,0.7967016999609768
383_UAV_3D_150_users_connect.csv,150,4,WOA,0.44715874229962066,1.0,150,0.7308729551685631,0.03333333333333333,1.0417738999822177
383_UAV_3D_150_users_connect.csv,150,4,H-PSO-GA,0.45157607969409225,1.0,150,0.6887862681962053,0.05333333333333334,1.6547405000310391
383_UAV_3D_150_users_connect.csv,150,4,H-WOA-PSO,0.4515256870153116,1.0,150,0.7023715649234418,0.04,0.8456941000185907
383_UAV_3D_150_users_connect.csv,150,4,I-WOA,0.45161862041568285,1.0,150,0.6819068979215855,0.06,1.3260919000022113
387_UAV_3D_350_users_connect.csv,350,4,GA,0.4569795949414539,1.0,350,0.6751020252927301,0.04,1.4885315999854356
387_UAV_3D_350_users_connect.csv,350,4,PSO,0.45616852368105754,0.9971428571428571,349,0.6734430958804262,0.037142857142857144,0.6097731000045314
387_UAV_3D_350_users_connect.csv,350,4,WOA,0.45632279254472885,0.9971428571428571,349,0.6698146087049266,0.04,0.812425899959635
387_UAV_3D_350_users_connect.csv,350,4,H-PSO-GA,0.457049727543482,1.0,350,0.6776085051397326,0.037142857142857144,0.7935215000179596
387_UAV_3D_350_users_connect.csv,350,4,H-WOA-PSO,0.4599394512771996,1.0,350,0.6688741721854304,0.03142857142857143,0.7390951999695972
387_UAV_3D_350_users_connect.csv,350,4,I-WOA,0.45253301233813176,0.9971428571428571,349,0.7001920811664837,0.02857142857142857,2.372868300008122
385_UAV_3D_250_users_connect.csv,250,4,GA,0.4485062877220298,1.0,250,0.689468561389851,0.068,1.043796400015708
385_UAV_3D_250_users_connect.csv,250,4,PSO,0.4151763998495905,1.0,250,0.6881180007520473,0.236,1.4629017999977805
385_UAV_3D_250_users_connect.csv,250,4,WOA,0.4535244195635525,1.0,250,0.6763779021822373,0.056,1.1857803000020795
385_UAV_3D_250_users_connect.csv,250,4,H-PSO-GA,0.41311496815054577,1.0,250,0.694425159247271,0.24,1.2350728999590501
385_UAV_3D_250_users_connect.csv,250,4,H-WOA-PSO,0.4170086677135285,1.0,250,0.6869566614323571,0.228,1.1919619999825954
385_UAV_3D_250_users_connect.csv,250,4,I-WOA,0.4103138684044373,1.0,250,0.7084306579778135,0.24,2.465540700010024
393_UAV_3D_150_users_connect.csv,150,4,GA,0.4389556012038688,0.9933333333333333,149,0.7052219939806559,0.08,1.097739899996668
393_UAV_3D_150_users_connect.csv,150,4,PSO,0.45934635719720124,1.0,150,0.6699348806806604,0.03333333333333333,0.5222568999743089
393_UAV_3D_150_users_connect.csv,150,4,WOA,0.45100213457093113,1.0,150,0.711655993812011,0.03333333333333333,0.5259127999888733
393_UAV_3D_150_users_connect.csv,150,4,H-PSO-GA,0.45282632324586414,1.0,150,0.675868383770679,0.06,0.5728119999985211
393_UAV_3D_150_users_connect.csv,150,4,H-WOA-PSO,0.39909297634932395,1.0,150,0.6912017849200466,0.31333333333333335,0.6888503999798559
393_UAV_3D_150_users_connect.csv,150,4,I-WOA,0.4462875496364663,0.9933333333333333,149,0.7018955851510018,0.04666666666666667,1.471714699990116
388_UAV_3D_400_users_connect.csv,400,4,GA,0.4348374978129239,1.0,400,0.7183125109353802,0.1075,1.5351771000423469
388_UAV_3D_400_users_connect.csv,400,4,PSO,0.4439508597764445,0.9925,397,0.6702457011177776,0.0875,0.5417536000022665
388_UAV_3D_400_users_connect.csv,400,4,WOA,0.44319041666664466,0.9975,399,0.6965479166667767,0.08,1.0804142000270076
388_UAV_3D_400_users_connect.csv,400,4,H-PSO-GA,0.42793324135392585,0.9975,399,0.7178337932303708,0.135,0.800698300008662
388_UAV_3D_400_users_connect.csv,400,4,H-WOA-PSO,0.4385586851434109,0.9925,397,0.6722065742829455,0.1125,0.7103327999939211
388_UAV_3D_400_users_connect.csv,400,4,I-WOA,0.44469127058013663,0.9925,397,0.6715436470993168,0.0825,2.672038100019563
386_UAV_3D_300_users_connect.csv,300,4,GA,0.45314305451441833,0.99,297,0.6742847274279081,0.03,1.5218389999936335
386_UAV_3D_300_users_connect.csv,300,4,PSO,0.42689183222958055,0.9933333333333333,298,0.6688741721854304,0.17666666666666667,1.2028561999904923
386_UAV_3D_300_users_connect.csv,300,4,WOA,0.4205069772460664,0.9933333333333333,298,0.6941317804363344,0.18333333333333332,0.6830148999579251
386_UAV_3D_300_users_connect.csv,300,4,H-PSO-GA,0.42633857016525845,1.0,300,0.6916404825070411,0.17666666666666667,0.7748506999923848
386_UAV_3D_300_users_connect.csv,300,4,H-WOA-PSO,0.4279612479013873,1.0,300,0.6835270938263968,0.17666666666666667,1.1839722999720834
386_UAV_3D_300_users_connect.csv,300,4,I-WOA,0.43551719481115664,0.9866666666666667,296,0.7190806926108835,0.06333333333333334,2.986658299982082
391_UAV_3D_50_users_connect.csv,50,4,GA,0.40500689733342504,1.0,50,0.7149655133328748,0.26,1.0833274999749847
391_UAV_3D_50_users_connect.csv,50,4,PSO,0.45266457714356245,1.0,50,0.6766771142821875,0.06,0.4867861000238918
391_UAV_3D_50_users_connect.csv,50,4,WOA,0.4565697180263596,1.0,50,0.677151409868202,0.04,0.5043961000046693
391_UAV_3D_50_users_connect.csv,50,4,H-PSO-GA,0.4495027891592054,1.0,50,0.6924860542039728,0.06,1.3116402000305243
391_UAV_3D_50_users_connect.csv,50,4,H-WOA-PSO,0.4662251655629139,1.0,50,0.6688741721854304,0.0,0.5553655000403523
391_UAV_3D_50_users_connect.csv,50,4,I-WOA,0.45284745550483513,1.0,50,0.7357627224758242,0.0,1.2944872999796644
390_UAV_3D_500_users_connect.csv,500,4,GA,0.4417021660009348,0.996,498,0.7034891699953261,0.076,0.8854978000163101
390_UAV_3D_500_users_connect.csv,500,4,PSO,0.44526286402753934,0.998,499,0.733685679862303,0.034,0.7823244999744929
390_UAV_3D_500_users_connect.csv,500,4,WOA,0.45181985438250555,0.99,495,0.6729007280874721,0.038,0.6654884000308812
390_UAV_3D_500_users_connect.csv,500,4,H-PSO-GA,0.4506590936239355,1.0,500,0.6967045318803221,0.05,0.7449847999960184
390_UAV_3D_500_users_connect.csv,500,4,H-WOA-PSO,0.4425651471978004,1.0,500,0.7331742640109981,0.054,0.7171050000470132
390_UAV_3D_500_users_connect.csv,500,4,I-WOA,0.44298018213546964,1.0,500,0.7310990893226518,0.054,1.9906265999889001
389_UAV_3D_450_users_connect.csv,450,4,GA,0.4412188858888204,0.9955555555555555,448,0.7116833483336753,0.06888888888888889,0.7021094000083394
389_UAV_3D_450_users_connect.csv,450,4,PSO,0.44690907098555915,0.9933333333333333,447,0.6987879784055373,0.04666666666666667,0.7254448999883607
389_UAV_3D_450_users_connect.csv,450,4,WOA,0.4617646240588786,1.0,450,0.6689546574833848,0.022222222222222223,0.7605523000238463
389_UAV_3D_450_users_connect.csv,450,4,H-PSO-GA,0.46292472970035003,1.0,450,0.6698207959426941,0.015555555555555555,0.7443448000121862
389_UAV_3D_450_users_connect.csv,450,4,H-WOA-PSO,0.4448196485317897,1.0,450,0.7247906462299404,0.051111111111111114,1.5897074000095017
389_UAV_3D_450_users_connect.csv,450,4,I-WOA,0.4452103862764826,0.9955555555555555,448,0.7095036241731421,0.051111111111111114,2.273399600002449
392_UAV_3D_100_users_connect.csv,100,4,GA,0.4467762206374687,1.0,100,0.6961188968126562,0.07,1.0829210000229068
392_UAV_3D_100_users_connect.csv,100,4,PSO,0.4471984050868909,0.99,99,0.6740079745655451,0.06,0.4753523000399582
392_UAV_3D_100_users_connect.csv,100,4,WOA,0.43497362231637005,0.99,99,0.6851318884181493,0.11,0.5375212000217289
392_UAV_3D_100_users_connect.csv,100,4,H-PSO-GA,0.4470363881945691,0.99,99,0.6748180590271543,0.06,1.3740108999772929
392_UAV_3D_100_users_connect.csv,100,4,H-WOA-PSO,0.45185131303691695,1.0,100,0.6907434348154149,0.05,1.2881411000271328
392_UAV_3D_100_users_connect.csv,100,4,I-WOA,0.44618534891033557,0.99,99,0.669073255448322,0.07,1.8318047999637201
395_UAV_3D_250_users_connect.csv,250,4,GA,0.4352189112114644,1.0,250,0.691905443942678,0.132,0.7117304000421427
395_UAV_3D_250_users_connect.csv,250,4,PSO,0.42671606733431044,0.996,249,0.6784196633284477,0.176,0.7144936000113375
395_UAV_3D_250_users_connect.csv,250,4,WOA,0.40733605694974234,0.984,246,0.6913197152512879,0.224,1.225176099978853
395_UAV_3D_250_users_connect.csv,250,4,H-PSO-GA,0.4252320659303304,1.0,250,0.6898396703483476,0.184,0.7206398000125773
395_UAV_3D_250_users_connect.csv,250,4,H-WOA-PSO,0.42899718914978935,1.0,250,0.6790140542510529,0.176,0.8033926000352949
395_UAV_3D_250_users_connect.csv,250,4,I-WOA,0.4253957851265066,1.0,250,0.6930210743674671,0.18,1.922829199989792
394_UAV_3D_200_users_connect.csv,200,4,GA,0.4352201499562488,1.0,200,0.7138992502187556,0.11,0.8825677999993786
394_UAV_3D_200_users_connect.csv,200,4,PSO,0.453135963258247,1.0,200,0.6693201837087649,0.065,1.2025603000074625
394_UAV_3D_200_users_connect.csv,200,4,WOA,0.4514394600135788,1.0,200,0.6728026999321055,0.07,1.2824956999975257
394_UAV_3D_200_users_connect.csv,200,4,H-PSO-GA,0.44795281628940187,1.0,200,0.6852359185529903,0.075,1.395477700047195
394_UAV_3D_200_users_connect.csv,200,4,H-WOA-PSO,0.44922516556291386,0.995,199,0.6688741721854304,0.07,1.1768001000164077
394_UAV_3D_200_users_connect.csv,200,4,I-WOA,0.4438348901965064,1.0,200,0.7158255490174678,0.065,2.333686900034081
396_UAV_3D_300_users_connect.csv,300,4,GA,0.43940074229360865,0.9966666666666667,299,0.7429962885319565,0.05,0.8586975999642164
396_UAV_3D_300_users_connect.csv,300,4,PSO,0.4485506016729114,1.0,300,0.687246991635443,0.07,1.2157352999784052
396_UAV_3D_300_users_connect.csv,300,4,WOA,0.43566887423841055,1.0,300,0.751655628807947,0.07,0.6739384999964386
396_UAV_3D_300_users_connect.csv,300,4,H-PSO-GA,0.45327586131752245,0.9966666666666667,299,0.6769540267457209,0.04666666666666667,0.7474613999947906
396_UAV_3D_300_users_connect.csv,300,4,H-WOA-PSO,0.4502207862631849,1.0,300,0.7022294020174085,0.04666666666666667,0.8002814999781549
396_UAV_3D_300_users_connect.csv,300,4,I-WOA,0.4482721494568755,0.9933333333333333,298,0.6753059193822892,0.06333333333333334,3.1724464000435546
397_UAV_3D_350_users_connect.csv,350,4,GA,0.4171194476968798,0.9971428571428571,349,0.700117047229886,0.2057142857142857,1.1773274000152014
397_UAV_3D_350_users_connect.csv,350,4,PSO,0.41868669159574023,0.9914285714285714,347,0.6951379705927273,0.18571428571428572,0.6728802000288852
397_UAV_3D_350_users_connect.csv,350,4,WOA,0.4256456103429793,0.9971428571428571,349,0.6774862339993885,0.18571428571428572,0.9491320000379346
397_UAV_3D_350_users_connect.csv,350,4,H-PSO-GA,0.4260018530096337,0.9971428571428571,349,0.6814193063804025,0.18,1.015886099950876
397_UAV_3D_350_users_connect.csv,350,4,H-WOA-PSO,0.45450357903139377,0.9971428571428571,349,0.6789106762716021,0.04,1.0573150999844074
397_UAV_3D_350_users_connect.csv,350,4,I-WOA,0.42414922351264905,0.9971428571428571,349,0.7621110252938972,0.10857142857142857,1.973666800011415
401_UAV_3D_50_users_connect.csv,50,4,GA,0.4532841495866334,1.0,50,0.6735792520668329,0.06,1.0580885999952443
401_UAV_3D_50_users_connect.csv,50,4,PSO,0.45342249533581186,1.0,50,0.6728875233209405,0.06,0.7371231999713928
401_UAV_3D_50_users_connect.csv,50,4,WOA,0.45137442382298854,1.0,50,0.6831278808850569,0.06,0.7980786000262015
401_UAV_3D_50_users_connect.csv,50,4,H-PSO-GA,0.4524116078572935,1.0,50,0.6779419607135323,0.06,0.7803519000299275
401_UAV_3D_50_users_connect.csv,50,4,H-WOA-PSO,0.45022516556291386,1.0,50,0.6688741721854304,0.08,1.1650920000392944
401_UAV_3D_50_users_connect.csv,50,4,I-WOA,0.4468694785259653,1.0,50,0.6856526073701732,0.08,1.5701205999939702
402_UAV_3D_100_users_connect.csv,100,4,GA,0.4447964917426336,1.0,100,0.6960175412868317,0.08,1.2839996000402607
402_UAV_3D_100_users_connect.csv,100,4,PSO,0.4438398952872924,1.0,100,0.7008005235635378,0.08,0.767383600003086
402_UAV_3D_100_users_connect.csv,100,4,WOA,0.44570741278024906,1.0,100,0.6914629360987544,0.08,0.7386170999961905
402_UAV_3D_100_users_connect.csv,100,4,H-PSO-GA,0.4424521599995692,0.99,99,0.6777392000021535,0.08,0.8639214999857359
402_UAV_3D_100_users_connect.csv,100,4,H-WOA-PSO,0.44422516556291386,0.99,99,0.6688741721854304,0.08,1.175738799967803
402_UAV_3D_100_users_connect.csv,100,4,I-WOA,0.4432155887099286,1.0,100,0.7039220564503569,0.08,1.5916229000431485
404_UAV_3D_200_users_connect.csv,200,4,GA,0.45179499848232885,1.0,200,0.6710250075883556,0.07,0.892784700030461
404_UAV_3D_200_users_connect.csv,200,4,PSO,0.44797453269905063,1.0,200,0.6751273365047465,0.085,0.6082313999650069
404_UAV_3D_200_users_connect.csv,200,4,WOA,0.44457860336056576,1.0,200,0.7021069831971708,0.075,0.7686651999829337
404_UAV_3D_200_users_connect.csv,200,4,H-PSO-GA,0.44651579930063484,1.0,200,0.6774210034968255,0.09,0.9065414000069723
404_UAV_3D_200_users_connect.csv,200,4,H-WOA-PSO,0.4414568503419486,1.0,200,0.6827157482902566,0.11,1.052776399999857
404_UAV_3D_200_users_connect.csv,200,4,I-WOA,0.43715858542049907,0.98,196,0.6692070728975044,0.085,1.4536878000362776
398_UAV_3D_400_users_connect.csv,400,4,GA,0.44223584972431407,0.9975,399,0.6938207513784297,0.0875,1.4417711999849416
398_UAV_3D_400_users_connect.csv,400,4,PSO,0.4518617068458184,0.9975,399,0.6731914657709082,0.06,0.8358265000279061
398_UAV_3D_400_users_connect.csv,400,4,WOA,0.4141784126606296,0.99,396,0.7841079366968517,0.115,0.9359125000191852
398_UAV_3D_400_users_connect.csv,400,4,H-PSO-GA,0.44011877902067426,0.99,396,0.6844061048966285,0.085,0.9808751999516971
398_UAV_3D_400_users_connect.csv,400,4,H-WOA-PSO,0.4356093438552747,0.9925,397,0.6869532807236264,0.1125,0.8311163000180386
398_UAV_3D_400_users_connect.csv,400,4,I-WOA,0.4351153988869147,0.9975,399,0.7044230055654264,0.1125,2.300388799980283
403_UAV_3D_150_users_connect.csv,150,4,GA,0.4128641269685346,1.0,150,0.7023460318239935,0.23333333333333334,1.2275806000106968
403_UAV_3D_150_users_connect.csv,150,4,PSO,0.419591684926037,1.0,150,0.6753749087031482,0.22666666666666666,0.8002234000014141
403_UAV_3D_150_users_connect.csv,150,4,WOA,0.44067854630955117,1.0,150,0.7299406017855776,0.06666666666666667,0.7604059000150301
403_UAV_3D_150_users_connect.csv,150,4,H-PSO-GA,0.4133870839744277,1.0,150,0.6930645801278614,0.24,0.9506116000120528
403_UAV_3D_150_users_connect.csv,150,4,H-WOA-PSO,0.41596703610929375,1.0,150,0.6734981527868642,0.24666666666666667,1.1588352999533527
403_UAV_3D_150_users_connect.csv,150,4,I-WOA,0.4130964118888683,1.0,150,0.7011846072223247,0.23333333333333334,1.802672400022857
399_UAV_3D_450_users_connect.csv,450,4,GA,0.42486631607477227,0.9955555555555555,448,0.713446197403916,0.14888888888888888,1.2447065999731421
399_UAV_3D_450_users_connect.csv,450,4,PSO,0.44622516556291386,0.9933333333333333,447,0.6688741721854304,0.08,1.383436999982223
399_UAV_3D_450_users_connect.csv,450,4,WOA,0.4426426127644841,0.9977777777777778,449,0.6756758250664683,0.10444444444444445,0.981188099947758
399_UAV_3D_450_users_connect.csv,450,4,H-PSO-GA,0.444232067830987,0.9955555555555555,448,0.6766174386228422,0.08888888888888889,0.8942282000207342
399_UAV_3D_450_users_connect.csv,450,4,H-WOA-PSO,0.44289132919104435,0.9977777777777778,449,0.6833211318225559,0.09555555555555556,0.7919663999928162
399_UAV_3D_450_users_connect.csv,450,4,I-WOA,0.4506890853591584,0.9977777777777778,449,0.6754434620930968,0.06444444444444444,2.0727754999534227
400_UAV_3D_500_users_connect.csv,500,4,GA,0.4468789198990983,0.99,495,0.6736054005045082,0.062,1.416239799989853
400_UAV_3D_500_users_connect.csv,500,4,PSO,0.39781221889599055,1.0,500,0.686938905520047,0.324,1.462315100012347
400_UAV_3D_500_users_connect.csv,500,4,WOA,0.4400245139213308,0.992,496,0.7118774303933458,0.064,0.9333112000022084
400_UAV_3D_500_users_connect.csv,500,4,H-PSO-GA,0.39587964119834,0.996,498,0.6846017940083,0.324,0.8692439000005834
400_UAV_3D_500_users_connect.csv,500,4,H-WOA-PSO,0.39746317503201845,0.996,498,0.6746841248399077,0.326,0.8062162999995053
400_UAV_3D_500_users_connect.csv,500,4,I-WOA,0.44930240996883514,0.996,498,0.6934879501558244,0.048,3.885059699998237
405_UAV_3D_250_users_connect.csv,250,4,GA,0.4339819163623918,1.0,250,0.7140904181880409,0.116,1.4705204000347294
405_UAV_3D_250_users_connect.csv,250,4,PSO,0.42946932361384826,0.996,249,0.6846533819307588,0.156,0.8762938000145368
405_UAV_3D_250_users_connect.csv,250,4,WOA,0.4037887201889529,1.0,250,0.7370563990552355,0.244,1.113567900029011
405_UAV_3D_250_users_connect.csv,250,4,H-PSO-GA,0.42097167108145583,0.992,248,0.7031416445927204,0.168,0.684639299986884
405_UAV_3D_250_users_connect.csv,250,4,H-WOA-PSO,0.4499535724905582,0.996,249,0.6822321375472092,0.056,0.6420973999775015
405_UAV_3D_250_users_connect.csv,250,4,I-WOA,0.435734127110774,1.0,250,0.6733293644461298,0.148,4.253097700013313
406_UAV_3D_300_users_connect.csv,300,4,GA,0.44729203726764655,1.0,300,0.7068731469951006,0.056666666666666664,1.1595034000347368
406_UAV_3D_300_users_connect.csv,300,4,PSO,0.45822516556291387,1.0,300,0.6688741721854304,0.04,0.8956479000044055
406_UAV_3D_300_users_connect.csv,300,4,WOA,0.42450953891002874,0.9966666666666667,299,0.7307856387831897,0.13666666666666666,0.677230299974326
406_UAV_3D_300_users_connect.csv,300,4,H-PSO-GA,0.45934718666698504,1.0,300,0.6699307333317414,0.03333333333333333,0.7394217000110075
406_UAV_3D_300_users_connect.csv,300,4,H-WOA-PSO,0.44001704464629077,1.0,300,0.7432481101018794,0.056666666666666664,0.7217466000001878
406_UAV_3D_300_users_connect.csv,300,4,I-WOA,0.45883975259143056,1.0,300,0.6724679037095137,0.03333333333333333,4.699617400008719
407_UAV_3D_350_users_connect.csv,350,4,GA,0.4455935543462965,0.9942857142857143,348,0.6863179425542315,0.06857142857142857,0.8381429000291973
407_UAV_3D_350_users_connect.csv,350,4,PSO,0.42377592322571084,1.0,350,0.7011203838714459,0.18,0.6671289999503642
407_UAV_3D_350_users_connect.csv,350,4,WOA,0.426786247578049,0.9885714285714285,346,0.6689259049668974,0.16285714285714287,0.7032419000170194
407_UAV_3D_350_users_connect.csv,350,4,H-PSO-GA,0.4267696853034766,0.9971428571428571,349,0.6975801449111878,0.16,0.689529700030107
407_UAV_3D_350_users_connect.csv,350,4,H-WOA-PSO,0.4276154030319154,0.9942857142857143,348,0.6933515562689941,0.15142857142857144,0.6213696000049822
407_UAV_3D_350_users_connect.csv,350,4,I-WOA,0.4284174241252256,0.9971428571428571,349,0.6950557365167285,0.15428571428571428,3.7346042999997735
412_UAV_3D_100_users_connect.csv,100,4,GA,0.3887553618140333,1.0,100,0.7062231909298333,0.35,0.6145558999851346
412_UAV_3D_100_users_connect.csv,100,4,PSO,0.4602251655629139,1.0,100,0.6688741721854304,0.03,0.5058114000130445
412_UAV_3D_100_users_connect.csv,100,4,WOA,0.4642251655629139,1.0,100,0.6688741721854304,0.01,0.5471325000398792
412_UAV_3D_100_users_connect.csv,100,4,H-PSO-GA,0.4570744291004617,1.0,100,0.6846278544976915,0.03,0.6175897000357509
412_UAV_3D_100_users_connect.csv,100,4,H-WOA-PSO,0.44335961828955917,1.0,100,0.7332019085522041,0.05,0.7732701999484561
412_UAV_3D_100_users_connect.csv,100,4,I-WOA,0.4086736483286947,1.0,100,0.6966317583565265,0.26,3.122660900000483
411_UAV_3D_50_users_connect.csv,50,4,GA,0.4357680569890767,1.0,50,0.6811597150546161,0.14,0.7170927000115626
411_UAV_3D_50_users_connect.csv,50,4,PSO,0.45022516556291386,1.0,50,0.6688741721854304,0.08,1.1527406999957748
411_UAV_3D_50_users_connect.csv,50,4,WOA,0.45312124329072345,1.0,50,0.6743937835463826,0.06,1.1608421999844722
411_UAV_3D_50_users_connect.csv,50,4,H-PSO-GA,0.4499180144369349,1.0,50,0.6704099278153252,0.08,1.1500771999708377
411_UAV_3D_50_users_connect.csv,50,4,H-WOA-PSO,0.45422516556291387,1.0,50,0.6688741721854304,0.06,0.5681640999973752
411_UAV_3D_50_users_connect.csv,50,4,I-WOA,0.4233497049122588,1.0,50,0.7032514754387057,0.18,4.517191399994772
421_UAV_3D_50_users_connect.csv,50,4,GA,0.4491128320276979,1.0,50,0.6944358398615101,0.06,0.6099574000108987
421_UAV_3D_50_users_connect.csv,50,4,PSO,0.43822516556291385,1.0,50,0.6688741721854304,0.14,0.49213310005143285
421_UAV_3D_50_users_connect.csv,50,4,WOA,0.43822516556291385,1.0,50,0.6688741721854304,0.14,0.5043679000227712
421_UAV_3D_50_users_connect.csv,50,4,H-PSO-GA,0.4368579702481441,1.0,50,0.675710148759279,0.14,0.5670791000011377
421_UAV_3D_50_users_connect.csv,50,4,H-WOA-PSO,0.43822516556291385,1.0,50,0.6688741721854304,0.14,0.5735598999890499
421_UAV_3D_50_users_connect.csv,50,4,I-WOA,0.4433699305935951,1.0,50,0.7031503470320244,0.08,4.567548400023952
415_UAV_3D_250_users_connect.csv,250,4,GA,0.44144841692799924,1.0,250,0.7087579153600039,0.084,0.8173839999944903
415_UAV_3D_250_users_connect.csv,250,4,PSO,0.4292189253167517,0.984,246,0.669905373416241,0.136,0.5926959000062197
415_UAV_3D_250_users_connect.csv,250,4,WOA,0.4085789467127178,1.0,250,0.7171052664364107,0.24,0.7429737999918871
415_UAV_3D_250_users_connect.csv,250,4,H-PSO-GA,0.4439337671853852,1.0,250,0.6923311640730738,0.088,0.7229919999954291
415_UAV_3D_250_users_connect.csv,250,4,H-WOA-PSO,0.428149695584126,0.996,249,0.6792515220793697,0.168,0.7767966000246815
415_UAV_3D_250_users_connect.csv,250,4,I-WOA,0.4165003631183982,0.996,249,0.6694981844080087,0.236,12.268513899995014
414_UAV_3D_200_users_connect.csv,200,4,GA,0.45211087979078357,1.0,200,0.7144456010460819,0.025,1.0227861999883316
414_UAV_3D_200_users_connect.csv,200,4,PSO,0.4562372030138133,0.995,199,0.6788139849309334,0.025,0.6085662000114098
414_UAV_3D_200_users_connect.csv,200,4,WOA,0.45199783316404574,0.995,199,0.6750108341797713,0.05,0.7615082999691367
414_UAV_3D_200_users_connect.csv,200,4,H-PSO-GA,0.45620405792876817,0.995,199,0.673979710356159,0.03,1.2226312000420876
414_UAV_3D_200_users_connect.csv,200,4,H-WOA-PSO,0.4541225845868083,0.995,199,0.674387077065958,0.04,0.6362390000140294
414_UAV_3D_200_users_connect.csv,200,4,I-WOA,0.44573844209362457,0.99,198,0.7163077895318769,0.025,11.997853600012604
409_UAV_3D_450_users_connect.csv,450,4,GA,0.43211813638881386,0.9933333333333333,447,0.6771870958337085,0.14222222222222222,0.8382668999838643
409_UAV_3D_450_users_connect.csv,450,4,PSO,0.447360163265905,0.9977777777777778,449,0.705421405892697,0.051111111111111114,0.5907869000220671
409_UAV_3D_450_users_connect.csv,450,4,WOA,0.44650230014500536,0.98,441,0.6697107214971955,0.03777777777777778,0.8291548999841325
409_UAV_3D_450_users_connect.csv,450,4,H-PSO-GA,0.4450035483945715,0.9866666666666667,444,0.6883155913604754,0.04666666666666667,0.8003221999970265
409_UAV_3D_450_users_connect.csv,450,4,H-WOA-PSO,0.4493362766740249,0.9822222222222222,442,0.6688741721854304,0.03111111111111111,0.9587505999952555
409_UAV_3D_450_users_connect.csv,450,4,I-WOA,0.44508121342797163,0.9844444444444445,443,0.6834828217490306,0.044444444444444446,13.728616600041278
408_UAV_3D_400_users_connect.csv,400,4,GA,0.4588766528477755,0.9975,399,0.6756167357611227,0.0225,1.293823699990753
408_UAV_3D_400_users_connect.csv,400,4,PSO,0.4197122257368861,0.9975,399,0.6689388713155696,0.225,1.1469520999817178
408_UAV_3D_400_users_connect.csv,400,4,WOA,0.4621530123176484,1.0,400,0.669234938411758,0.02,0.9565695999772288
408_UAV_3D_400_users_connect.csv,400,4,H-PSO-GA,0.4205573522370414,1.0,400,0.6697132388147932,0.2275,1.7183628000202589
408_UAV_3D_400_users_connect.csv,400,4,H-WOA-PSO,0.4612251655629139,1.0,400,0.6688741721854304,0.025,1.4521247000084259
408_UAV_3D_400_users_connect.csv,400,4,I-WOA,0.40850700896063125,0.99,396,0.6874649551968435,0.24,13.26238030003151
413_UAV_3D_150_users_connect.csv,150,4,GA,0.45736495615303646,1.0,150,0.6798418859014842,0.03333333333333333,1.2650770000182092
413_UAV_3D_150_users_connect.csv,150,4,PSO,0.44672270675452197,1.0,150,0.6863864662273897,0.08,1.139947499963455
413_UAV_3D_150_users_connect.csv,150,4,WOA,0.44995633280488884,1.0,150,0.6702183359755556,0.08,1.0038684000028297
413_UAV_3D_150_users_connect.csv,150,4,H-PSO-GA,0.3915502306529912,1.0,150,0.6755821800683771,0.36666666666666664,0.9667917999904603
413_UAV_3D_150_users_connect.csv,150,4,H-WOA-PSO,0.4543819455097364,1.0,150,0.6814236057846513,0.04666666666666667,0.5820965999737382
413_UAV_3D_150_users_connect.csv,150,4,I-WOA,0.44114422266073616,1.0,150,0.7076122200296525,0.08666666666666667,12.56021669995971
410_UAV_3D_500_users_connect.csv,500,4,GA,0.4588732485389687,1.0,500,0.6756337573051564,0.03,1.0947694999631494
410_UAV_3D_500_users_connect.csv,500,4,PSO,0.4122197336507866,1.0,500,0.6829013317460666,0.256,1.5747351000318304
410_UAV_3D_500_users_connect.csv,500,4,WOA,0.411531122985239,1.0,500,0.686344385073805,0.256,1.5796345000271685
410_UAV_3D_500_users_connect.csv,500,4,H-PSO-GA,0.4580006721203564,1.0,500,0.6779966393982179,0.032,1.1000555999926291
410_UAV_3D_500_users_connect.csv,500,4,H-WOA-PSO,0.4606251655629139,1.0,500,0.6688741721854304,0.028,0.7154521000338718
410_UAV_3D_500_users_connect.csv,500,4,I-WOA,0.40838344631668566,1.0,500,0.7100827684165718,0.248,13.200194000033662
416_UAV_3D_300_users_connect.csv,300,4,GA,0.44036924081813567,1.0,300,0.7081537959093214,0.09,1.3381236999994144
416_UAV_3D_300_users_connect.csv,300,4,PSO,0.4524737984233553,0.9966666666666667,299,0.6909643412165565,0.03666666666666667,0.699999799951911
416_UAV_3D_300_users_connect.csv,300,4,WOA,0.4423657725372449,0.9933333333333333,298,0.6848378039804421,0.08333333333333333,0.5730521000223234
416_UAV_3D_300_users_connect.csv,300,4,H-PSO-GA,0.453307484580779,1.0,300,0.6901292437627716,0.043333333333333335,0.645509599999059
416_UAV_3D_300_users_connect.csv,300,4,H-WOA-PSO,0.44775340612713715,0.9966666666666667,299,0.6778996360309807,0.07333333333333333,0.9833838000195101
416_UAV_3D_300_users_connect.csv,300,4,I-WOA,0.4415788585815605,0.9966666666666667,299,0.6887723737588639,0.09333333333333334,12.302391099976376
417_UAV_3D_350_users_connect.csv,350,4,GA,0.42558458733196347,1.0,350,0.6835056347687541,0.18857142857142858,0.8450202000094578
417_UAV_3D_350_users_connect.csv,350,4,PSO,0.454766955163476,0.9942857142857143,348,0.6775937956111913,0.03142857142857143,0.5983749000006355
417_UAV_3D_350_users_connect.csv,350,4,WOA,0.4529294995412836,1.0,350,0.6896382165792962,0.045714285714285714,0.6705782000208274
417_UAV_3D_350_users_connect.csv,350,4,H-PSO-GA,0.4551843980154374,0.9971428571428571,349,0.6783637242085266,0.037142857142857144,1.028059599979315
417_UAV_3D_350_users_connect.csv,350,4,H-WOA-PSO,0.456746273398881,0.9971428571428571,349,0.6762686330055945,0.03142857142857143,1.0087196999811567
417_UAV_3D_350_users_connect.csv,350,4,I-WOA,0.45471762829348306,1.0,350,0.7064118585325847,0.02,13.260984000051394
419_UAV_3D_450_users_connect.csv,450,4,GA,0.4487031221889598,1.0,450,0.7053732779440895,0.051111111111111114,0.789323000004515
419_UAV_3D_450_users_connect.csv,450,4,PSO,0.44506285219156067,0.9888888888888889,445,0.6769079612644189,0.06444444444444444,0.6609989000135101
419_UAV_3D_450_users_connect.csv,450,4,WOA,0.4500122043700328,0.9977777777777778,449,0.6810500892609471,0.06222222222222222,0.7236450999625959
419_UAV_3D_450_users_connect.csv,450,4,H-PSO-GA,0.45334707884701914,0.9955555555555555,448,0.6777090502093484,0.042222222222222223,1.119297800003551
419_UAV_3D_450_users_connect.csv,450,4,H-WOA-PSO,0.4435582387398001,0.9933333333333333,447,0.6688754729676659,0.09333333333333334,1.167882100038696
419_UAV_3D_450_users_connect.csv,450,4,I-WOA,0.4341209881405436,0.9822222222222222,442,0.7293950592972814,0.04666666666666667,15.090400399989448
420_UAV_3D_500_users_connect.csv,500,4,GA,0.40414957851595523,1.0,500,0.7072521074202237,0.272,1.1128739999840036
420_UAV_3D_500_users_connect.csv,500,4,PSO,0.441863918723649,0.998,499,0.678680406381755,0.106,1.0115792999858968
420_UAV_3D_500_users_connect.csv,500,4,WOA,0.4305586560862528,0.996,498,0.7512067195687359,0.084,0.9669879000284709
420_UAV_3D_500_users_connect.csv,500,4,H-PSO-GA,0.44341892683095757,0.994,497,0.6769053658452115,0.088,0.8190994000178762
420_UAV_3D_500_users_connect.csv,500,4,H-WOA-PSO,0.4452712951177289,0.998,499,0.7216435244113556,0.046,0.7832061999943107
420_UAV_3D_500_users_connect.csv,500,4,I-WOA,0.43600879308910545,0.994,497,0.6779560345544724,0.124,15.718352399999276
422_UAV_3D_100_users_connect.csv,100,4,GA,0.4000433772906698,1.0,100,0.6697831135466508,0.33,1.164965400006622
422_UAV_3D_100_users_connect.csv,100,4,PSO,0.4560755664312792,1.0,100,0.6696221678436038,0.05,0.6750411000102758
422_UAV_3D_100_users_connect.csv,100,4,WOA,0.43068999503298777,1.0,100,0.6965500248350609,0.15,0.9986116000218317
422_UAV_3D_100_users_connect.csv,100,4,H-PSO-GA,0.4439676295048639,1.0,100,0.6701618524756803,0.11,0.8193410999956541
422_UAV_3D_100_users_connect.csv,100,4,H-WOA-PSO,0.44373813237085363,1.0,100,0.6713093381457316,0.11,0.7738312000292353
422_UAV_3D_100_users_connect.csv,100,4,I-WOA,0.4376547526618626,1.0,100,0.6817262366906868,0.13,5.766932400001679
431_UAV_3D_50_users_connect.csv,50,4,GA,0.4567946863505653,1.0,50,0.6960265682471731,0.02,0.5297662999946624
431_UAV_3D_50_users_connect.csv,50,4,PSO,0.4062251655629139,1.0,50,0.6688741721854304,0.3,0.4577119000023231
431_UAV_3D_50_users_connect.csv,50,4,WOA,0.4493229001915933,1.0,50,0.7133854990420332,0.04,0.4627932999865152
431_UAV_3D_50_users_connect.csv,50,4,H-PSO-GA,0.40589077572963295,1.0,50,0.6705461213518351,0.3,0.5197974999900907
431_UAV_3D_50_users_connect.csv,50,4,H-WOA-PSO,0.4062251655629139,1.0,50,0.6688741721854304,0.3,0.5346449000062421
431_UAV_3D_50_users_connect.csv,50,4,I-WOA,0.40089878150619257,1.0,50,0.6955060924690372,0.3,2.8248601999948733
418_UAV_3D_400_users_connect.csv,400,4,GA,0.4406452349988338,1.0,400,0.701773825005831,0.095,0.7681493000127375
418_UAV_3D_400_users_connect.csv,400,4,PSO,0.44400130889533496,1.0,400,0.692493455523325,0.0875,0.5932285999879241
418_UAV_3D_400_users_connect.csv,400,4,WOA,0.442824209888196,0.9925,397,0.67087895055902,0.0925,0.7288410000037402
418_UAV_3D_400_users_connect.csv,400,4,H-PSO-GA,0.44219094741653525,0.9975,399,0.6890452629173236,0.0925,1.1092861000215635
418_UAV_3D_400_users_connect.csv,400,4,H-WOA-PSO,0.44377229825881054,1.0,400,0.693638508705947,0.0875,1.1779314000159502
418_UAV_3D_400_users_connect.csv,400,4,I-WOA,0.44487758591149645,0.995,398,0.6731120704425175,0.0875,21.32341610000003
423_UAV_3D_150_users_connect.csv,150,4,GA,0.4579525134544231,1.0,150,0.6902374327278842,0.02,1.2430578999919817
423_UAV_3D_150_users_connect.csv,150,4,PSO,0.4619776322419036,1.0,150,0.6701118387904821,0.02,0.5337247999850661
423_UAV_3D_150_users_connect.csv,150,4,WOA,0.45180623655440716,1.0,150,0.7076354838946307,0.03333333333333333,0.6251225000014529
423_UAV_3D_150_users_connect.csv,150,4,H-PSO-GA,0.45678602151309405,1.0,150,0.689403225767863,0.02666666666666667,0.6544246000121348
423_UAV_3D_150_users_connect.csv,150,4,H-WOA-PSO,0.4648918322295805,1.0,150,0.6688741721854304,0.006666666666666667,0.776620099961292
423_UAV_3D_150_users_connect.csv,150,4,I-WOA,0.4515013303196887,1.0,150,0.6958266817348897,0.04666666666666667,10.453743300051428
425_UAV_3D_250_users_connect.csv,250,4,GA,0.4549331942965189,1.0,250,0.6853340285174051,0.04,1.1391036999993958
425_UAV_3D_250_users_connect.csv,250,4,PSO,0.45737963711164564,1.0,250,0.6731018144417716,0.04,1.0172866000211798
425_UAV_3D_250_users_connect.csv,250,4,WOA,0.45336378725221593,0.992,248,0.6691810637389202,0.04,1.2945694000227377
425_UAV_3D_250_users_connect.csv,250,4,H-PSO-GA,0.45541498505410927,1.0,250,0.6789250747294536,0.044,0.6360366999870166
425_UAV_3D_250_users_connect.csv,250,4,H-WOA-PSO,0.45684140030669773,1.0,250,0.6757929984665111,0.04,0.6788134999806061
425_UAV_3D_250_users_connect.csv,250,4,I-WOA,0.4561380005552026,1.0,250,0.6793099972239868,0.04,10.991960200015455
424_UAV_3D_200_users_connect.csv,200,4,GA,0.4429120948383949,0.995,199,0.6954395258080251,0.075,1.3657078999676742
424_UAV_3D_200_users_connect.csv,200,4,PSO,0.45622516556291387,1.0,200,0.6688741721854304,0.05,0.6698248999891803
424_UAV_3D_200_users_connect.csv,200,4,WOA,0.4515627477849984,1.0,200,0.6821862610750078,0.06,1.3009596000192687
424_UAV_3D_200_users_connect.csv,200,4,H-PSO-GA,0.4540704816167741,1.0,200,0.6796475919161291,0.05,0.8334993999451399
424_UAV_3D_200_users_connect.csv,200,4,H-WOA-PSO,0.45422516556291387,0.995,199,0.6688741721854304,0.045,0.6562632999848574
424_UAV_3D_200_users_connect.csv,200,4,I-WOA,0.45598338999159427,1.0,200,0.6700830500420286,0.05,11.479680299991742
426_UAV_3D_300_users_connect.csv,300,4,GA,0.42736312863081205,1.0,300,0.6931843568459393,0.17,1.1814857000135817
426_UAV_3D_300_users_connect.csv,300,4,PSO,0.4546912184389126,1.0,300,0.6865439078054367,0.04,1.1951328999712132
426_UAV_3D_300_users_connect.csv,300,4,WOA,0.4284900478713696,0.9933333333333333,298,0.6808830939764853,0.15666666666666668,1.0057906999718398
426_UAV_3D_300_users_connect.csv,300,4,H-PSO-GA,0.4274061529146391,0.9966666666666667,299,0.6963025687601377,0.15666666666666668,0.8054871000349522
426_UAV_3D_300_users_connect.csv,300,4,H-WOA-PSO,0.43000845129930615,1.0,300,0.6866244101701358,0.16333333333333333,0.7180112000205554
426_UAV_3D_300_users_connect.csv,300,4,I-WOA,0.4208917794574265,0.98,294,0.6688744360462008,0.16666666666666666,11.425420899991877
432_UAV_3D_100_users_connect.csv,100,4,GA,0.4491076488891911,1.0,100,0.6844617555540445,0.07,0.5396548000280745
432_UAV_3D_100_users_connect.csv,100,4,PSO,0.4417043554879797,1.0,100,0.6814782225601012,0.11,0.47890809999080375
432_UAV_3D_100_users_connect.csv,100,4,WOA,0.4432088670665698,1.0,100,0.6739556646671506,0.11,0.48852370004169643
432_UAV_3D_100_users_connect.csv,100,4,H-PSO-GA,0.44987891030601723,1.0,100,0.6806054484699137,0.07,0.5933534999494441
432_UAV_3D_100_users_connect.csv,100,4,H-WOA-PSO,0.44422516556291386,1.0,100,0.6688741721854304,0.11,0.6749187000095844
432_UAV_3D_100_users_connect.csv,100,4,I-WOA,0.443272293884326,1.0,100,0.67363853057837,0.11,4.346513499971479
427_UAV_3D_350_users_connect.csv,350,4,GA,0.45584328117858225,1.0,350,0.6893550226785173,0.03142857142857143,0.96969940001145
427_UAV_3D_350_users_connect.csv,350,4,PSO,0.459422881873168,1.0,350,0.6743141620627312,0.02857142857142857,0.6649717999971472
427_UAV_3D_350_users_connect.csv,350,4,WOA,0.45764024981022194,1.0,350,0.6775130366631761,0.03428571428571429,1.158966600021813
427_UAV_3D_350_users_connect.csv,350,4,H-PSO-GA,0.45910848243827623,1.0,350,0.6758861592371899,0.02857142857142857,0.7902531999861822
427_UAV_3D_350_users_connect.csv,350,4,H-WOA-PSO,0.45936550739612336,1.0,350,0.6746010344479544,0.02857142857142857,0.7629629999864846
427_UAV_3D_350_users_connect.csv,350,4,I-WOA,0.4590093089419577,1.0,350,0.6792391695759256,0.025714285714285714,11.834516100003384
428_UAV_3D_400_users_connect.csv,400,4,GA,0.4397765690892674,1.0,400,0.723617154553663,0.0775,1.2538612999487668
428_UAV_3D_400_users_connect.csv,400,4,PSO,0.4436457611473323,1.0,400,0.6892711942633384,0.0925,0.9163632999989204
428_UAV_3D_400_users_connect.csv,400,4,WOA,0.41951068365115773,0.97,388,0.677446581744211,0.135,0.7665209000115283
428_UAV_3D_400_users_connect.csv,400,4,H-PSO-GA,0.42512173831019706,0.9775,391,0.6693913084490146,0.1375,0.7434887000126764
428_UAV_3D_400_users_connect.csv,400,4,H-WOA-PSO,0.4302251655629139,0.9925,397,0.6688741721854304,0.1575,0.7209037999855354
428_UAV_3D_400_users_connect.csv,400,4,I-WOA,0.4370499794833853,0.99,396,0.6797501025830733,0.105,11.222355799982324
429_UAV_3D_450_users_connect.csv,450,4,GA,0.45196848169050347,1.0,450,0.6934909248808158,0.04666666666666667,1.4098944999859668
429_UAV_3D_450_users_connect.csv,450,4,PSO,0.45637576110227895,1.0,450,0.6803434167108273,0.03777777777777778,0.7596410000114702
429_UAV_3D_450_users_connect.csv,450,4,WOA,0.4513544117699708,0.9977777777777778,449,0.6765612744834794,0.06,0.701374800002668
429_UAV_3D_450_users_connect.csv,450,4,H-PSO-GA,0.45348795749059506,1.0,450,0.6792268792136912,0.05333333333333334,0.7191334000090137
429_UAV_3D_450_users_connect.csv,450,4,H-WOA-PSO,0.4563433224361086,1.0,450,0.6760611655972348,0.042222222222222223,0.707042999973055
429_UAV_3D_450_users_connect.csv,450,4,I-WOA,0.44853307369600887,1.0,450,0.6728901870755111,0.08444444444444445,11.53239670000039
430_UAV_3D_500_users_connect.csv,500,4,GA,0.4428833475990287,1.0,500,0.7135832620048562,0.072,0.7960103999939747
430_UAV_3D_500_users_connect.csv,500,4,PSO,0.43354983161370164,0.998,499,0.6862508419314917,0.14,0.6917570000514388
430_UAV_3D_500_users_connect.csv,500,4,WOA,0.43172307214642713,0.988,494,0.6693846392678642,0.136,0.6824682000442408
430_UAV_3D_500_users_connect.csv,500,4,H-PSO-GA,0.43061133427034654,0.996,498,0.6869433286482673,0.148,0.723342000041157
430_UAV_3D_500_users_connect.csv,500,4,H-WOA-PSO,0.4336987784193484,0.994,497,0.6735061079032575,0.14,0.7201359000173397
430_UAV_3D_500_users_connect.csv,500,4,I-WOA,0.430047877107402,0.992,496,0.6797606144629899,0.146,10.836752100032754
433_UAV_3D_150_users_connect.csv,150,4,GA,0.4581564041270774,1.0,150,0.6758846460312793,0.03333333333333333,0.5627401999663562
433_UAV_3D_150_users_connect.csv,150,4,PSO,0.4587957309764238,1.0,150,0.6726880117845476,0.03333333333333333,0.500882400025148
433_UAV_3D_150_users_connect.csv,150,4,WOA,0.45781564040536454,1.0,150,0.677588464639844,0.03333333333333333,0.5291314000496641
433_UAV_3D_150_users_connect.csv,150,4,H-PSO-GA,0.4574054495808659,1.0,150,0.6796394187623371,0.03333333333333333,0.5289707999909297
433_UAV_3D_150_users_connect.csv,150,4,H-WOA-PSO,0.4585287283997729,1.0,150,0.6740230246678022,0.03333333333333333,0.6343318999861367
433_UAV_3D_150_users_connect.csv,150,4,I-WOA,0.4569566859883512,1.0,150,0.6818832367249107,0.03333333333333333,8.489478500036057
441_UAV_3D_50_users_connect.csv,50,4,GA,0.45710992654191085,1.0,50,0.6744503672904455,0.04,0.5873514999984764
441_UAV_3D_50_users_connect.csv,50,4,PSO,0.45422516556291387,1.0,50,0.6688741721854304,0.06,0.48678150004707277
441_UAV_3D_50_users_connect.csv,50,4,WOA,0.45022516556291386,1.0,50,0.6688741721854304,0.08,1.0057619999861345
441_UAV_3D_50_users_connect.csv,50,4,H-PSO-GA,0.45022516556291386,1.0,50,0.6688741721854304,0.08,1.020392799982801
441_UAV_3D_50_users_connect.csv,50,4,H-WOA-PSO,0.45022516556291386,1.0,50,0.6688741721854304,0.08,0.9626887000049464
441_UAV_3D_50_users_connect.csv,50,4,I-WOA,0.45022516556291386,1.0,50,0.6688741721854304,0.08,1.6229458000161685
434_UAV_3D_200_users_connect.csv,200,4,GA,0.4398670685275251,1.0,200,0.6856646573623743,0.115,0.6108914000215009
434_UAV_3D_200_users_connect.csv,200,4,PSO,0.445517509908685,1.0,200,0.6774124504565746,0.095,0.6136919999844395
434_UAV_3D_200_users_connect.csv,200,4,WOA,0.44522516556291386,0.995,199,0.6688741721854304,0.09,0.6129361999919638
434_UAV_3D_200_users_connect.csv,200,4,H-PSO-GA,0.44447579813316096,1.0,200,0.682621009334195,0.095,0.6383524999837391
434_UAV_3D_200_users_connect.csv,200,4,H-WOA-PSO,0.44522516556291386,0.995,199,0.6688741721854304,0.09,0.8957638000138104
434_UAV_3D_200_users_connect.csv,200,4,I-WOA,0.4441324274645815,0.995,199,0.6693378626770925,0.095,7.204402200004552
435_UAV_3D_250_users_connect.csv,250,4,GA,0.44427573492500966,1.0,250,0.6946213253749517,0.084,0.7180126000312157
435_UAV_3D_250_users_connect.csv,250,4,PSO,0.45074683822701844,1.0,250,0.6702658088649075,0.076,0.607601199997589
435_UAV_3D_250_users_connect.csv,250,4,WOA,0.4439247517618592,1.0,250,0.7043762411907039,0.076,0.6477466999785975
435_UAV_3D_250_users_connect.csv,250,4,H-PSO-GA,0.4482495906178601,1.0,250,0.6707520469106993,0.088,1.2775231000268832
435_UAV_3D_250_users_connect.csv,250,4,H-WOA-PSO,0.4474142821293914,0.996,249,0.6749285893530432,0.076,1.2534598000347614
435_UAV_3D_250_users_connect.csv,250,4,I-WOA,0.44898101296554394,1.0,250,0.6750949351722801,0.08,6.262435099983122
442_UAV_3D_100_users_connect.csv,100,4,GA,0.45442766482630015,1.0,100,0.6878616758684992,0.04,1.3233367000357248
442_UAV_3D_100_users_connect.csv,100,4,PSO,0.45822516556291387,1.0,100,0.6688741721854304,0.04,0.9402949999785051
442_UAV_3D_100_users_connect.csv,100,4,WOA,0.45775910859601254,1.0,100,0.6712044570199371,0.04,0.7961634999956004
442_UAV_3D_100_users_connect.csv,100,4,H-PSO-GA,0.45820710210747895,1.0,100,0.6689644894626052,0.04,1.0451415000134148
442_UAV_3D_100_users_connect.csv,100,4,H-WOA-PSO,0.45822516556291387,1.0,100,0.6688741721854304,0.04,0.8175651000346988
442_UAV_3D_100_users_connect.csv,100,4,I-WOA,0.44559990327283316,1.0,100,0.6920004836358341,0.08,2.26582780003082
443_UAV_3D_150_users_connect.csv,150,4,GA,0.4478338115879201,1.0,150,0.7074976087270659,0.05333333333333334,1.2801608999725431
443_UAV_3D_150_users_connect.csv,150,4,PSO,0.4568918322295805,1.0,150,0.6688741721854304,0.04666666666666667,0.9309342000051402
443_UAV_3D_150_users_connect.csv,150,4,WOA,0.4536472377157087,1.0,150,0.6717638114214562,0.06,0.8509932999731973
443_UAV_3D_150_users_connect.csv,150,4,H-PSO-GA,0.4515799634516617,1.0,150,0.688766849408358,0.05333333333333334,0.5543753000092693
443_UAV_3D_150_users_connect.csv,150,4,H-WOA-PSO,0.4555584988962472,1.0,150,0.6688741721854304,0.05333333333333334,0.49020920001203194
443_UAV_3D_150_users_connect.csv,150,4,I-WOA,0.44718049314035957,0.9933333333333333,149,0.6907642009648687,0.05333333333333334,4.015372699999716
436_UAV_3D_300_users_connect.csv,300,4,GA,0.4475837182494685,0.9933333333333333,298,0.6920814087526571,0.05,0.658513700007461
436_UAV_3D_300_users_connect.csv,300,4,PSO,0.4543465442978159,1.0,300,0.684933945177587,0.043333333333333335,0.4604286999674514
436_UAV_3D_300_users_connect.csv,300,4,WOA,0.4525990092329816,0.9966666666666667,299,0.6870049538350919,0.04,0.8036347000161186
436_UAV_3D_300_users_connect.csv,300,4,H-PSO-GA,0.4519137509033335,1.0,300,0.6837645788166659,0.056666666666666664,0.5358465000172146
436_UAV_3D_300_users_connect.csv,300,4,H-WOA-PSO,0.4575584988962472,0.9966666666666667,299,0.6688741721854304,0.03333333333333333,0.7113186999922618
436_UAV_3D_300_users_connect.csv,300,4,I-WOA,0.450910391385342,1.0,300,0.7187813764066229,0.02666666666666667,9.523611900047399
440_UAV_3D_500_users_connect.csv,500,4,GA,0.45044806698688966,0.998,499,0.7077596650655518,0.034,0.7274021999910474
440_UAV_3D_500_users_connect.csv,500,4,PSO,0.4521283640823006,1.0,500,0.6893581795884965,0.05,0.6545739999855869
440_UAV_3D_500_users_connect.csv,500,4,WOA,0.4529747726885626,1.0,500,0.7051261365571867,0.03,1.3488779999897815
440_UAV_3D_500_users_connect.csv,500,4,H-PSO-GA,0.4441755068413214,0.988,494,0.689122465793393,0.054,1.0974923999747261
440_UAV_3D_500_users_connect.csv,500,4,H-WOA-PSO,0.4516259074022846,0.998,499,0.6898704629885772,0.046,0.6046583999996074
440_UAV_3D_500_users_connect.csv,500,4,I-WOA,0.4519776239430177,1.0,500,0.7081118802849111,0.032,6.620858300011605
437_UAV_3D_350_users_connect.csv,350,4,GA,0.43398216236570164,0.9914285714285714,347,0.7043749024572059,0.1,1.1797109000035562
437_UAV_3D_350_users_connect.csv,350,4,PSO,0.45049406513021406,1.0,350,0.7075296743489297,0.04,0.8877339000464417
437_UAV_3D_350_users_connect.csv,350,4,WOA,0.44317612450942034,1.0,350,0.7469765203100408,0.037142857142857144,1.1693098000250757
437_UAV_3D_350_users_connect.csv,350,4,H-PSO-GA,0.45389529190179634,1.0,350,0.6848092547767326,0.045714285714285714,1.2451715000206605
437_UAV_3D_350_users_connect.csv,350,4,H-WOA-PSO,0.4476579441554623,1.0,350,0.6988531363655456,0.06285714285714286,1.2253879000199959
437_UAV_3D_350_users_connect.csv,350,4,I-WOA,0.45194670232358336,1.0,350,0.7031236312392257,0.037142857142857144,6.25360549998004
444_UAV_3D_200_users_connect.csv,200,4,GA,0.4305147651181286,1.0,200,0.692426174409357,0.155,1.191045799991116
444_UAV_3D_200_users_connect.csv,200,4,PSO,0.4335103694327231,0.995,199,0.6774481528363843,0.14,0.9909893999574706
444_UAV_3D_200_users_connect.csv,200,4,WOA,0.43582944297365334,1.0,200,0.6758527851317332,0.145,0.951814700034447
444_UAV_3D_200_users_connect.csv,200,4,H-PSO-GA,0.432127541991876,1.0,200,0.68436229004062,0.155,0.820255399972666
444_UAV_3D_200_users_connect.csv,200,4,H-WOA-PSO,0.43567891739713527,1.0,200,0.6816054130143233,0.14,1.0785748999915086
444_UAV_3D_200_users_connect.csv,200,4,I-WOA,0.43492769105529205,1.0,200,0.6753615447235393,0.15,4.745930499979295
438_UAV_3D_400_users_connect.csv,400,4,GA,0.41513517161483526,0.985,394,0.6918241419258238,0.1875,0.740055600006599
438_UAV_3D_400_users_connect.csv,400,4,PSO,0.45230878882095743,0.9975,399,0.6709560558952129,0.06,0.6190307999495417
438_UAV_3D_400_users_connect.csv,400,4,WOA,0.44332282117456145,0.9875,395,0.6758858941271929,0.07,1.4125095000490546
438_UAV_3D_400_users_connect.csv,400,4,H-PSO-GA,0.4281896444744626,0.985,394,0.6715517776276868,0.1425,1.3076575000304729
438_UAV_3D_400_users_connect.csv,400,4,H-WOA-PSO,0.44048256549319,0.99,396,0.67758717253405,0.09,1.3070380999706686
438_UAV_3D_400_users_connect.csv,400,4,I-WOA,0.4373314296330244,0.99,396,0.6933428518348778,0.09,7.353464100044221
445_UAV_3D_250_users_connect.csv,250,4,GA,0.4468746341105114,1.0,250,0.7136268294474426,0.052,1.0713326000259258
445_UAV_3D_250_users_connect.csv,250,4,PSO,0.4274817492048394,1.0,250,0.686591253975803,0.176,0.797096700000111
445_UAV_3D_250_users_connect.csv,250,4,WOA,0.43624170438413695,1.0,250,0.7467914780793149,0.072,1.0183481000130996
445_UAV_3D_250_users_connect.csv,250,4,H-PSO-GA,0.4498095757224788,1.0,250,0.6909521213876058,0.06,0.855486300017219
445_UAV_3D_250_users_connect.csv,250,4,H-WOA-PSO,0.44370868378067807,0.996,249,0.6774565810966099,0.092,1.2142004999914207
445_UAV_3D_250_users_connect.csv,250,4,I-WOA,0.42524235504609204,0.996,249,0.6737882247695398,0.188,5.141592500032857
439_UAV_3D_450_users_connect.csv,450,4,GA,0.4348942710424485,0.9977777777777778,449,0.7010842003433131,0.11777777777777777,1.4763114000088535
439_UAV_3D_450_users_connect.csv,450,4,PSO,0.4545315760803605,1.0,450,0.6895643418204197,0.03777777777777778,1.3580542000127025
439_UAV_3D_450_users_connect.csv,450,4,WOA,0.44068041663283036,1.0,450,0.6921534723914036,0.10444444444444445,1.210566400026437
439_UAV_3D_450_users_connect.csv,450,4,H-PSO-GA,0.4572943086755242,0.9977777777777778,449,0.6735284566223793,0.03333333333333333,1.3248534000013024
439_UAV_3D_450_users_connect.csv,450,4,H-WOA-PSO,0.44571877203531995,1.0,450,0.7047394731567334,0.06666666666666667,0.957297999993898
439_UAV_3D_450_users_connect.csv,450,4,I-WOA,0.4403792788340769,0.9955555555555555,448,0.7136591613851705,0.07111111111111111,8.905066400009673
451_UAV_3D_50_users_connect.csv,50,4,GA,0.4358026932056105,1.0,50,0.6809865339719472,0.14,0.7944862000294961
451_UAV_3D_50_users_connect.csv,50,4,PSO,0.43351219664145263,1.0,50,0.6924390167927366,0.14,0.36412510002264753
451_UAV_3D_50_users_connect.csv,50,4,WOA,0.4408683102832147,1.0,50,0.675658448583926,0.12,0.772978900000453
451_UAV_3D_50_users_connect.csv,50,4,H-PSO-GA,0.4451492500278774,1.0,50,0.6742537498606125,0.1,0.9164604000397958
451_UAV_3D_50_users_connect.csv,50,4,H-WOA-PSO,0.44622516556291386,1.0,50,0.6688741721854304,0.1,1.0262851000297815
451_UAV_3D_50_users_connect.csv,50,4,I-WOA,0.43336665498110705,1.0,50,0.7131667250944645,0.12,2.42160880001029
452_UAV_3D_100_users_connect.csv,100,4,GA,0.43927733299124316,1.0,100,0.7136133350437839,0.09,0.8831835999735631
452_UAV_3D_100_users_connect.csv,100,4,PSO,0.4539803664831662,1.0,100,0.6700981675841686,0.06,0.8120825999649242
452_UAV_3D_100_users_connect.csv,100,4,WOA,0.4528192560248302,1.0,100,0.6859037198758487,0.05,1.0105946999974549
452_UAV_3D_100_users_connect.csv,100,4,H-PSO-GA,0.45314339413139504,1.0,100,0.6842830293430245,0.05,0.8539499000180513
452_UAV_3D_100_users_connect.csv,100,4,H-WOA-PSO,0.4559166671519903,1.0,100,0.6704166642400484,0.05,0.8719846000312828
452_UAV_3D_100_users_connect.csv,100,4,I-WOA,0.45822516556291387,1.0,100,0.6688741721854304,0.04,1.941747699980624
447_UAV_3D_350_users_connect.csv,350,4,GA,0.4247375810286187,0.9971428571428571,349,0.7020263805711917,0.1657142857142857,1.1749284000252374
447_UAV_3D_350_users_connect.csv,350,4,PSO,0.4502119901135593,1.0,350,0.6689400494322034,0.08,0.8428608000394888
447_UAV_3D_350_users_connect.csv,350,4,WOA,0.41532514070067456,0.9857142857142858,345,0.7462314393537698,0.13428571428571429,1.1350622000172734
447_UAV_3D_350_users_connect.csv,350,4,H-PSO-GA,0.44627166710606303,0.9971428571428571,349,0.6772130930411128,0.08285714285714285,1.0226742000086233
447_UAV_3D_350_users_connect.csv,350,4,H-WOA-PSO,0.4494343591562876,1.0,350,0.6928282042185618,0.06,1.1516600999748334
447_UAV_3D_350_users_connect.csv,350,4,I-WOA,0.4317832848042471,0.9914285714285714,347,0.6753692902644785,0.14,7.2538506999844685
446_UAV_3D_300_users_connect.csv,300,4,GA,0.44355240475148067,1.0,300,0.7089046429092631,0.07333333333333333,1.1641603999887593
446_UAV_3D_300_users_connect.csv,300,4,PSO,0.4496834599995859,1.0,300,0.7015827000020703,0.05,0.8315767999738455
446_UAV_3D_300_users_connect.csv,300,4,WOA,0.45754266816414035,1.0,300,0.6722866591792982,0.04,1.098967400030233
446_UAV_3D_300_users_connect.csv,300,4,H-PSO-GA,0.4555470142156779,1.0,300,0.6755982622549436,0.04666666666666667,0.9219040999887511
446_UAV_3D_300_users_connect.csv,300,4,H-WOA-PSO,0.4641653671219915,1.0,300,0.669173164390042,0.01,1.1569061999907717
446_UAV_3D_300_users_connect.csv,300,4,I-WOA,0.4488842290873502,1.0,300,0.7122455212299156,0.043333333333333335,8.21031180000864
453_UAV_3D_150_users_connect.csv,150,4,GA,0.4421627050534368,1.0,150,0.6958531413994825,0.09333333333333334,1.0007312999805436
453_UAV_3D_150_users_connect.csv,150,4,PSO,0.4576356563016195,1.0,150,0.6718217184919021,0.04,0.8465000000433065
453_UAV_3D_150_users_connect.csv,150,4,WOA,0.4152516893039759,0.9866666666666667,148,0.7037415534801206,0.18,1.0844206000328995
453_UAV_3D_150_users_connect.csv,150,4,H-PSO-GA,0.46320540807852867,1.0,150,0.6706396262740233,0.013333333333333334,0.9458203999674879
453_UAV_3D_150_users_connect.csv,150,4,H-WOA-PSO,0.45503104045358894,0.9933333333333333,149,0.6781781310653882,0.02666666666666667,0.8456702999537811
453_UAV_3D_150_users_connect.csv,150,4,I-WOA,0.4539157878316688,0.9933333333333333,149,0.6770877275083226,0.03333333333333333,3.7347742000129074
449_UAV_3D_450_users_connect.csv,450,4,GA,0.4200363805749445,0.9955555555555555,448,0.6975958749030547,0.18888888888888888,1.1015195999643765
449_UAV_3D_450_users_connect.csv,450,4,PSO,0.42210691467737255,0.9955555555555555,448,0.6850209821686926,0.19111111111111112,0.5282217999920249
449_UAV_3D_450_users_connect.csv,450,4,WOA,0.43366887423841055,1.0,450,0.751655628807947,0.08,0.5238113999948837
449_UAV_3D_450_users_connect.csv,450,4,H-PSO-GA,0.4200575967548045,1.0,450,0.6952675717815332,0.20444444444444446,0.6824321000021882
449_UAV_3D_450_users_connect.csv,450,4,H-WOA-PSO,0.4212569483678196,0.9933333333333333,447,0.6759374803831243,0.19777777777777777,1.2018597000278533
449_UAV_3D_450_users_connect.csv,450,4,I-WOA,0.4187184722917747,0.9977777777777778,449,0.693074305207793,0.20666666666666667,7.847595400002319
448_UAV_3D_400_users_connect.csv,400,4,GA,0.45009881990602396,0.9975,399,0.7020059004698801,0.04,1.0002100999699906
448_UAV_3D_400_users_connect.csv,400,4,PSO,0.4550303177531658,1.0,400,0.6848484112341705,0.04,1.1782873999909498
448_UAV_3D_400_users_connect.csv,400,4,WOA,0.45012350625257685,1.0,400,0.7118824687371154,0.0375,0.8784750000340864
448_UAV_3D_400_users_connect.csv,400,4,H-PSO-GA,0.45341893664467964,0.9975,399,0.6829053167766017,0.0425,1.1589049000176601
448_UAV_3D_400_users_connect.csv,400,4,H-WOA-PSO,0.4557251655629139,0.9975,399,0.6688741721854304,0.045,1.215834399976302
448_UAV_3D_400_users_connect.csv,400,4,I-WOA,0.4452174130275681,0.985,394,0.673912934862159,0.055,7.311053699988406
450_UAV_3D_500_users_connect.csv,500,4,GA,0.45189950553820873,1.0,500,0.6985024723089561,0.042,1.21383630001219
450_UAV_3D_500_users_connect.csv,500,4,PSO,0.45571529677459477,0.994,497,0.6734235161270259,0.03,0.7160492999828421
450_UAV_3D_500_users_connect.csv,500,4,WOA,0.45163041712753366,0.996,498,0.7058479143623316,0.024,0.5304545999970287
450_UAV_3D_500_users_connect.csv,500,4,H-PSO-GA,0.4590660581013648,0.998,499,0.6726697094931761,0.026,0.6314509999938309
450_UAV_3D_500_users_connect.csv,500,4,H-WOA-PSO,0.4606251655629139,1.0,500,0.6688741721854304,0.028,0.613197400001809
450_UAV_3D_500_users_connect.csv,500,4,I-WOA,0.45203009592779675,0.992,496,0.6698495203610161,0.046,7.037298599956557
454_UAV_3D_200_users_connect.csv,200,4,GA,0.3969903674647239,1.0,200,0.7200481626763806,0.295,1.0167090999893844
454_UAV_3D_200_users_connect.csv,200,4,PSO,0.4622251655629139,0.995,199,0.6688741721854304,0.005,1.060148400021717
454_UAV_3D_200_users_connect.csv,200,4,WOA,0.4506636536313017,0.995,199,0.7116817318434913,0.02,0.9736302000237629
454_UAV_3D_200_users_connect.csv,200,4,H-PSO-GA,0.44247732228660175,1.0,200,0.722613388566991,0.065,0.8744641999946907
454_UAV_3D_200_users_connect.csv,200,4,H-WOA-PSO,0.4456611877066389,1.0,200,0.6966940614668055,0.075,0.7327479000086896
454_UAV_3D_200_users_connect.csv,200,4,I-WOA,0.4631444777902025,1.0,200,0.6692776110489874,0.015,4.268946199968923
455_UAV_3D_250_users_connect.csv,250,4,GA,0.43181975283029667,0.996,249,0.7249012358485167,0.104,1.0920456000021659
455_UAV_3D_250_users_connect.csv,250,4,PSO,0.44966341433141604,1.0,250,0.6996829283429196,0.052,1.1547601000056602
455_UAV_3D_250_users_connect.csv,250,4,WOA,0.4022167921346078,0.992,248,0.6969160393269606,0.268,0.9145921000163071
455_UAV_3D_250_users_connect.csv,250,4,H-PSO-GA,0.4511132223381999,0.996,249,0.6844338883090008,0.048,0.8712518999818712
455_UAV_3D_250_users_connect.csv,250,4,H-WOA-PSO,0.4397919454677539,0.996,249,0.7050402726612306,0.084,0.8011613999842666
455_UAV_3D_250_users_connect.csv,250,4,I-WOA,0.42659076423086356,0.976,244,0.7510461788456821,0.044,4.440936799976043
462_UAV_3D_100_users_connect.csv,100,4,GA,0.4516825315287505,1.0,100,0.6915873423562473,0.05,0.7075696000247262
462_UAV_3D_100_users_connect.csv,100,4,PSO,0.45222516556291387,1.0,100,0.6688741721854304,0.07,0.38568369997665286
462_UAV_3D_100_users_connect.csv,100,4,WOA,0.44238438026278604,0.99,99,0.7180780986860695,0.04,0.40388449997408316
462_UAV_3D_100_users_connect.csv,100,4,H-PSO-GA,0.46171932340877664,1.0,100,0.6714033829561166,0.02,0.45380609994754195
462_UAV_3D_100_users_connect.csv,100,4,H-WOA-PSO,0.4538547565549254,1.0,100,0.7107262172253728,0.02,0.49353350000455976
462_UAV_3D_100_users_connect.csv,100,4,I-WOA,0.439581865609111,1.0,100,0.7420906719544448,0.06,1.7619898000266403
461_UAV_3D_50_users_connect.csv,50,4,GA,0.4419305099406486,1.0,50,0.7303474502967569,0.06,0.49237679998623207
461_UAV_3D_50_users_connect.csv,50,4,PSO,0.4582249668792296,1.0,50,0.6688751656038519,0.04,0.4383043999550864
461_UAV_3D_50_users_connect.csv,50,4,WOA,0.4463951095079934,1.0,50,0.7280244524600329,0.04,0.6618376999977045
461_UAV_3D_50_users_connect.csv,50,4,H-PSO-GA,0.4620115945347927,1.0,50,0.6699420273260362,0.02,0.7588779999641702
461_UAV_3D_50_users_connect.csv,50,4,H-WOA-PSO,0.4447115232726332,1.0,50,0.736442383636834,0.04,0.7587493999744765
461_UAV_3D_50_users_connect.csv,50,4,I-WOA,0.44181231347535466,0.98,49,0.6909384326232263,0.04,1.650914300000295
456_UAV_3D_300_users_connect.csv,300,4,GA,0.4265707594194402,1.0,300,0.6971462029027985,0.17,1.0530154000152834
456_UAV_3D_300_users_connect.csv,300,4,PSO,0.43685311222060136,0.9866666666666667,296,0.7024011055636596,0.07333333333333333,0.7706883999635465
456_UAV_3D_300_users_connect.csv,300,4,WOA,0.43137232878548054,0.9766666666666667,293,0.6864716894059305,0.08666666666666667,0.7796511999913491
456_UAV_3D_300_users_connect.csv,300,4,H-PSO-GA,0.4412238874020147,0.99,297,0.6838805629899263,0.08,0.8075333000160754
456_UAV_3D_300_users_connect.csv,300,4,H-WOA-PSO,0.4388896705761652,0.98,294,0.6688849804525073,0.07666666666666666,1.0657068999717012
456_UAV_3D_300_users_connect.csv,300,4,I-WOA,0.45035628854809795,0.9966666666666667,299,0.6982185572595101,0.04,6.578444399987347
457_UAV_3D_350_users_connect.csv,350,4,GA,0.429278229283764,1.0,350,0.7050374250097512,0.14857142857142858,0.9593136999756098
457_UAV_3D_350_users_connect.csv,350,4,PSO,0.4309122398801972,1.0,350,0.6968673720275852,0.14857142857142858,0.7276023000013083
457_UAV_3D_350_users_connect.csv,350,4,WOA,0.43926343965852815,0.98,343,0.6693970874216447,0.07428571428571429,0.737709199951496
457_UAV_3D_350_users_connect.csv,350,4,H-PSO-GA,0.42951412567432856,1.0,350,0.7038579430569284,0.14857142857142858,1.0168339000083506
457_UAV_3D_350_users_connect.csv,350,4,H-WOA-PSO,0.430514371079759,1.0,350,0.7017138588869194,0.1457142857142857,1.2249875999987125
457_UAV_3D_350_users_connect.csv,350,4,I-WOA,0.42748486869173424,1.0,350,0.7054327993984716,0.15714285714285714,6.435066799982451
463_UAV_3D_150_users_connect.csv,150,4,GA,0.45231847158015254,1.0,150,0.6917409754325702,0.04666666666666667,0.93048350000754
463_UAV_3D_150_users_connect.csv,150,4,PSO,0.4590679574990992,1.0,150,0.6779935458378372,0.02666666666666667,0.5806093999999575
463_UAV_3D_150_users_connect.csv,150,4,WOA,0.4487045949208566,1.0,150,0.7098103587290501,0.04666666666666667,0.4087213999591768
463_UAV_3D_150_users_connect.csv,150,4,H-PSO-GA,0.4557613016374724,1.0,150,0.6811934918126378,0.04,0.4778729000245221
463_UAV_3D_150_users_connect.csv,150,4,H-WOA-PSO,0.45822516556291387,1.0,150,0.6688741721854304,0.04,0.46437599998898804
463_UAV_3D_150_users_connect.csv,150,4,I-WOA,0.4510807601756912,0.9933333333333333,149,0.6845961991215439,0.04,3.866432500013616
458_UAV_3D_400_users_connect.csv,400,4,GA,0.45255775141786597,1.0,400,0.6847112429106699,0.0525,0.8849825999932364
458_UAV_3D_400_users_connect.csv,400,4,PSO,0.4561847432911139,1.0,400,0.6690762835444303,0.05,0.8099861000082456
458_UAV_3D_400_users_connect.csv,400,4,WOA,0.45422402409713847,0.9975,399,0.6688798795143077,0.0525,1.0771390000008978
458_UAV_3D_400_users_connect.csv,400,4,H-PSO-GA,0.45403740607292936,0.9975,399,0.6748129696353532,0.0475,0.5553236999548972
458_UAV_3D_400_users_connect.csv,400,4,H-WOA-PSO,0.45608794385964035,1.0,400,0.6695602807017982,0.05,0.8695029999944381
458_UAV_3D_400_users_connect.csv,400,4,I-WOA,0.455743214054729,1.0,400,0.6712839297263548,0.05,7.1992162999813445
465_UAV_3D_250_users_connect.csv,250,4,GA,0.4310785032928322,0.996,249,0.684607483535839,0.148,0.5940949999494478
465_UAV_3D_250_users_connect.csv,250,4,PSO,0.45167766466656106,1.0,250,0.6696116766671946,0.072,0.44333159999223426
465_UAV_3D_250_users_connect.csv,250,4,WOA,0.44661735779118406,1.0,250,0.6709132110440794,0.096,0.45342719997279346
465_UAV_3D_250_users_connect.csv,250,4,H-PSO-GA,0.4469428917930074,1.0,250,0.6892855410349629,0.076,0.7510600000387058
465_UAV_3D_250_users_connect.csv,250,4,H-WOA-PSO,0.4534251655629139,1.0,250,0.6688741721854304,0.064,0.7215855999966152
465_UAV_3D_250_users_connect.csv,250,4,I-WOA,0.45090683250857366,1.0,250,0.6694658374571317,0.076,5.193695700028911
464_UAV_3D_200_users_connect.csv,200,4,GA,0.44449705600136513,1.0,200,0.6925147199931742,0.085,0.8734695999883115
464_UAV_3D_200_users_connect.csv,200,4,PSO,0.44556582631679376,1.0,200,0.687170868416031,0.085,0.7608420000178739
464_UAV_3D_200_users_connect.csv,200,4,WOA,0.44590715182969676,1.0,200,0.6954642408515161,0.075,0.7981796999811195
464_UAV_3D_200_users_connect.csv,200,4,H-PSO-GA,0.4396180892013345,0.995,199,0.7019095539933273,0.085,0.7436529999831691
464_UAV_3D_200_users_connect.csv,200,4,H-WOA-PSO,0.4433200144680771,1.0,200,0.6883999276596143,0.095,0.7465245999628678
464_UAV_3D_200_users_connect.csv,200,4,I-WOA,0.4515712272111405,1.0,200,0.677143863944297,0.065,5.369442399998661
460_UAV_3D_500_users_connect.csv,500,4,GA,0.44944554429265715,1.0,500,0.692772278536714,0.06,1.2470074000302702
460_UAV_3D_500_users_connect.csv,500,4,PSO,0.45236782450280966,1.0,500,0.6821608774859518,0.056,0.5809053999837488
460_UAV_3D_500_users_connect.csv,500,4,WOA,0.4521070201341856,1.0,500,0.6834648993290722,0.056,0.5387829999672249
460_UAV_3D_500_users_connect.csv,500,4,H-PSO-GA,0.4503335001486362,1.0,500,0.6863324992568188,0.062,0.5934307999559678
460_UAV_3D_500_users_connect.csv,500,4,H-WOA-PSO,0.45255869707351276,1.0,500,0.6812065146324361,0.056,0.6427900000126101
460_UAV_3D_500_users_connect.csv,500,4,I-WOA,0.45076143360267196,1.0,500,0.6861928319866398,0.06,7.1199593000346795
459_UAV_3D_450_users_connect.csv,450,4,GA,0.442030338328217,0.9911111111111112,446,0.6876260861366928,0.07555555555555556,1.0791474000434391
459_UAV_3D_450_users_connect.csv,450,4,PSO,0.4452855551958342,0.9977777777777778,449,0.6935722240208291,0.07333333333333333,1.0923355999984778
459_UAV_3D_450_users_connect.csv,450,4,WOA,0.44066870192121216,0.9955555555555555,448,0.718878712616161,0.06444444444444444,1.0037476999568753
459_UAV_3D_450_users_connect.csv,450,4,H-PSO-GA,0.4417946068143032,0.9933333333333333,447,0.6865825214840394,0.08444444444444445,1.0448259999975562
459_UAV_3D_450_users_connect.csv,450,4,H-WOA-PSO,0.44643384713659484,0.9977777777777778,449,0.6944974309836927,0.06666666666666667,0.9857508999994025
459_UAV_3D_450_users_connect.csv,450,4,I-WOA,0.44232669834189475,1.0,450,0.697255397179415,0.09111111111111111,8.548245000012685
471_UAV_3D_50_users_connect.csv,50,4,GA,0.45288530751671247,1.0,50,0.6755734624164375,0.06,1.2657486999523826
471_UAV_3D_50_users_connect.csv,50,4,PSO,0.43822516556291385,1.0,50,0.6688741721854304,0.14,1.2121554999612272
471_UAV_3D_50_users_connect.csv,50,4,WOA,0.45952806016929726,1.0,50,0.7023596991535136,0.0,0.5672698999987915
471_UAV_3D_50_users_connect.csv,50,4,H-PSO-GA,0.4382243217740138,1.0,50,0.6688783911299307,0.14,0.830111899995245
471_UAV_3D_50_users_connect.csv,50,4,H-WOA-PSO,0.43822516556291385,1.0,50,0.6688741721854304,0.14,0.42245259997434914
471_UAV_3D_50_users_connect.csv,50,4,I-WOA,0.43822516556291385,1.0,50,0.6688741721854304,0.14,1.8629197999835014
467_UAV_3D_350_users_connect.csv,350,4,GA,0.44993725046138733,1.0,350,0.7045994619787778,0.045714285714285714,0.9700862999889068
467_UAV_3D_350_users_connect.csv,350,4,PSO,0.4559391005610328,0.9971428571428571,349,0.6688759257662642,0.04285714285714286,0.7102590000140481
467_UAV_3D_350_users_connect.csv,350,4,WOA,0.451437980969352,0.9942857142857143,348,0.679952952296097,0.045714285714285714,0.6911536999978125
467_UAV_3D_350_users_connect.csv,350,4,H-PSO-GA,0.45239304204599756,1.0,350,0.6837490754842979,0.054285714285714284,0.7945879000471905
467_UAV_3D_350_users_connect.csv,350,4,H-WOA-PSO,0.45600817390852033,1.0,350,0.6771019876002554,0.04285714285714286,1.1717035999754444
467_UAV_3D_350_users_connect.csv,350,4,I-WOA,0.4437565716013919,1.0,350,0.7183599991358974,0.06285714285714286,7.48369179997826
472_UAV_3D_100_users_connect.csv,100,4,GA,0.4206958553472087,1.0,100,0.6865207232639564,0.21,1.416574800037779
472_UAV_3D_100_users_connect.csv,100,4,PSO,0.4384675982269252,1.0,100,0.6776620088653736,0.13,1.0988359000184573
472_UAV_3D_100_users_connect.csv,100,4,WOA,0.41995448332649454,0.99,99,0.7002275833675272,0.17,0.7141320999944583
472_UAV_3D_100_users_connect.csv,100,4,H-PSO-GA,0.4269805113956123,1.0,100,0.6950974430219382,0.17,0.88445650000358
472_UAV_3D_100_users_connect.csv,100,4,H-WOA-PSO,0.438523801081636,1.0,100,0.6773809945918197,0.13,0.7321576999966055
472_UAV_3D_100_users_connect.csv,100,4,I-WOA,0.43312515888182923,1.0,100,0.6943742055908536,0.14,1.8982638000161387
466_UAV_3D_300_users_connect.csv,300,4,GA,0.4470031489798606,0.9966666666666667,299,0.6949842551006967,0.06,0.9190197000280023
466_UAV_3D_300_users_connect.csv,300,4,PSO,0.44454906410390016,1.0,300,0.677254679480499,0.1,0.7910971000092104
466_UAV_3D_300_users_connect.csv,300,4,WOA,0.43563870215587164,1.0,300,0.6718064892206418,0.15,0.7018885999568738
466_UAV_3D_300_users_connect.csv,300,4,H-PSO-GA,0.4446534379681377,1.0,300,0.6967328101593111,0.08,0.7877319999970496
466_UAV_3D_300_users_connect.csv,300,4,H-WOA-PSO,0.4439935380096074,0.9933333333333333,298,0.6766989766186295,0.08333333333333333,0.9750817000167444
466_UAV_3D_300_users_connect.csv,300,4,I-WOA,0.44675313439038994,0.9966666666666667,299,0.6929009947147167,0.06333333333333334,8.555403799982741
474_UAV_3D_200_users_connect.csv,200,4,GA,0.44454623618273637,1.0,200,0.6972688190863179,0.08,1.1342752000200562
474_UAV_3D_200_users_connect.csv,200,4,PSO,0.44406351534553545,0.995,199,0.6796824232723225,0.085,0.7993880999856628
474_UAV_3D_200_users_connect.csv,200,4,WOA,0.44305571508941133,1.0,200,0.6947214245529433,0.09,0.733884199988097
474_UAV_3D_200_users_connect.csv,200,4,H-PSO-GA,0.4440145120726502,1.0,200,0.6849274396367488,0.095,0.521186200028751
474_UAV_3D_200_users_connect.csv,200,4,H-WOA-PSO,0.45722516556291387,1.0,200,0.6688741721854304,0.045,0.48916510003618896
474_UAV_3D_200_users_connect.csv,200,4,I-WOA,0.4477650546599723,1.0,200,0.6961747267001385,0.065,2.674924099992495
473_UAV_3D_150_users_connect.csv,150,4,GA,0.41908592837958253,1.0,150,0.7112370247687538,0.19333333333333333,1.3454365000361577
473_UAV_3D_150_users_connect.csv,150,4,PSO,0.43738856483406774,0.9933333333333333,149,0.7063905091629944,0.08666666666666667,0.9012424000538886
473_UAV_3D_150_users_connect.csv,150,4,WOA,0.45238265700768515,1.0,150,0.6914200482949072,0.04666666666666667,0.7609140999848023
473_UAV_3D_150_users_connect.csv,150,4,H-PSO-GA,0.43093924467008815,0.98,147,0.6986371099828925,0.08666666666666667,0.7880713000195101
473_UAV_3D_150_users_connect.csv,150,4,H-WOA-PSO,0.4347806909646712,0.9866666666666667,148,0.7060965451766439,0.08,0.6187773999990895
473_UAV_3D_150_users_connect.csv,150,4,I-WOA,0.40953290832157035,0.9533333333333334,143,0.7056687917254814,0.10666666666666667,3.504858999978751
469_UAV_3D_450_users_connect.csv,450,4,GA,0.4541278473520156,1.0,450,0.6804718743510328,0.04888888888888889,1.0943289000424556
469_UAV_3D_450_users_connect.csv,450,4,PSO,0.4568918322295806,0.9977777777777778,449,0.6688741721854304,0.04,1.272716199979186
469_UAV_3D_450_users_connect.csv,450,4,WOA,0.45326751535829757,0.9955555555555555,448,0.6803290898751784,0.04,1.6701375000411645
469_UAV_3D_450_users_connect.csv,450,4,H-PSO-GA,0.45876714452058237,1.0,450,0.6794976107304214,0.02666666666666667,1.0388223999761976
469_UAV_3D_450_users_connect.csv,450,4,H-WOA-PSO,0.4529804053564632,0.9933333333333333,447,0.6728757509954616,0.042222222222222223,0.6408864000113681
469_UAV_3D_450_users_connect.csv,450,4,I-WOA,0.4501289402891707,1.0,450,0.7115775207763686,0.03777777777777778,6.8697912999778055
468_UAV_3D_400_users_connect.csv,400,4,GA,0.44868447667106554,0.9975,399,0.7115776166446726,0.0375,0.9285367000265978
468_UAV_3D_400_users_connect.csv,400,4,PSO,0.4355680078101592,0.9925,397,0.6871599609492042,0.1125,1.058436699968297
468_UAV_3D_400_users_connect.csv,400,4,WOA,0.41506361725008617,0.985,394,0.674681913749569,0.205,1.4871332999900915
468_UAV_3D_400_users_connect.csv,400,4,H-PSO-GA,0.4197256938892606,1.0,400,0.6988715305536966,0.2025,1.2339307999936864
468_UAV_3D_400_users_connect.csv,400,4,H-WOA-PSO,0.4189683582934848,0.9975,399,0.6951582085325765,0.2025,1.3202366000041366
468_UAV_3D_400_users_connect.csv,400,4,I-WOA,0.4448048969892601,0.9975,399,0.7309755150536995,0.0375,7.766361000016332
475_UAV_3D_250_users_connect.csv,250,4,GA,0.4259363745088709,0.98,245,0.7103181274556454,0.1,0.9427618000190705
475_UAV_3D_250_users_connect.csv,250,4,PSO,0.4462964214627263,1.0,250,0.6725178926863685,0.096,0.7906241999589838
475_UAV_3D_250_users_connect.csv,250,4,WOA,0.4429875648675658,0.984,246,0.6850621756621705,0.052,0.6724388000438921
475_UAV_3D_250_users_connect.csv,250,4,H-PSO-GA,0.4433741749123514,1.0,250,0.6871291254382428,0.096,0.7007123999646865
475_UAV_3D_250_users_connect.csv,250,4,H-WOA-PSO,0.4487814670150349,0.996,249,0.6920926649248252,0.052,0.8403383999830112
475_UAV_3D_250_users_connect.csv,250,4,I-WOA,0.44192261104889063,1.0,250,0.6983869447555467,0.092,4.698545099992771
470_UAV_3D_500_users_connect.csv,500,4,GA,0.44793959762832647,0.996,498,0.6783020118583678,0.07,1.4773994000279345
470_UAV_3D_500_users_connect.csv,500,4,PSO,0.4483958968606802,1.0,500,0.684020515696599,0.074,1.7582995000411756
470_UAV_3D_500_users_connect.csv,500,4,WOA,0.4448706872832839,0.994,497,0.6856465635835799,0.072,1.1768581999931484
470_UAV_3D_500_users_connect.csv,500,4,H-PSO-GA,0.44801537791810575,0.998,499,0.6779231104094711,0.076,1.0812117999885231
470_UAV_3D_500_users_connect.csv,500,4,H-WOA-PSO,0.44829804729372846,1.0,500,0.6945097635313576,0.064,0.6547283999971114
470_UAV_3D_500_users_connect.csv,500,4,I-WOA,0.44671224691508976,0.996,498,0.6804387654245513,0.074,8.458583800005727
482_UAV_3D_100_users_connect.csv,100,4,GA,0.4249316499165683,1.0,100,0.7053417504171585,0.17,0.9382098999922164
482_UAV_3D_100_users_connect.csv,100,4,PSO,0.4315264044227485,1.0,100,0.6923679778862573,0.15,1.1980673000216484
482_UAV_3D_100_users_connect.csv,100,4,WOA,0.4396231006032221,0.99,99,0.6718844969838892,0.1,1.0154960000072606
482_UAV_3D_100_users_connect.csv,100,4,H-PSO-GA,0.433833402413363,1.0,100,0.7108329879331848,0.12,0.4752668999717571
482_UAV_3D_100_users_connect.csv,100,4,H-WOA-PSO,0.44056500051563835,1.0,100,0.677174997421808,0.12,0.5066469000303186
482_UAV_3D_100_users_connect.csv,100,4,I-WOA,0.42738450578437936,1.0,100,0.693077471078103,0.17,2.9569323000032455
481_UAV_3D_50_users_connect.csv,50,4,GA,0.4387625191675483,1.0,50,0.7261874041622581,0.08,0.6710064999642782
481_UAV_3D_50_users_connect.csv,50,4,PSO,0.4662251655629139,1.0,50,0.6688741721854304,0.0,0.7916405000141822
481_UAV_3D_50_users_connect.csv,50,4,WOA,0.45422516556291387,1.0,50,0.6688741721854304,0.06,0.7993521000025794
481_UAV_3D_50_users_connect.csv,50,4,H-PSO-GA,0.4575176287449326,1.0,50,0.6724118562753368,0.04,0.8850134999956936
481_UAV_3D_50_users_connect.csv,50,4,H-WOA-PSO,0.45822516556291387,1.0,50,0.6688741721854304,0.04,1.4466254999861121
481_UAV_3D_50_users_connect.csv,50,4,I-WOA,0.45822516556291387,1.0,50,0.6688741721854304,0.04,3.9453927999711595
476_UAV_3D_300_users_connect.csv,300,4,GA,0.40808861303472965,0.9966666666666667,299,0.7062236014930181,0.24333333333333335,0.9200326999998651
476_UAV_3D_300_users_connect.csv,300,4,PSO,0.42346428115439627,1.0,300,0.6926785942280181,0.19,0.4672190000419505
476_UAV_3D_300_users_connect.csv,300,4,WOA,0.4355584988962472,0.9933333333333333,298,0.6688741721854304,0.13333333333333333,0.6642469000071287
476_UAV_3D_300_users_connect.csv,300,4,H-PSO-GA,0.4194200543479009,0.9966666666666667,299,0.6962330615938286,0.19666666666666666,0.714444299985189
476_UAV_3D_300_users_connect.csv,300,4,H-WOA-PSO,0.42182809815730277,0.9866666666666667,296,0.6775261758801524,0.17333333333333334,0.8736211999785155
476_UAV_3D_300_users_connect.csv,300,4,I-WOA,0.4223708713290761,0.9866666666666667,296,0.6814789766879528,0.16666666666666666,9.17315950000193
477_UAV_3D_350_users_connect.csv,350,4,GA,0.4566290079109792,1.0,350,0.6997121033022465,0.017142857142857144,0.6199611999909393
477_UAV_3D_350_users_connect.csv,350,4,PSO,0.45708230842005665,0.9971428571428571,349,0.6688741721854304,0.037142857142857144,0.5006106999935582
477_UAV_3D_350_users_connect.csv,350,4,WOA,0.46108843723446735,1.0,350,0.6774149566848058,0.017142857142857144,0.5162907000049017
477_UAV_3D_350_users_connect.csv,350,4,H-PSO-GA,0.45630256770423167,0.9971428571428571,349,0.6756300186216982,0.03428571428571429,0.547506999981124
477_UAV_3D_350_users_connect.csv,350,4,H-WOA-PSO,0.4622251655629139,1.0,350,0.6688741721854304,0.02,0.613381200004369
477_UAV_3D_350_users_connect.csv,350,4,I-WOA,0.4460616911107968,0.9971428571428571,349,0.7268344015888727,0.03428571428571429,12.749091700010467
479_UAV_3D_450_users_connect.csv,450,4,GA,0.42324645024514773,0.9977777777777778,449,0.7104344154409281,0.16666666666666666,0.7881666999892332
479_UAV_3D_450_users_connect.csv,450,4,PSO,0.4384279845743023,0.9977777777777778,449,0.672304521572933,0.1288888888888889,0.9271915999706835
479_UAV_3D_450_users_connect.csv,450,4,WOA,0.45505193135330313,1.0,450,0.6958514543445955,0.028888888888888888,1.1844946999917738
479_UAV_3D_450_users_connect.csv,450,4,H-PSO-GA,0.425850758786391,1.0,450,0.712968428290267,0.15777777777777777,1.7057152000488713
479_UAV_3D_450_users_connect.csv,450,4,H-WOA-PSO,0.42624912158118766,1.0,450,0.7087543920940613,0.16,1.4709466000203975
479_UAV_3D_450_users_connect.csv,450,4,I-WOA,0.44488919022785217,0.9977777777777778,449,0.7444429377496279,0.024444444444444446,8.318352700036485
483_UAV_3D_150_users_connect.csv,150,4,GA,0.4365940253099412,1.0,150,0.7103632067836274,0.10666666666666667,1.3489495000103489
483_UAV_3D_150_users_connect.csv,150,4,PSO,0.44091908273067554,1.0,150,0.7020712530132888,0.09333333333333334,1.3332960999687202
483_UAV_3D_150_users_connect.csv,150,4,WOA,0.44489283303000804,0.9933333333333333,149,0.6822025015166263,0.07333333333333333,0.9928029000293463
483_UAV_3D_150_users_connect.csv,150,4,H-PSO-GA,0.44668823957492143,0.9933333333333333,149,0.679892135458726,0.06666666666666667,0.9603579999529757
483_UAV_3D_150_users_connect.csv,150,4,H-WOA-PSO,0.45022516556291386,0.9933333333333333,149,0.6688741721854304,0.06,0.8356123000266962
483_UAV_3D_150_users_connect.csv,150,4,I-WOA,0.4397870647668064,0.9933333333333333,149,0.6810646761659676,0.1,7.364637799968477
478_UAV_3D_400_users_connect.csv,400,4,GA,0.43651509533258376,0.9975,399,0.6899245233370812,0.12,0.9140302000450902
478_UAV_3D_400_users_connect.csv,400,4,PSO,0.43619531693048885,1.0,400,0.7190234153475553,0.1,0.6718960999860428
478_UAV_3D_400_users_connect.csv,400,4,WOA,0.4264872623258169,1.0,400,0.757563688370915,0.11,0.9491064999601804
478_UAV_3D_400_users_connect.csv,400,4,H-PSO-GA,0.4402804784334124,1.0,400,0.7010976078329377,0.0975,0.8789953999803402
478_UAV_3D_400_users_connect.csv,400,4,H-WOA-PSO,0.443794006978861,0.99,396,0.6735299651056946,0.0775,1.5102826000074856
478_UAV_3D_400_users_connect.csv,400,4,I-WOA,0.4257909882168504,0.985,394,0.7185450589157477,0.1075,11.37754939997103
480_UAV_3D_500_users_connect.csv,500,4,GA,0.43196903620456384,0.998,499,0.6841548189771806,0.15,0.8711302999872714
480_UAV_3D_500_users_connect.csv,500,4,PSO,0.4341432483274194,1.0,500,0.6832837583629028,0.146,1.0799944999744184
480_UAV_3D_500_users_connect.csv,500,4,WOA,0.4275463218431331,0.996,498,0.6842683907843344,0.166,1.3683955000014976
480_UAV_3D_500_users_connect.csv,500,4,H-PSO-GA,0.42971597170654025,0.998,499,0.6794201414672987,0.166,1.442985600035172
480_UAV_3D_500_users_connect.csv,500,4,H-WOA-PSO,0.4287898619683943,0.994,497,0.680050690158028,0.158,1.015497200016398
480_UAV_3D_500_users_connect.csv,500,4,I-WOA,0.4452639002899283,0.992,496,0.6876804985503583,0.062,9.721832500013988
484_UAV_3D_200_users_connect.csv,200,4,GA,0.4124355198350133,0.995,199,0.7078224008249332,0.215,1.5179615000379272
484_UAV_3D_200_users_connect.csv,200,4,PSO,0.44850151643369285,1.0,200,0.6724924178315357,0.085,0.9843581999884918
484_UAV_3D_200_users_connect.csv,200,4,WOA,0.42335718204018735,0.995,199,0.678214089799063,0.19,1.1056722999783233
484_UAV_3D_200_users_connect.csv,200,4,H-PSO-GA,0.427056657830495,0.995,199,0.669716710847525,0.18,1.7393768000183627
484_UAV_3D_200_users_connect.csv,200,4,H-WOA-PSO,0.4272251655629139,0.995,199,0.6688741721854304,0.18,3.1314538000151515
484_UAV_3D_200_users_connect.csv,200,4,I-WOA,0.4252251655629139,0.995,199,0.6688741721854304,0.19,7.848700599977747
492_UAV_3D_100_users_connect.csv,100,4,GA,0.4167779822439583,1.0,100,0.6861100887802084,0.23,1.2900299999746494
492_UAV_3D_100_users_connect.csv,100,4,PSO,0.45711229581342355,1.0,100,0.674438520932882,0.04,0.5476078999927267
492_UAV_3D_100_users_connect.csv,100,4,WOA,0.4475047382269296,1.0,100,0.6724763088653518,0.09,0.44295239995699376
492_UAV_3D_100_users_connect.csv,100,4,H-PSO-GA,0.4590339252916069,1.0,100,0.6848303735419652,0.02,0.4906312999664806
492_UAV_3D_100_users_connect.csv,100,4,H-WOA-PSO,0.43716793843905444,0.99,99,0.6741603078047274,0.11,0.5341501000220887
492_UAV_3D_100_users_connect.csv,100,4,I-WOA,0.43812345783107143,1.0,100,0.6893827108446425,0.12,5.32130439998582
491_UAV_3D_50_users_connect.csv,50,4,GA,0.42534934484881787,1.0,50,0.6932532757559107,0.18,1.7033723999629728
491_UAV_3D_50_users_connect.csv,50,4,PSO,0.4340588572433637,1.0,50,0.6697057137831812,0.16,1.3463245000457391
491_UAV_3D_50_users_connect.csv,50,4,WOA,0.4302251655629139,1.0,50,0.6688741721854304,0.18,0.7211508000036702
491_UAV_3D_50_users_connect.csv,50,4,H-PSO-GA,0.43393220694282464,1.0,50,0.6703389652858768,0.16,0.6636600000201724
491_UAV_3D_50_users_connect.csv,50,4,H-WOA-PSO,0.4342251655629139,1.0,50,0.6688741721854304,0.16,0.49946710001677275
491_UAV_3D_50_users_connect.csv,50,4,I-WOA,0.43365454692758276,1.0,50,0.6717272653620862,0.16,4.960840200015809
485_UAV_3D_250_users_connect.csv,250,4,GA,0.447220993759836,1.0,250,0.69189503120082,0.072,1.2810978000052273
485_UAV_3D_250_users_connect.csv,250,4,PSO,0.44826290848663697,1.0,250,0.7026854575668151,0.056,1.0350405999924988
485_UAV_3D_250_users_connect.csv,250,4,WOA,0.43665599075297074,0.984,246,0.7007200462351458,0.068,1.7109242000151426
485_UAV_3D_250_users_connect.csv,250,4,H-PSO-GA,0.45156315292447274,0.996,249,0.6901842353776363,0.04,2.2249905000207946
485_UAV_3D_250_users_connect.csv,250,4,H-WOA-PSO,0.44509038560471675,1.0,250,0.726548071976416,0.048,3.4878408000222407
485_UAV_3D_250_users_connect.csv,250,4,I-WOA,0.44000122470379005,1.0,250,0.7479938764810494,0.052,9.550343199982308
486_UAV_3D_300_users_connect.csv,300,4,GA,0.45045492196795395,1.0,300,0.68772539016023,0.06,1.2844890999840572
486_UAV_3D_300_users_connect.csv,300,4,PSO,0.45420427475629194,0.9966666666666667,299,0.6723119595518732,0.04666666666666667,1.1924227999988943
486_UAV_3D_300_users_connect.csv,300,4,WOA,0.4536994853088831,1.0,300,0.6848359067889176,0.04666666666666667,1.8185779000050388
486_UAV_3D_300_users_connect.csv,300,4,H-PSO-GA,0.4560425869503296,0.9966666666666667,299,0.6697870652483517,0.04,0.755475000012666
486_UAV_3D_300_users_connect.csv,300,4,H-WOA-PSO,0.4515536469055404,1.0,300,0.705565098805631,0.03666666666666667,2.564896999974735
486_UAV_3D_300_users_connect.csv,300,4,I-WOA,0.4518521742663917,1.0,300,0.6907391286680414,0.05,11.510726100008469
489_UAV_3D_450_users_connect.csv,450,4,GA,0.43239300142421455,0.9977777777777778,449,0.6913683262122604,0.14,0.755089600046631
489_UAV_3D_450_users_connect.csv,450,4,PSO,0.4371500884431431,1.0,450,0.7009162244509507,0.11333333333333333,0.9328225000062957
489_UAV_3D_450_users_connect.csv,450,4,WOA,0.4342659679249135,0.98,441,0.6731146048198764,0.09555555555555556,0.8038556999526918
489_UAV_3D_450_users_connect.csv,450,4,H-PSO-GA,0.4387778071009343,0.9955555555555555,448,0.674999853384217,0.11777777777777777,0.7493095000390895
489_UAV_3D_450_users_connect.csv,450,4,H-WOA-PSO,0.43111405445180273,0.9733333333333334,438,0.6688741721854304,0.09555555555555556,0.7316267000278458
489_UAV_3D_450_users_connect.csv,450,4,I-WOA,0.4453016287268558,1.0,450,0.6757140785879431,0.09777777777777778,11.20395819999976
487_UAV_3D_350_users_connect.csv,350,4,GA,0.4392159758461782,1.0,350,0.6810629779119658,0.12285714285714286,1.7342727000359446
487_UAV_3D_350_users_connect.csv,350,4,PSO,0.44849769195471156,1.0,350,0.6717972545121565,0.08571428571428572,1.162458200007677
487_UAV_3D_350_users_connect.csv,350,4,WOA,0.44905809727509133,1.0,350,0.6689952279102576,0.08571428571428572,3.65886429999955
487_UAV_3D_350_users_connect.csv,350,4,H-PSO-GA,0.44812644993133977,1.0,350,0.6736534646290154,0.08571428571428572,2.095389499969315
487_UAV_3D_350_users_connect.csv,350,4,H-WOA-PSO,0.448888881007254,1.0,350,0.6698413092494444,0.08571428571428572,1.6536998999654315
487_UAV_3D_350_users_connect.csv,350,4,I-WOA,0.4416518762706588,0.9942857142857143,348,0.6717406186467054,0.10285714285714286,9.543392400024459
488_UAV_3D_400_users_connect.csv,400,4,GA,0.43140010436402126,0.995,398,0.7054994781798936,0.1225,3.24404829996638
488_UAV_3D_400_users_connect.csv,400,4,PSO,0.43547834947955527,0.9975,399,0.6801082526022236,0.135,1.5583295000251383
488_UAV_3D_400_users_connect.csv,400,4,WOA,0.44473761409939017,0.995,398,0.706311929503049,0.055,0.8699050999712199
488_UAV_3D_400_users_connect.csv,400,4,H-PSO-GA,0.4531630371391781,0.9975,399,0.6691848143041095,0.0575,0.7989362999796867
488_UAV_3D_400_users_connect.csv,400,4,H-WOA-PSO,0.45038730264845367,0.9975,399,0.6905634867577317,0.05,0.6947130999760702
488_UAV_3D_400_users_connect.csv,400,4,I-WOA,0.450099886217408,1.0,400,0.6920005689129599,0.0575,10.86358340003062
490_UAV_3D_500_users_connect.csv,500,4,GA,0.44399058410640824,0.998,499,0.7040470794679587,0.07,3.7556078999768943
490_UAV_3D_500_users_connect.csv,500,4,PSO,0.4566251655629139,0.998,499,0.6688741721854304,0.042,1.5048629000084475
490_UAV_3D_500_users_connect.csv,500,4,WOA,0.4595272679852834,0.998,499,0.6703636600735827,0.026,0.7700636999798007
490_UAV_3D_500_users_connect.csv,500,4,H-PSO-GA,0.45995804609814295,1.0,500,0.6702097695092849,0.03,0.7494908000226133
490_UAV_3D_500_users_connect.csv,500,4,H-WOA-PSO,0.44929786141537825,1.0,500,0.7115106929231083,0.042,0.7121585000422783
490_UAV_3D_500_users_connect.csv,500,4,I-WOA,0.44919300080915625,0.998,499,0.7080349959542185,0.04,10.58976669999538
495_UAV_3D_250_users_connect.csv,250,4,GA,0.419057338800224,0.996,249,0.73671330599888,0.156,1.2679273000103422
495_UAV_3D_250_users_connect.csv,250,4,PSO,0.42945219919832006,1.0,250,0.6847390040083993,0.168,0.5709267999627627
495_UAV_3D_250_users_connect.csv,250,4,WOA,0.4226242809641189,1.0,250,0.6748785951794053,0.212,0.5396114999894053
495_UAV_3D_250_users_connect.csv,250,4,H-PSO-GA,0.42257399107703564,1.0,250,0.6991300446148215,0.188,0.5898728999891318
495_UAV_3D_250_users_connect.csv,250,4,H-WOA-PSO,0.41678669063077933,0.988,247,0.800066546846103,0.08,0.616925899987109
495_UAV_3D_250_users_connect.csv,250,4,I-WOA,0.42635166707799055,1.0,250,0.6922416646100469,0.176,9.206817600002978
493_UAV_3D_150_users_connect.csv,150,4,GA,0.4444376057832159,0.9933333333333333,149,0.6978119710839205,0.06,1.6046253999811597
493_UAV_3D_150_users_connect.csv,150,4,PSO,0.44470894519521575,1.0,150,0.6697886073572545,0.10666666666666667,0.7567804999998771
493_UAV_3D_150_users_connect.csv,150,4,WOA,0.43520480790258037,0.9933333333333333,149,0.6773092938204314,0.12666666666666668,0.5818812999641523
493_UAV_3D_150_users_connect.csv,150,4,H-PSO-GA,0.44406445826105106,1.0,150,0.6730110420280779,0.10666666666666667,0.5590000000083819
493_UAV_3D_150_users_connect.csv,150,4,H-WOA-PSO,0.46355849889624723,1.0,150,0.6688741721854304,0.013333333333333334,0.8225942000281066
493_UAV_3D_150_users_connect.csv,150,4,I-WOA,0.42535839063301606,0.9933333333333333,149,0.7332080468349194,0.12,9.021862699999474
494_UAV_3D_200_users_connect.csv,200,4,GA,0.4469807741553429,1.0,200,0.7100961292232854,0.055,1.4341714999754913
494_UAV_3D_200_users_connect.csv,200,4,PSO,0.4642009370089607,1.0,200,0.6689953149551964,0.01,0.7674628999666311
494_UAV_3D_200_users_connect.csv,200,4,WOA,0.46093239185483986,1.0,200,0.6703380407258005,0.025,0.5934556000283919
494_UAV_3D_200_users_connect.csv,200,4,H-PSO-GA,0.4590668072790837,1.0,200,0.6846659636045812,0.02,0.5873556999722496
494_UAV_3D_200_users_connect.csv,200,4,H-WOA-PSO,0.45555021736967816,0.995,199,0.6722489131516091,0.035,0.849595399980899
494_UAV_3D_200_users_connect.csv,200,4,I-WOA,0.4561236216563037,1.0,200,0.6793818917184813,0.04,8.995989299961366
496_UAV_3D_300_users_connect.csv,300,4,GA,0.4315355601819555,1.0,300,0.6923221990902222,0.15,0.6589628000510857
496_UAV_3D_300_users_connect.csv,300,4,PSO,0.42124799110653155,0.99,297,0.7037600444673422,0.16,2.3005434999940917
496_UAV_3D_300_users_connect.csv,300,4,WOA,0.4318454798093271,1.0,300,0.704105934286698,0.13666666666666666,0.5935316999675706
496_UAV_3D_300_users_connect.csv,300,4,H-PSO-GA,0.4497419572402508,0.9933333333333333,298,0.6779568804654126,0.05333333333333334,0.6576168999890797
496_UAV_3D_300_users_connect.csv,300,4,H-WOA-PSO,0.4319828606037089,1.0,300,0.7034190303147888,0.13666666666666666,0.7118172000045888
496_UAV_3D_300_users_connect.csv,300,4,I-WOA,0.42321970753486765,0.9766666666666667,293,0.6705681289923281,0.14333333333333334,5.813513900036924
497_UAV_3D_350_users_connect.csv,350,4,GA,0.4309191456165019,0.9885714285714285,346,0.6882614147746328,0.12285714285714286,1.074568999989424
497_UAV_3D_350_users_connect.csv,350,4,PSO,0.44965267325394365,1.0,350,0.6917366337302817,0.06,0.7051522000110708
497_UAV_3D_350_users_connect.csv,350,4,WOA,0.44521779275146584,0.9857142857142858,345,0.6710538933855278,0.06,0.6089547000010498
497_UAV_3D_350_users_connect.csv,350,4,H-PSO-GA,0.44740400783762346,1.0,350,0.7001228179547396,0.06285714285714286,0.7259586000000127
497_UAV_3D_350_users_connect.csv,350,4,H-WOA-PSO,0.44622516556291386,0.9857142857142858,345,0.6688741721854304,0.05714285714285714,0.6588413999998011
497_UAV_3D_350_users_connect.csv,350,4,I-WOA,0.44622516556291386,0.9857142857142858,345,0.6688741721854304,0.05714285714285714,5.566618499986362
499_UAV_3D_450_users_connect.csv,450,4,GA,0.44138125008013046,0.9911111111111112,446,0.6908715273771252,0.07555555555555556,0.8800045999814756
499_UAV_3D_450_users_connect.csv,450,4,PSO,0.39811023871851614,0.9933333333333333,447,0.671671028629641,0.31777777777777777,0.7771170000196435
499_UAV_3D_450_users_connect.csv,450,4,WOA,0.43356203673559174,0.9733333333333334,438,0.7099675940998189,0.042222222222222223,0.9406474999850616
499_UAV_3D_450_users_connect.csv,450,4,H-PSO-GA,0.39441109598087665,1.0,450,0.7057222978733942,0.32222222222222224,0.7006351000163704
499_UAV_3D_450_users_connect.csv,450,4,H-WOA-PSO,0.3963120801987548,1.0,450,0.6962173767840033,0.32222222222222224,0.7249302999698557
499_UAV_3D_450_users_connect.csv,450,4,I-WOA,0.3939129719377785,1.0,450,0.7082129180888849,0.32222222222222224,5.681190800038166
500_UAV_3D_500_users_connect.csv,500,4,GA,0.4472721490349678,1.0,500,0.7036392548251605,0.06,0.9293545999680646
500_UAV_3D_500_users_connect.csv,500,4,PSO,0.4501844173241764,0.998,499,0.6950779133791178,0.048,0.776169300021138
500_UAV_3D_500_users_connect.csv,500,4,WOA,0.4498903242465115,0.998,499,0.6965483787674426,0.048,0.9703595000319183
500_UAV_3D_500_users_connect.csv,500,4,H-PSO-GA,0.4507852791168051,0.996,498,0.6880736044159745,0.046,0.8600727000157349
500_UAV_3D_500_users_connect.csv,500,4,H-WOA-PSO,0.45159709223226524,1.0,500,0.6900145388386737,0.052,1.2595643000095151
500_UAV_3D_500_users_connect.csv,500,4,I-WOA,0.4458659855351713,0.988,494,0.6886700723241436,0.046,5.576694699993823
498_UAV_3D_400_users_connect.csv,400,4,GA,0.4365284883939361,1.0,400,0.6973575580303192,0.12,0.7427377999993041
498_UAV_3D_400_users_connect.csv,400,4,PSO,0.44125335796869425,0.9925,397,0.6737332101565288,0.0975,0.6889961999841034
498_UAV_3D_400_users_connect.csv,400,4,WOA,0.4400356523354391,1.0,400,0.7123217383228042,0.0875,0.9108946999767795
498_UAV_3D_400_users_connect.csv,400,4,H-PSO-GA,0.4337814813682878,0.985,394,0.6735925931585607,0.1125,0.6760569000034593
498_UAV_3D_400_users_connect.csv,400,4,H-WOA-PSO,0.45522516556291387,1.0,400,0.6688741721854304,0.055,0.644554500002414
498_UAV_3D_400_users_connect.csv,400,4,I-WOA,0.43906577148621456,0.9975,399,0.6946711425689271,0.1025,8.708421499992255
